{"type":"FeatureCollection","features":[{"type":"Feature","geometry":{"type":"Polygon","coordinates":[[[139.07874384564937,35.9827049713201],[139.0810010513577,35.984049426723864],[139.08240745230813,35.98558882842762],[139.08038767878313,35.98635826775073],[139.08075682676784,35.9892476004025],[139.0803008175655,35.98938723271647],[139.0794077416433,35.98827322151532],[139.07841220069994,35.98721339595856],[139.0768623301531,35.98476957918638],[139.07805175729783,35.98420396417542],[139.07874384564937,35.9827049713201]]]},"properties":{"KEY_CODE":"11207001001","PREF":"11","CITY":"207","CITY_NAME":"秩父市","S_NAME":"日野田町一丁目","SETAI":"210"}},{"type":"Feature","geometry":{"type":"Polygon","coordinates":[[[139.08161627895535,35.97808605762313],[139.08252825412248,35.9786401784038],[139.0830448707226,35.97966065272859],[139.08365809794404,35.97968174997208],[139.08572115499882,35.983268740687954],[139.08401518264088,35.983770960497026],[139.0844341126338,35.98447152035677],[139.08286682234868,35.985357178308284],[139.08262797430248,35.98585061179951],[139.08240745230813,35.98558882842762],[139.0810010513577,35.984049426723864],[139.07874384564937,35.9827049713201],[139.07890665955648,35.981289884572945],[139.07993828673378,35.98043049157221],[139.08102607038148,35.978251489995564],[139.0808836971446,35.976694652688764],[139.0819783359314,35.976216780444624],[139.08271367457232,35.97614692195121],[139.08161627895535,35.97808605762313]]]},"properties":{"KEY_CODE":"11207001002","PREF":"11","CITY":"207","CITY_NAME":"秩父市","S_NAME":"日野田町二丁目","SETAI":"518"}},{"type":"Feature","geometry":{"type":"Polygon","coordinates":[[[139.08375778253279,35.99150221180326],[139.08279272571875,35.99190957456587],[139.08223207015385,35.99118549743889],[139.08088190104075,35.991536463482234],[139.08088622502558,35.99076026614909],[139.0803008175655,35.98938723271647],[139.08075682676784,35.9892476004025],[139.08038767878313,35.98635826775073],[139.08240745230813,35.98558882842762],[139.08262797430248,35.98585061179951],[139.08511693301259,35.988865535389905],[139.0855923341768,35.98980211552108],[139.08420201083015,35.99019744071704],[139.08433492966861,35.99100384932104],[139.08375778253279,35.99150221180326]]]},"properties":{"KEY_CODE":"11207002001","PREF":"11","CITY":"207","CITY_NAME":"秩父市","S_NAME":"野坂町一丁目","SETAI":"314"}},{"type":"Feature","geometry":{"type":"Polygon","coordinates":[[[139.08572115499882,35.983268740687954],[139.08847220154297,35.98801886037262],[139.08817387404707,35.9888704096704],[139.0855923341768,35.98980211552108],[139.08511693301259,35.988865535389905],[139.08262797430248,35.98585061179951],[139.08286682234868,35.985357178308284],[139.0844341126338,35.98447152035677],[139.08401518264088,35.983770960497026],[139.08572115499882,35.983268740687954]]]},"properties":{"KEY_CODE":"11207002002","PREF":"11","CITY":"207","CITY_NAME":"秩父市","S_NAME":"野坂町二丁目","SETAI":"294"}},{"type":"Feature","geometry":{"type":"Polygon","coordinates":[[[139.09042871812096,35.99246150734723],[139.08467820860844,35.99399676619777],[139.08463938507128,35.99376794886741],[139.0845681838219,35.99350866192115],[139.08412832276431,35.99166109051072],[139.08375778253279,35.99150221180326],[139.08433492966861,35.99100384932104],[139.08420201083015,35.99019744071704],[139.0855923341768,35.98980211552108],[139.08817387404707,35.9888704096704],[139.08847220154297,35.98801886037262],[139.08853934524606,35.98805582393319],[139.0889056572395,35.98833232396539],[139.0896422725459,35.98912558287083],[139.08971800150493,35.98964229126997],[139.09120027522977,35.99171178712243],[139.0932604371162,35.9911569765916],[139.09126047147095,35.991908206330855],[139.09309525017719,35.991904075561706],[139.09296298227304,35.99268858167354],[139.09161804412832,35.99334329438611],[139.09106366729017,35.99280060279886],[139.09083590978392,35.993815085379836],[139.09010501699802,35.99345984161985],[139.09042871812096,35.99246150734723]]]},"properties":{"KEY_CODE":"112070030","PREF":"11","CITY":"207","CITY_NAME":"秩父市","S_NAME":"熊木町","SETAI":"448"}},{"type":"Feature","geometry":{"type":"Polygon","coordinates":[[[139.08088232745897,35.9926705562241],[139.07928589380452,35.993386003171764],[139.07886727566154,35.99311683351003],[139.07577067604228,35.994611869187636],[139.07496452877115,35.993132910059025],[139.07605900546915,35.99258792603699],[139.08088622502558,35.99076026614909],[139.08088190104075,35.991536463482234],[139.08088232745897,35.9926705562241]]]},"properties":{"KEY_CODE":"11207004001","PREF":"11","CITY":"207","CITY_NAME":"秩父市","S_NAME":"上町一丁目","SETAI":"225"}},{"type":"Feature","geometry":{"type":"Polygon","coordinates":[[[139.08088622502558,35.99076026614909],[139.07605900546915,35.99258792603699],[139.07496452877115,35.993132910059025],[139.07333534306287,35.991831461254726],[139.07228164869906,35.990433282366766],[139.0726311186108,35.99045538289623],[139.07868300166578,35.98858399749728],[139.0794077416433,35.98827322151532],[139.0803008175655,35.98938723271647],[139.08088622502558,35.99076026614909]]]},"properties":{"KEY_CODE":"11207004002","PREF":"11","CITY":"207","CITY_NAME":"秩父市","S_NAME":"上町二丁目","SETAI":"353"}},{"type":"Feature","geometry":{"type":"Polygon","coordinates":[[[139.07228164869906,35.990433282366766],[139.0704316686943,35.990739765083],[139.07014161927356,35.98958168530849],[139.0710199761982,35.98841809392928],[139.07235078819159,35.98750145895256],[139.07265617042026,35.98678810190246],[139.0749704486292,35.98514430107003],[139.0768623301531,35.98476957918638],[139.07841220069994,35.98721339595856],[139.0794077416433,35.98827322151532],[139.07868300166578,35.98858399749728],[139.0726311186108,35.99045538289623],[139.07228164869906,35.990433282366766]]]},"properties":{"KEY_CODE":"11207004003","PREF":"11","CITY":"207","CITY_NAME":"秩父市","S_NAME":"上町三丁目","SETAI":"394"}},{"type":"Feature","geometry":{"type":"Polygon","coordinates":[[[139.08202491170115,35.99481918072311],[139.07989697794355,35.995706845174304],[139.07942790035978,35.996380029791034],[139.07824994966933,35.995102509147976],[139.0762913557999,35.995609412096634],[139.07577067604228,35.994611869187636],[139.07886727566154,35.99311683351003],[139.07928589380452,35.993386003171764],[139.08088232745897,35.9926705562241],[139.0811375316703,35.993864050400866],[139.08215954999304,35.993785622166556],[139.08202491170115,35.99481918072311]]]},"properties":{"KEY_CODE":"112070050","PREF":"11","CITY":"207","CITY_NAME":"秩父市","S_NAME":"中町","SETAI":"264"}},{"type":"Feature","geometry":{"type":"Polygon","coordinates":[[[139.08211800418988,35.99723278887465],[139.08189213632545,35.996873475392526],[139.07986900805798,35.99734933678697],[139.07969981527188,35.99703577243678],[139.07942790035978,35.996380029791034],[139.07989697794355,35.995706845174304],[139.08202491170115,35.99481918072311],[139.082613013855,35.99531863273306],[139.08313755339813,35.99697007666539],[139.08279348522055,35.99706093607167],[139.08211800418988,35.99723278887465]]]},"properties":{"KEY_CODE":"112070060","PREF":"11","CITY":"207","CITY_NAME":"秩父市","S_NAME":"本町","SETAI":"94"}},{"type":"Feature","geometry":{"type":"Polygon","coordinates":[[[139.0855078676402,36.00090403717323],[139.08400760356315,36.00153644421608],[139.08319652223884,36.00058597302247],[139.08223891439943,35.99831863493357],[139.08211800418988,35.99723278887465],[139.08279348522055,35.99706093607167],[139.0834817313593,35.996959306119344],[139.08388231602302,35.99862729675927],[139.0850410687673,35.99791074723569],[139.0855195242691,35.9977837332501],[139.0864923446413,35.99777196779048],[139.08757182553578,35.99895798238272],[139.08718007603915,35.99984290356912],[139.08706938738132,36.00015990447222],[139.0871101927662,36.00139423731555],[139.08640786215398,36.00095504375513],[139.0860830213229,36.00019957793805],[139.0855078676402,36.00090403717323]]]},"properties":{"KEY_CODE":"112070070","PREF":"11","CITY":"207","CITY_NAME":"秩父市","S_NAME":"宮側町","SETAI":"126"}},{"type":"Feature","geometry":{"type":"Polygon","coordinates":[[[139.0864923446413,35.99777196779048],[139.0855195242691,35.9977837332501],[139.0850410687673,35.99791074723569],[139.08388231602302,35.99862729675927],[139.0834817313593,35.996959306119344],[139.08279348522055,35.99706093607167],[139.08313755339813,35.99697007666539],[139.082613013855,35.99531863273306],[139.08283937425048,35.9945627896084],[139.08385152874922,35.99389648375333],[139.08454847183026,35.99500983775359],[139.08490607627337,35.99482412324431],[139.08517406841204,35.99473247698639],[139.0860149064936,35.99652209939591],[139.08625025064296,35.996870420526555],[139.0866373460846,35.99774936995807],[139.0864923446413,35.99777196779048]]]},"properties":{"KEY_CODE":"112070080","PREF":"11","CITY":"207","CITY_NAME":"秩父市","S_NAME":"番場町","SETAI":"147"}},{"type":"Feature","geometry":{"type":"Polygon","coordinates":[[[139.09042871812096,35.99246150734723],[139.08867009449082,35.99467903715447],[139.08769197695813,35.99536809721179],[139.08847911676247,35.99731777782452],[139.08688019343498,35.99769690521755],[139.08665669705263,35.99774634439318],[139.0866373460846,35.99774936995807],[139.08625025064296,35.996870420526555],[139.0860149064936,35.99652209939591],[139.08517406841204,35.99473247698639],[139.08490607627337,35.99482412324431],[139.08467820860844,35.99399676619777],[139.09042871812096,35.99246150734723]]]},"properties":{"KEY_CODE":"112070090","PREF":"11","CITY":"207","CITY_NAME":"秩父市","S_NAME":"上野町","SETAI":"271"}},{"type":"Feature","geometry":{"type":"Polygon","coordinates":[[[139.08490607627337,35.99482412324431],[139.08454847183026,35.99500983775359],[139.08385152874922,35.99389648375333],[139.08283937425048,35.9945627896084],[139.082613013855,35.99531863273306],[139.08202491170115,35.99481918072311],[139.08215954999304,35.993785622166556],[139.0811375316703,35.993864050400866],[139.08088232745897,35.9926705562241],[139.08088190104075,35.991536463482234],[139.08223207015385,35.99118549743889],[139.08279272571875,35.99190957456587],[139.08375778253279,35.99150221180326],[139.08412832276431,35.99166109051072],[139.0845681838219,35.99350866192115],[139.08463938507128,35.99376794886741],[139.08467820860844,35.99399676619777],[139.08490607627337,35.99482412324431]]]},"properties":{"KEY_CODE":"112070100","PREF":"11","CITY":"207","CITY_NAME":"秩父市","S_NAME":"東町","SETAI":"162"}},{"type":"Feature","geometry":{"type":"Polygon","coordinates":[[[139.08211800418988,35.99723278887465],[139.08223891439943,35.99831863493357],[139.08319652223884,36.00058597302247],[139.0813189319763,36.001167765741116],[139.08047790782533,36.00179753930698],[139.08004520625266,36.00086202306044],[139.07957515319657,35.99828429882809],[139.07986900805798,35.99734933678697],[139.08189213632545,35.996873475392526],[139.08211800418988,35.99723278887465]]]},"properties":{"KEY_CODE":"112070110","PREF":"11","CITY":"207","CITY_NAME":"秩父市","S_NAME":"道生町","SETAI":"242"}},{"type":"Feature","geometry":{"type":"Polygon","coordinates":[[[139.08047790782533,36.00179753930698],[139.08017205918813,36.00199539717447],[139.0808256692412,36.00368721698758],[139.0794895566608,36.00367006869675],[139.0793924378864,36.00253587758976],[139.07853690977964,35.99973715344407],[139.07690559411972,35.998140224691966],[139.07969981527188,35.99703577243678],[139.07986900805798,35.99734933678697],[139.07957515319657,35.99828429882809],[139.08004520625266,36.00086202306044],[139.08047790782533,36.00179753930698]]]},"properties":{"KEY_CODE":"11207012001","PREF":"11","CITY":"207","CITY_NAME":"秩父市","S_NAME":"中村町一丁目","SETAI":"177"}},{"type":"Feature","geometry":{"type":"Polygon","coordinates":[[[139.0762913557999,35.995609412096634],[139.07824994966933,35.995102509147976],[139.07942790035978,35.996380029791034],[139.07969981527188,35.99703577243678],[139.07690559411972,35.998140224691966],[139.07659108976685,35.99843757538602],[139.0751421690055,35.99778191519412],[139.07429917292316,35.99629277859106],[139.07637668065232,35.99594844689142],[139.0762913557999,35.995609412096634]]]},"properties":{"KEY_CODE":"11207012002","PREF":"11","CITY":"207","CITY_NAME":"秩父市","S_NAME":"中村町二丁目","SETAI":"243"}},{"type":"Feature","geometry":{"type":"Polygon","coordinates":[[[139.07659108976685,35.99843757538602],[139.07593122132323,35.99934247591032],[139.0749381971598,35.999535930230174],[139.07447948883086,36.00122361822052],[139.07326883906694,36.00093882297584],[139.0727029046692,36.00137604170243],[139.0724549435349,36.00341164562628],[139.06948174910113,36.00209911446846],[139.0683251748633,36.00064691215927],[139.06858195949383,35.99786482726174],[139.06919062233933,35.996877526269316],[139.070112868549,35.99647596766783],[139.07008382092624,35.997354775504675],[139.07075965182324,35.996499350206726],[139.07099537612834,35.9970200437324],[139.07429917292316,35.99629277859106],[139.0751421690055,35.99778191519412],[139.07659108976685,35.99843757538602]]]},"properties":{"KEY_CODE":"11207012003","PREF":"11","CITY":"207","CITY_NAME":"秩父市","S_NAME":"中村町三丁目","SETAI":"478"}},{"type":"Feature","geometry":{"type":"Polygon","coordinates":[[[139.0794895566608,36.00367006869675],[139.0778418535392,36.00417157450325],[139.07674966117483,36.00527578698385],[139.07645359268673,36.00412488102777],[139.0724549435349,36.00341164562628],[139.0727029046692,36.00137604170243],[139.07326883906694,36.00093882297584],[139.07447948883086,36.00122361822052],[139.0749381971598,35.999535930230174],[139.07593122132323,35.99934247591032],[139.07659108976685,35.99843757538602],[139.07690559411972,35.998140224691966],[139.07853690977964,35.99973715344407],[139.0793924378864,36.00253587758976],[139.0794895566608,36.00367006869675]]]},"properties":{"KEY_CODE":"11207012004","PREF":"11","CITY":"207","CITY_NAME":"秩父市","S_NAME":"中村町四丁目","SETAI":"251"}},{"type":"Feature","geometry":{"type":"Polygon","coordinates":[[[139.07429917292316,35.99629277859106],[139.07099537612834,35.9970200437324],[139.07075965182324,35.996499350206726],[139.07008382092624,35.997354775504675],[139.070112868549,35.99647596766783],[139.06919062233933,35.996877526269316],[139.06978100274972,35.9953827316359],[139.07069919514475,35.99113082685009],[139.0704316686943,35.990739765083],[139.07228164869906,35.990433282366766],[139.07333534306287,35.991831461254726],[139.07496452877115,35.993132910059025],[139.07577067604228,35.994611869187636],[139.0762913557999,35.995609412096634],[139.07637668065232,35.99594844689142],[139.07429917292316,35.99629277859106]]]},"properties":{"KEY_CODE":"112070130","PREF":"11","CITY":"207","CITY_NAME":"秩父市","S_NAME":"近戸町","SETAI":"489"}},{"type":"Feature","geometry":{"type":"Polygon","coordinates":[[[139.08624532672985,36.00389558542136],[139.0844185269225,36.00445220038334],[139.08508371353406,36.00656056040038],[139.0847598414462,36.00646390524135],[139.08382893882137,36.00600172819366],[139.08303973501023,36.00485135134816],[139.0821145198799,36.00537451406352],[139.0812495948863,36.00570701790879],[139.0808256692412,36.00368721698758],[139.08017205918813,36.00199539717447],[139.08047790782533,36.00179753930698],[139.0813189319763,36.001167765741116],[139.08319652223884,36.00058597302247],[139.08400760356315,36.00153644421608],[139.0855078676402,36.00090403717323],[139.08515963926698,36.001737750352916],[139.0858860722544,36.003802481138955],[139.08624532672985,36.00389558542136]]]},"properties":{"KEY_CODE":"112070140","PREF":"11","CITY":"207","CITY_NAME":"秩父市","S_NAME":"桜木町","SETAI":"390"}},{"type":"Feature","geometry":{"type":"Polygon","coordinates":[[[139.08168965473928,36.01391751125047],[139.08138164719043,36.01418357709365],[139.07978219234087,36.01294735644938],[139.078781735022,36.01128731792925],[139.07799272417822,36.00867716041166],[139.07731822039972,36.007333753328055],[139.07674966117483,36.00527578698385],[139.0778418535392,36.00417157450325],[139.0794895566608,36.00367006869675],[139.0808256692412,36.00368721698758],[139.0812495948863,36.00570701790879],[139.0821145198799,36.00537451406352],[139.082728692277,36.006623815868174],[139.08201227200044,36.00763534833346],[139.08332344938006,36.008745622300566],[139.08223445386758,36.01007128840187],[139.0827130446385,36.01185900466593],[139.08241405713898,36.01394507784786],[139.08168965473928,36.01391751125047]]]},"properties":{"KEY_CODE":"112070150","PREF":"11","CITY":"207","CITY_NAME":"秩父市","S_NAME":"金室町","SETAI":"365"}},{"type":"Feature","geometry":{"type":"Polygon","coordinates":[[[139.0847598414462,36.00646390524135],[139.08676254171664,36.00861543460199],[139.08721497468952,36.00951759777988],[139.0869937935178,36.00964025434776],[139.0864117798996,36.00980754797232],[139.0863130387568,36.01107991985188],[139.08332344938006,36.008745622300566],[139.08201227200044,36.00763534833346],[139.082728692277,36.006623815868174],[139.0821145198799,36.00537451406352],[139.08303973501023,36.00485135134816],[139.08382893882137,36.00600172819366],[139.0847598414462,36.00646390524135]]]},"properties":{"KEY_CODE":"112070160","PREF":"11","CITY":"207","CITY_NAME":"秩父市","S_NAME":"永田町","SETAI":"211"}},{"type":"Feature","geometry":{"type":"Polygon","coordinates":[[[139.08711865329684,36.01218113797924],[139.08498749896643,36.013658573328335],[139.08412376573787,36.0139215435764],[139.08304028049386,36.01362405784528],[139.08241405713898,36.01394507784786],[139.0827130446385,36.01185900466593],[139.08223445386758,36.01007128840187],[139.08332344938006,36.008745622300566],[139.0863130387568,36.01107991985188],[139.08711865329684,36.01218113797924]]]},"properties":{"KEY_CODE":"112070170","PREF":"11","CITY":"207","CITY_NAME":"秩父市","S_NAME":"柳田町","SETAI":"259"}},{"type":"Feature","geometry":{"type":"Polygon","coordinates":[[[139.08835565795772,36.01472483637021],[139.08768875145645,36.01512418808664],[139.08836978444705,36.01704837662651],[139.08797161150773,36.01769639731057],[139.08833760791646,36.01976134414413],[139.08792840247196,36.02022602661191],[139.08529989415865,36.01710367341525],[139.08159552784764,36.0145672031189],[139.08168965473928,36.01391751125047],[139.08241405713898,36.01394507784786],[139.08304028049386,36.01362405784528],[139.08412376573787,36.0139215435764],[139.08498749896643,36.013658573328335],[139.08711865329684,36.01218113797924],[139.08785164700387,36.013100618445016],[139.08835565795772,36.01472483637021]]]},"properties":{"KEY_CODE":"112070180","PREF":"11","CITY":"207","CITY_NAME":"秩父市","S_NAME":"阿保町","SETAI":"233"}},{"type":"Feature","geometry":{"type":"Polygon","coordinates":[[[139.09310865023107,36.017544626977326],[139.09231412628736,36.01667842189068],[139.09216868388165,36.01869185383304],[139.09120543160316,36.0197774232382],[139.0899686250712,36.019319127053706],[139.0893860590151,36.02025830257473],[139.08833760791646,36.01976134414413],[139.08797161150773,36.01769639731057],[139.08836978444705,36.01704837662651],[139.08768875145645,36.01512418808664],[139.08835565795772,36.01472483637021],[139.0908330858546,36.014042222294506],[139.09108470944219,36.01374161115232],[139.0916467193934,36.013861472643605],[139.09310865023107,36.017544626977326]]]},"properties":{"KEY_CODE":"112070190","PREF":"11","CITY":"207","CITY_NAME":"秩父市","S_NAME":"大畑町","SETAI":"379"}},{"type":"Feature","geometry":{"type":"Polygon","coordinates":[[[139.0900526616053,36.00963957566567],[139.09046390125667,36.01067754481676],[139.08989534674137,36.011026491992965],[139.09108470944219,36.01374161115232],[139.0908330858546,36.014042222294506],[139.08835565795772,36.01472483637021],[139.08785164700387,36.013100618445016],[139.08711865329684,36.01218113797924],[139.0863130387568,36.01107991985188],[139.0864117798996,36.00980754797232],[139.0869937935178,36.00964025434776],[139.08721497468952,36.00951759777988],[139.08676254171664,36.00861543460199],[139.08727062718728,36.00816319500845],[139.0876383193312,36.00803356438722],[139.08802812950546,36.008491096279045],[139.08895223541066,36.00980053830853],[139.0900526616053,36.00963957566567]]]},"properties":{"KEY_CODE":"112070200","PREF":"11","CITY":"207","CITY_NAME":"秩父市","S_NAME":"滝の上町","SETAI":"124"}},{"type":"Feature","geometry":{"type":"Polygon","coordinates":[[[139.08767210251807,36.00450946505734],[139.08674144770086,36.004530581908696],[139.08624532672985,36.00389558542136],[139.0858860722544,36.003802481138955],[139.08515963926698,36.001737750352916],[139.0855078676402,36.00090403717323],[139.0860830213229,36.00019957793805],[139.08640786215398,36.00095504375513],[139.0871101927662,36.00139423731555],[139.08706938738132,36.00015990447222],[139.08718007603915,35.99984290356912],[139.08757182553578,35.99895798238272],[139.0864923446413,35.99777196779048],[139.0866373460846,35.99774936995807],[139.08665669705263,35.99774634439318],[139.08688019343498,35.99769690521755],[139.08847911676247,35.99731777782452],[139.08895472500086,35.99863713941879],[139.08960007406412,35.99860126954394],[139.09089966259867,35.99876435951221],[139.09114217902962,35.99968153419866],[139.09148904035607,35.999597985546394],[139.091809987817,35.99964448447329],[139.09208135114096,35.9995544739967],[139.09286753049204,36.000415394453896],[139.0933192604778,36.001173339246826],[139.09326024028456,36.0032880785787],[139.0899027279307,36.00370907616409],[139.08767210251807,36.00450946505734]]]},"properties":{"KEY_CODE":"112070210","PREF":"11","CITY":"207","CITY_NAME":"秩父市","S_NAME":"上宮地町","SETAI":"566"}},{"type":"Feature","geometry":{"type":"Polygon","coordinates":[[[139.09385791820503,36.00856430002079],[139.09274461841358,36.00987021459905],[139.0910196227894,36.00996889379985],[139.0900526616053,36.00963957566567],[139.08895223541066,36.00980053830853],[139.08802812950546,36.008491096279045],[139.0876383193312,36.00803356438722],[139.08727062718728,36.00816319500845],[139.08705557632803,36.00737792079506],[139.08850914941857,36.00699095195752],[139.08855375113404,36.005685474419835],[139.08767210251807,36.00450946505734],[139.0899027279307,36.00370907616409],[139.09326024028456,36.0032880785787],[139.0933370822153,36.003354875586446],[139.09336574972315,36.00338421743252],[139.09411917287136,36.00526783401846],[139.09366055375273,36.00555030611313],[139.09405158982557,36.00718483371446],[139.09385791820503,36.00856430002079]]]},"properties":{"KEY_CODE":"112070220","PREF":"11","CITY":"207","CITY_NAME":"秩父市","S_NAME":"中宮地町","SETAI":"514"}},{"type":"Feature","geometry":{"type":"Polygon","coordinates":[[[139.09385791820503,36.00856430002079],[139.09380611349718,36.00943313096267],[139.0947260235333,36.011980417906166],[139.09445121355543,36.0124094659253],[139.0948183441556,36.01511385414917],[139.09475263601152,36.01632526571364],[139.09317465697586,36.017093292654614],[139.09310865023107,36.017544626977326],[139.0916467193934,36.013861472643605],[139.09108470944219,36.01374161115232],[139.08989534674137,36.011026491992965],[139.09046390125667,36.01067754481676],[139.0900526616053,36.00963957566567],[139.0910196227894,36.00996889379985],[139.09274461841358,36.00987021459905],[139.09385791820503,36.00856430002079]]]},"properties":{"KEY_CODE":"112070230","PREF":"11","CITY":"207","CITY_NAME":"秩父市","S_NAME":"下宮地町","SETAI":"134"}},{"type":"Feature","geometry":{"type":"Polygon","coordinates":[[[139.08727062718728,36.00816319500845],[139.08676254171664,36.00861543460199],[139.0847598414462,36.00646390524135],[139.08508371353406,36.00656056040038],[139.0844185269225,36.00445220038334],[139.08624532672985,36.00389558542136],[139.08674144770086,36.004530581908696],[139.08767210251807,36.00450946505734],[139.08855375113404,36.005685474419835],[139.08850914941857,36.00699095195752],[139.08705557632803,36.00737792079506],[139.08727062718728,36.00816319500845]]]},"properties":{"KEY_CODE":"112070240","PREF":"11","CITY":"207","CITY_NAME":"秩父市","S_NAME":"相生町","SETAI":"202"}},{"type":"Feature","geometry":{"type":"Polygon","coordinates":[[[139.0589073248414,35.998376794454],[139.05785579283128,35.998269310706256],[139.05581887625507,35.9969754790056],[139.05522601994744,35.995693746721656],[139.0533770841381,35.99520371861976],[139.05294401908023,35.993535561633266],[139.05207469510674,35.99285664663157],[139.0505039181071,35.99212310331282],[139.0497677719886,35.99136070595439],[139.04871744424315,35.99034743152457],[139.04981204384424,35.98961745571094],[139.05056838719264,35.987867992100206],[139.05135256163976,35.987930469937524],[139.05204427791506,35.986807194943616],[139.0547915826228,35.9865534087985],[139.05534540727666,35.985764555770366],[139.0573532417942,35.985675759295646],[139.0587803312746,35.98448742294124],[139.0612280542219,35.98327706521592],[139.0644906642828,35.98668090898129],[139.0669983194951,35.98865890758945],[139.0700402877059,35.990335415299796],[139.0704316686943,35.990739765083],[139.07069919514475,35.99113082685009],[139.06978100274972,35.9953827316359],[139.06919062233933,35.996877526269316],[139.06858195949383,35.99786482726174],[139.0668498827658,35.99734506251611],[139.06637919487716,35.996598741505906],[139.06586933557938,35.99729298224345],[139.0627493800324,35.996777879542],[139.06068691357996,35.99782835673317],[139.06013410522533,35.99734371716312],[139.0589073248414,35.998376794454]]]},"properties":{"KEY_CODE":"112070250","PREF":"11","CITY":"207","CITY_NAME":"秩父市","S_NAME":"別所","SETAI":"182"}},{"type":"Feature","properties":{"KEY_CODE":"11207026001","PREF":"11","CITY":"207","CITY_NAME":"秩父市","S_NAME":"寺尾","SETAI":"1197"},"geometry":{"type":"Polygon","coordinates":[[[139.0589073248414,35.998376794454],[139.06013410522533,35.99734371716312],[139.06068691357996,35.99782835673317],[139.0627493800324,35.996777879542],[139.06586933557938,35.99729298224345],[139.06637919487716,35.996598741505906],[139.0668498827658,35.99734506251611],[139.06858195949383,35.99786482726174],[139.0683251748633,36.00064691215927],[139.06948174910113,36.00209911446846],[139.0724549435349,36.00341164562628],[139.07645359268673,36.00412488102777],[139.07674966117483,36.00527578698385],[139.07731822039972,36.007333753328055],[139.07799272417822,36.00867716041166],[139.078781735022,36.01128731792925],[139.07978219234087,36.01294735644938],[139.08138164719043,36.01418357709365],[139.08168965473928,36.01391751125047],[139.08159552784764,36.0145672031189],[139.08529989415865,36.01710367341525],[139.08792840247196,36.02022602661191],[139.0896249448355,36.02281223287078],[139.0898494637995,36.02422072584216],[139.08885572069855,36.02714549429641],[139.0869557271887,36.02800320835112],[139.08588870268377,36.02887718295821],[139.08615605118553,36.02961828520024],[139.0883346209381,36.03142834134231],[139.08959308209015,36.03202631460726],[139.09078821726163,36.03310230992631],[139.09166554934427,36.03470123838837],[139.093241045361,36.03952955122548],[139.09545816731702,36.041851035362285],[139.09794353483642,36.04241441470861],[139.09889025541838,36.04288561770857],[139.09932809068908,36.04389754621982],[139.09916778420308,36.045041005351294],[139.09869457895286,36.04770909160161],[139.09897631558485,36.049681970727335],[139.09842092546316,36.054702407203685],[139.09566021310005,36.054304793000476],[139.09539742148058,36.05331488204575],[139.09345683762436,36.05184514827857],[139.09392567141046,36.04961114780577],[139.09338121879244,36.04688365156677],[139.09343771279413,36.04538150185874],[139.09229093924236,36.04631160142127],[139.09134753686487,36.04428540100081],[139.0903700466861,36.04321989605692],[139.08948221865163,36.042949980285115],[139.0888840845395,36.042057226003415],[139.08796797777975,36.04184676151734],[139.0879409926536,36.041047095864684],[139.08682659715208,36.04088683183017],[139.08613373046023,36.040135370273234],[139.0858403012184,36.03889251398395],[139.08515780065858,36.03878147237359],[139.08461304771808,36.03668954155982],[139.08357413614286,36.03415872194517],[139.08293731093912,36.03324824643119],[139.08320730999174,36.03244476350818],[139.08301735756493,36.030782511705155],[139.08238127379107,36.030985840187114],[139.0815864534923,36.028916766488294],[139.08011786985523,36.0291249689821],[139.07896289932302,36.02873988708845],[139.07901470137028,36.02788767152059],[139.07770262359244,36.02584876997857],[139.07688095462996,36.02599253570795],[139.0760509750853,36.025056844971274],[139.07489443722764,36.02453654210391],[139.07372732312865,36.02300660071538],[139.07342565606143,36.021801909745484],[139.07233620826835,36.02007979316606],[139.07229043834192,36.01516979375496],[139.07055541181896,36.015867156311124],[139.0686396028027,36.01333566452202],[139.0669388953782,36.01289279304848],[139.06529494851898,36.01122472775022],[139.06434709489295,36.009564082140656],[139.0632997384174,36.00853695921188],[139.0629318615228,36.00758696822391],[139.06140356147688,36.00627690253],[139.06095011666739,36.005057197402024],[139.0600062448556,36.00438757710388],[139.0600171069556,36.00339369460466],[139.05904785399207,36.00012822519992],[139.05957478212915,35.99913849476353],[139.0589073248414,35.998376794454]]]}},{"type":"Feature","properties":{"KEY_CODE":"11207027001","PREF":"11","CITY":"207","CITY_NAME":"秩父市","S_NAME":"蒔田","SETAI":"360"},"geometry":{"type":"Polygon","coordinates":[[[139.05885320585915,36.01918626388228],[139.0605307649853,36.01964672729555],[139.06151124460973,36.018741416673166],[139.06351940848467,36.018822065081146],[139.06363748305844,36.01839031393193],[139.0658814815715,36.01766437310352],[139.066038681594,36.01541010970844],[139.0669388953782,36.01289279304848],[139.0686396028027,36.01333566452202],[139.07055541181896,36.015867156311124],[139.07229043834192,36.01516979375496],[139.07233620826835,36.02007979316606],[139.07342565606143,36.021801909745484],[139.07372732312865,36.02300660071538],[139.07489443722764,36.02453654210391],[139.0760509750853,36.025056844971274],[139.07688095462996,36.02599253570795],[139.07770262359244,36.02584876997857],[139.07901470137028,36.02788767152059],[139.07896289932302,36.02873988708845],[139.08011786985523,36.0291249689821],[139.0815864534923,36.028916766488294],[139.08238127379107,36.030985840187114],[139.08301735756493,36.030782511705155],[139.08320730999174,36.03244476350818],[139.08293731093912,36.03324824643119],[139.08357413614286,36.03415872194517],[139.08461304771808,36.03668954155982],[139.08515780065858,36.03878147237359],[139.0858403012184,36.03889251398395],[139.08613373046023,36.040135370273234],[139.08682659715208,36.04088683183017],[139.0879409926536,36.041047095864684],[139.08796797777975,36.04184676151734],[139.0888840845395,36.042057226003415],[139.08948221865163,36.042949980285115],[139.0903700466861,36.04321989605692],[139.09134753686487,36.04428540100081],[139.09229093924236,36.04631160142127],[139.09343771279413,36.04538150185874],[139.09338121879244,36.04688365156677],[139.09392567141046,36.04961114780577],[139.09345683762436,36.05184514827857],[139.09539742148058,36.05331488204575],[139.09566021310005,36.054304793000476],[139.09842092546316,36.054702407203685],[139.09814925732908,36.05552547292552],[139.0964076274064,36.057403432783566],[139.09571243777535,36.057853102860236],[139.0944497244075,36.05753770910935],[139.0944695310692,36.05710580038644],[139.09290022658436,36.055973160705896],[139.0917347041493,36.055756123112545],[139.09163014187362,36.054605678028864],[139.09071048714804,36.055533940844626],[139.0901303139005,36.05550598747414],[139.09094608194002,36.05431096241571],[139.08955607655668,36.0536437259813],[139.0873521919474,36.05367538596188],[139.08650713028334,36.053427881253],[139.0868620695022,36.05194074703779],[139.0842957175999,36.049826438225395],[139.0829831098499,36.04645132439053],[139.08088342941554,36.04724930248715],[139.08011515167698,36.04693432389132],[139.0790155673562,36.04512034637935],[139.07939470824337,36.04397991355925],[139.07912989477512,36.0431654715951],[139.07683681985665,36.04298542012341],[139.07608476385303,36.040644566580234],[139.07437353599346,36.042655618149766],[139.07298562758842,36.04346238996675],[139.07255769092453,36.04321103138742],[139.0736777980395,36.041699881021145],[139.07393975711372,36.040382631591385],[139.0712107753322,36.03925864313007],[139.071731573903,36.037820849813706],[139.07013855204391,36.03657949357206],[139.06927427778334,36.038303885878605],[139.06775359396622,36.03913374637873],[139.06600332417122,36.03564767187904],[139.0678744994045,36.03394085822875],[139.06619980576934,36.03017104226895],[139.06446717420954,36.026868486989066],[139.0643195130537,36.025694728013484],[139.0628195634772,36.025052376734216],[139.06276691769813,36.023611669958164],[139.0606158109176,36.022383852725156],[139.06073672624223,36.021698611580305],[139.05885320585915,36.01918626388228]]]}},{"type":"Feature","geometry":{"type":"Polygon","coordinates":[[[139.0669388953782,36.01289279304848],[139.066038681594,36.01541010970844],[139.0658814815715,36.01766437310352],[139.06363748305844,36.01839031393193],[139.06351940848467,36.018822065081146],[139.06151124460973,36.018741416673166],[139.0605307649853,36.01964672729555],[139.05885320585915,36.01918626388228],[139.05861407204492,36.017365107122345],[139.05683431286812,36.016475464817596],[139.05573712268261,36.01854949084836],[139.05318768002346,36.01762070645273],[139.0540023362283,36.01564916358096],[139.05315555726455,36.01576608771973],[139.0507168578613,36.013367938454095],[139.05072043216558,36.01237299250018],[139.04985478039768,36.01283354445638],[139.0496459289159,36.012920006357746],[139.04895017731025,36.01210494043549],[139.0490368201117,36.01182666660732],[139.04874117244034,36.01155873927554],[139.04979043363346,36.010301801308955],[139.04968457651913,36.00858255037812],[139.04908187571382,36.008579378488854],[139.0494211406758,36.00786519294602],[139.04945699697117,36.007602266845325],[139.04940478928106,36.00750008404738],[139.04928045161788,36.00739202157153],[139.04881484921196,36.00714202809437],[139.04863682883735,36.007082279638546],[139.0485183769314,36.00705446520784],[139.04859210999768,36.006888220598796],[139.04846265497827,36.006630519184654],[139.0484047523504,36.00654362094554],[139.0482729161113,36.006413877261906],[139.04824755719665,36.006392984231724],[139.0480958106334,36.00637576624168],[139.04798369641128,36.00638224008062],[139.04792264748076,36.0063863454745],[139.04789206000552,36.006332972290345],[139.0478663870306,36.00623817436674],[139.04782024941034,36.00608285946357],[139.04777103581338,36.006011338864944],[139.04766666463556,36.00590881464772],[139.0476373993184,36.005835623011784],[139.04737492572738,36.00545448144206],[139.04734846403431,36.00543988825553],[139.04722902746107,36.00540666002627],[139.04720722489557,36.00536776356082],[139.04720935387414,36.005256926423584],[139.04717690244237,36.00517289913957],[139.04713748462513,36.00512757888136],[139.04705361433864,36.005081966762575],[139.04672591197246,36.00505115205852],[139.04655194632383,36.004887625783105],[139.04652154713736,36.00481532936584],[139.04637477854612,36.00462691714488],[139.04618367191384,36.00454996758527],[139.04596221994856,36.00450977045762],[139.04585016117423,36.00442267439781],[139.0458252510387,36.00433854457449],[139.0457917642263,36.004245498821],[139.04573575576853,36.00418655328789],[139.0456452580808,36.0041363949125],[139.0454384750176,36.004076464947154],[139.04518394594135,36.00401622270313],[139.04504976676253,36.00389638166912],[139.04497611771725,36.00383371735472],[139.04489994330086,36.00378996050511],[139.04485134519834,36.003770716682936],[139.04474071435845,36.003741154597215],[139.04457801372553,36.00371034987867],[139.04449630288588,36.00366565546833],[139.04439824679142,36.00360012523177],[139.04418215214633,36.003465329051295],[139.0440975122936,36.00339267641052],[139.04406322644647,36.00338073612025],[139.04395224072965,36.0033872196857],[139.0437543935129,36.00343188774808],[139.0436966298341,36.0034369174099],[139.04356606052653,36.00330296774283],[139.0434375698239,36.00314292904655],[139.04295253490184,36.003021861680196],[139.04269662022375,36.00308482181172],[139.04256740321662,36.00297225603636],[139.04185820112622,36.00239578843196],[139.0415436680656,36.002174693178006],[139.0410464785742,36.00203086841058],[139.04089957619095,36.001972015450804],[139.04055395194595,36.00177570448607],[139.0402575573081,36.001735542310804],[139.04019502652355,36.001549166461494],[139.0401882625337,36.00152352673038],[139.04032416844456,36.00141590971392],[139.04069242007822,36.00120976419637],[139.0410081043555,36.001052443901614],[139.0415114119611,36.00067505422285],[139.0416203054089,36.000590700295504],[139.0418548826879,36.000293115570635],[139.0420499703954,35.99994903775675],[139.04233484526935,35.999515856664786],[139.0424751571284,35.999303641398576],[139.04272151736225,35.99867279884948],[139.04301065985518,35.99842873554122],[139.0431149282048,35.9983646917971],[139.04367228375088,35.99803824632915],[139.04375195335479,35.997920416600316],[139.04404261980835,35.99746877826499],[139.04421133623896,35.99726599483597],[139.04419172753873,35.9969615691431],[139.04465231622268,35.99660502620921],[139.0454548493308,35.99617408479425],[139.04608934728307,35.99582397373415],[139.0465842261675,35.99547638128427],[139.04729010611163,35.9947596115678],[139.04833447884735,35.99408854521604],[139.04883527996338,35.99407413135211],[139.04956974257462,35.993913872579654],[139.05029574325806,35.993767848310064],[139.0506553883144,35.993472951123586],[139.05088898733902,35.99333299896127],[139.05146593124454,35.993091715099666],[139.05207469510674,35.99285664663157],[139.05294401908023,35.993535561633266],[139.0533770841381,35.99520371861976],[139.05522601994744,35.995693746721656],[139.05581887625507,35.9969754790056],[139.05785579283128,35.998269310706256],[139.0589073248414,35.998376794454],[139.05957478212915,35.99913849476353],[139.05904785399207,36.00012822519992],[139.0600171069556,36.00339369460466],[139.0600062448556,36.00438757710388],[139.06095011666739,36.005057197402024],[139.06140356147688,36.00627690253],[139.0629318615228,36.00758696822391],[139.0632997384174,36.00853695921188],[139.06434709489295,36.009564082140656],[139.06529494851898,36.01122472775022],[139.0669388953782,36.01289279304848]]]},"properties":{"KEY_CODE":"112070280","PREF":"11","CITY":"207","CITY_NAME":"秩父市","S_NAME":"田村","SETAI":"119"}},{"type":"Feature","properties":{"KEY_CODE":"11207029001","PREF":"11","CITY":"207","CITY_NAME":"秩父市","S_NAME":"大野原","SETAI":"2712"},"geometry":{"type":"Polygon","coordinates":[[[139.08588870268377,36.02887718295821],[139.0869557271887,36.02800320835112],[139.08885572069855,36.02714549429641],[139.0898494637995,36.02422072584216],[139.0896249448355,36.02281223287078],[139.08792840247196,36.02022602661191],[139.08833760791646,36.01976134414413],[139.0893860590151,36.02025830257473],[139.0899686250712,36.019319127053706],[139.09120543160316,36.0197774232382],[139.09216868388165,36.01869185383304],[139.09231412628736,36.01667842189068],[139.09310865023107,36.017544626977326],[139.09317465697586,36.017093292654614],[139.09475263601152,36.01632526571364],[139.09510294971017,36.016109817368786],[139.09655871371987,36.01694405208627],[139.09822111100868,36.015357410971724],[139.09913774622083,36.01587934367675],[139.1007022211744,36.01608595765852],[139.1005575717414,36.01536389491531],[139.10170431583535,36.016891495402],[139.10246335075198,36.0176178129299],[139.1030959768875,36.020262766252344],[139.10535924096456,36.02162609524806],[139.1052534992164,36.022351318042915],[139.10615954437827,36.023165460314424],[139.1083841164943,36.0265999364575],[139.10918213522083,36.027244894029096],[139.1061384564409,36.028413657283934],[139.10435231578836,36.030168829910075],[139.102554535144,36.031391676835646],[139.10201095674492,36.032222970307174],[139.10261496713613,36.03312690609681],[139.1054433267813,36.03427450760499],[139.10717599064765,36.03552220728852],[139.10744682808374,36.03660331203642],[139.10856601672032,36.03886721828403],[139.10746913084552,36.039580371610796],[139.10632785381426,36.03946408324038],[139.1051384796756,36.03988459154282],[139.10371298478637,36.04013917399537],[139.1031702511173,36.04013149388675],[139.10256749590155,36.04092730154428],[139.10241408355893,36.04145933611079],[139.1009760024354,36.04351121334129],[139.09916778420308,36.045041005351294],[139.09932809068908,36.04389754621982],[139.09889025541838,36.04288561770857],[139.09794353483642,36.04241441470861],[139.09545816731702,36.041851035362285],[139.093241045361,36.03952955122548],[139.09166554934427,36.03470123838837],[139.09078821726163,36.03310230992631],[139.08959308209015,36.03202631460726],[139.0883346209381,36.03142834134231],[139.08615605118553,36.02961828520024],[139.08588870268377,36.02887718295821]]]}},{"type":"Feature","properties":{"KEY_CODE":"11207030001","PREF":"11","CITY":"207","CITY_NAME":"秩父市","S_NAME":"黒谷","SETAI":"908"},"geometry":{"type":"Polygon","coordinates":[[[139.0964076274064,36.057403432783566],[139.09814925732908,36.05552547292552],[139.09842092546316,36.054702407203685],[139.09897631558485,36.049681970727335],[139.09869457895286,36.04770909160161],[139.09916778420308,36.045041005351294],[139.1009760024354,36.04351121334129],[139.10241408355893,36.04145933611079],[139.10256749590155,36.04092730154428],[139.1031702511173,36.04013149388675],[139.10371298478637,36.04013917399537],[139.1051384796756,36.03988459154282],[139.10632785381426,36.03946408324038],[139.10746913084552,36.039580371610796],[139.10856601672032,36.03886721828403],[139.10744682808374,36.03660331203642],[139.10717599064765,36.03552220728852],[139.1054433267813,36.03427450760499],[139.10261496713613,36.03312690609681],[139.10201095674492,36.032222970307174],[139.102554535144,36.031391676835646],[139.10435231578836,36.030168829910075],[139.1061384564409,36.028413657283934],[139.10918213522083,36.027244894029096],[139.11165302221744,36.028486978210445],[139.11222789161462,36.02844650217475],[139.11390829943187,36.02830973698799],[139.11197772210292,36.03007846891099],[139.11197026497962,36.03160596322647],[139.11278088271462,36.03241587663884],[139.1147548507948,36.033268414361096],[139.1167975545741,36.035065555228876],[139.1204529934689,36.035865016976345],[139.12109303485872,36.03719192655887],[139.1219440842074,36.037552129639145],[139.12423545610181,36.03787634468428],[139.12582696398033,36.038835976257985],[139.12596829298045,36.03897999623117],[139.125293849642,36.03928980937344],[139.12498598976964,36.039518007010614],[139.1248274199275,36.039629795559485],[139.12430742969633,36.03987044836955],[139.12394546538982,36.039968067231435],[139.12388977685782,36.040024523547714],[139.12360334449542,36.04035220689126],[139.12355349259087,36.04038129257093],[139.12322400802307,36.04042405228017],[139.1228756353232,36.04074090807688],[139.12263372386377,36.041502630739096],[139.1222839711296,36.04186155922139],[139.12216858241683,36.04217466646534],[139.12192748963278,36.04247224034529],[139.121145694506,36.042682418837366],[139.12052077369347,36.04291250181358],[139.1201683447009,36.042998473881575],[139.11978565192084,36.04331133502899],[139.11950529168516,36.04372202203603],[139.1194334305904,36.04436525756789],[139.11940971224553,36.044568126016586],[139.11917441074192,36.04506746439193],[139.1191667573071,36.04557039939205],[139.11869991094812,36.04640142497217],[139.11893020927863,36.04679428094734],[139.11895127985656,36.047068122117594],[139.11907944537666,36.04734047661743],[139.11913067281827,36.04745748560608],[139.11898266887553,36.04749586005316],[139.11845468579358,36.04787013391334],[139.1182204645739,36.04799846663813],[139.11752675332943,36.04886537882803],[139.1171500332517,36.04934798469052],[139.11700463532972,36.04982665735076],[139.11715199795955,36.05043545097078],[139.11697996661925,36.050819546587604],[139.11673656191277,36.051300819352115],[139.11660368349925,36.051832622006536],[139.1163778776096,36.052390380158386],[139.11623245584101,36.0525783587834],[139.11612180834896,36.05267955594826],[139.11591946112367,36.0529488887634],[139.11557149471358,36.05313073015326],[139.11553265154353,36.05361861487377],[139.11516285766646,36.054811748959004],[139.1153391458271,36.055423750381706],[139.11472538484261,36.05602244200064],[139.11429893130676,36.05632328223021],[139.11372061482965,36.056846402277074],[139.1134438428272,36.057106955975506],[139.1131930048156,36.05741880539194],[139.11284189672526,36.05770025541449],[139.1126548898476,36.05790595654613],[139.11239030811848,36.058060085416784],[139.1121007690876,36.05821211971114],[139.11005872081736,36.05912785791281],[139.10939451232383,36.05917117844045],[139.10920638620823,36.05924174461563],[139.10881455916564,36.05947412630898],[139.1079359718652,36.05975065966742],[139.10697428351864,36.06006736073904],[139.1065819917044,36.06017896981131],[139.10623801854254,36.0602083286147],[139.1054775128777,36.059985625493844],[139.1046132284298,36.059732830920105],[139.1004586247892,36.05893517488647],[139.10030312966933,36.05881462132709],[139.0964076274064,36.057403432783566]]]}},{"type":"Feature","properties":{"KEY_CODE":"11207031001","PREF":"11","CITY":"207","CITY_NAME":"秩父市","S_NAME":"久那","SETAI":"442"},"geometry":{"type":"Polygon","coordinates":[[[139.01656470949703,35.96609339552299],[139.01658500071295,35.966006873918005],[139.01697342182797,35.96534513290287],[139.0175361448588,35.96441748039194],[139.01762087330235,35.96435628052285],[139.01776160228383,35.96426494279742],[139.0178193369816,35.96425992855466],[139.01797496871905,35.964218623216404],[139.0180974234922,35.963949965791954],[139.01812889065604,35.96390511444347],[139.0185940900266,35.96373521945568],[139.01859249476502,35.96367121585657],[139.0185662577555,35.963636790605854],[139.01849133699727,35.96359482237118],[139.01829294665754,35.963481717813096],[139.01828364971757,35.96340864903193],[139.01833064986755,35.96336931160316],[139.0187643344343,35.96345967399301],[139.0189204170228,35.96337421077721],[139.0190141560331,35.96320269770783],[139.0190265434837,35.96318565790909],[139.01946347457553,35.963060631363874],[139.0194846819317,35.96272369181775],[139.01956982541125,35.962638645305226],[139.01960541189885,35.96262266027832],[139.01986213668275,35.96256220949647],[139.01999793765268,35.9625117573245],[139.02019906812194,35.96246715119673],[139.02031230785445,35.962446286998215],[139.0204511318252,35.96242198701744],[139.0205161601404,35.96235573190478],[139.02055396124263,35.96223341069065],[139.02059452244708,35.96217149656725],[139.0207025958354,35.96211364317118],[139.02087309147788,35.962142736689046],[139.02094629524547,35.96213241418298],[139.0210923037966,35.96205769313752],[139.0211697783297,35.96195997653812],[139.0212892069766,35.96177421394815],[139.0213056353264,35.96152278574231],[139.02138567731794,35.96144499050362],[139.02147765165225,35.96134376616249],[139.02161390099747,35.96113919075961],[139.0217093315431,35.96102176344462],[139.02176228189387,35.96093379050977],[139.02200803486983,35.96053977743917],[139.0222438720828,35.96035299685757],[139.02265907825677,35.96018274487341],[139.0227850870697,35.960106983536654],[139.02299295490823,35.96005520859937],[139.02308187442637,35.960032373060635],[139.02327600676423,35.95990930289113],[139.0233162881899,35.9598744242778],[139.0235581825811,35.95974716449131],[139.02372147603526,35.959709509827874],[139.02410422064813,35.959681443011384],[139.02414415244414,35.959680809579424],[139.02445969348508,35.95960992624766],[139.02460274138357,35.959629548337944],[139.0255379846411,35.95953041679339],[139.02700395129463,35.95993436146684],[139.02830807342676,35.960764189329836],[139.03009057181146,35.96141369145176],[139.03407248842854,35.96249246218455],[139.03440633443466,35.963460165865754],[139.03900645009153,35.96437949315165],[139.04101531793438,35.96424395455096],[139.04290328439959,35.96509757204368],[139.04511226603395,35.96627509651126],[139.04873951273052,35.96854428957094],[139.0500571683421,35.96893675902045],[139.0512039023603,35.9690695578046],[139.05203231910397,35.96905250384234],[139.05292310689623,35.9686127613992],[139.05347995260527,35.96767348085145],[139.05412029783565,35.96633625769376],[139.05554455998038,35.965785331157356],[139.05621015253035,35.96611691801525],[139.05640825560013,35.96639822641949],[139.0570918728959,35.967286853933246],[139.05751726281716,35.96801083010488],[139.05772301976148,35.97020139669228],[139.05839568618842,35.97237483745099],[139.05901013191584,35.97307198207057],[139.06094995368167,35.97427418975579],[139.06266030622686,35.975027851348464],[139.06238133992366,35.97528056120764],[139.06454111268383,35.97684201216482],[139.0655684414179,35.97854973782853],[139.0648387342048,35.97939358230634],[139.0635397885178,35.980046546032916],[139.0617999898908,35.97987569853406],[139.0593216476719,35.97808186010443],[139.05834596386566,35.97761984939161],[139.05708094184286,35.977751983125465],[139.0560044347016,35.978456742933524],[139.05537439831735,35.97962110907879],[139.05561377634012,35.98103277774],[139.05687300470635,35.98162258332827],[139.0583733046597,35.981525760034025],[139.0600245571858,35.98203796707211],[139.0612280542219,35.98327706521592],[139.0587803312746,35.98448742294124],[139.0573532417942,35.985675759295646],[139.05534540727666,35.985764555770366],[139.0547915826228,35.9865534087985],[139.05204427791506,35.986807194943616],[139.05135256163976,35.987930469937524],[139.05056838719264,35.987867992100206],[139.04981204384424,35.98961745571094],[139.04871744424315,35.99034743152457],[139.04820963778997,35.98948952025167],[139.04812157124698,35.989300976078184],[139.04789461738477,35.988850452548185],[139.0475704470278,35.98848805954901],[139.04723383525337,35.98811379639449],[139.0468030231261,35.987454419133414],[139.04663328609954,35.98707214436183],[139.04654528091427,35.98687838171438],[139.04652646694018,35.98650492430922],[139.0464131486574,35.986269222321525],[139.04611666721433,35.98603492671242],[139.04596569919235,35.98569977284916],[139.0455083971439,35.98483263012435],[139.04499003286375,35.98362544777919],[139.0438612148687,35.982710799517676],[139.04346898649692,35.98183756741685],[139.0434303379513,35.9817517827662],[139.04326818637492,35.980568430417996],[139.0426979413815,35.97968763596377],[139.04271489910454,35.97947278617524],[139.04301754713362,35.97940689722874],[139.0432113081267,35.979314183272834],[139.04312095205296,35.978836885644604],[139.04251373770876,35.978180861397],[139.04230828634275,35.97792611814718],[139.0421889741433,35.97779853342196],[139.04209641345784,35.97769865884286],[139.04210704500534,35.97727578690546],[139.04136313382313,35.97680358319034],[139.04118862694477,35.976556431938164],[139.04096566360306,35.976069961528616],[139.04088904180082,35.976022463659234],[139.0407823526459,35.97597574312643],[139.04022520953572,35.975747610372345],[139.03891711895352,35.97539837536837],[139.03839200981386,35.975103778652155],[139.03783294218144,35.97422300783492],[139.0376859454098,35.97405007253265],[139.03725008884552,35.97400386768303],[139.03697319404466,35.974069000027],[139.03654699883313,35.97402678421599],[139.036195583866,35.97378417906159],[139.03570364468183,35.97329445613837],[139.03523603358383,35.973511944382984],[139.03488427607937,35.97378533876807],[139.03350838339054,35.97270179615507],[139.03260410448246,35.97252545666441],[139.0323289004918,35.97233779618965],[139.03192855148274,35.97169395902921],[139.03136177371204,35.97131079525227],[139.03109880444853,35.97085644463883],[139.0309599034008,35.970750157916584],[139.03053044022593,35.970476871241594],[139.0300254220908,35.970479716919925],[139.02976759155413,35.97025418644433],[139.02907880448163,35.969783995578474],[139.02869780724987,35.96959236375738],[139.02886372087238,35.968998673022206],[139.02863476988375,35.968684582238104],[139.0284626924693,35.96869008160783],[139.02807799790605,35.96865866502479],[139.02762306992673,35.968497980854934],[139.02686182529874,35.968520445040326],[139.0263313152915,35.96831415790435],[139.0262705290903,35.96827816681917],[139.0262499861418,35.96826258194416],[139.0258929544801,35.96822835977889],[139.02575050918904,35.968241481261906],[139.0256153431251,35.968356487546224],[139.0253877287383,35.96847421592743],[139.0252483104008,35.96846234716015],[139.0247550282781,35.96813051020511],[139.02327046069232,35.96800785435083],[139.02288245582994,35.968089059308696],[139.02259693816578,35.968244651248924],[139.02210675168484,35.96824689831539],[139.02192273012955,35.96826859412199],[139.02022177765028,35.968470819289],[139.0202190218004,35.96841852467523],[139.02010909397652,35.96810683529317],[139.02006751868683,35.968056083602775],[139.01993303798253,35.967976761474624],[139.01986652200128,35.96797631155819],[139.01974812070188,35.96795928742774],[139.01944553585906,35.96784457828815],[139.01935091891772,35.96777183441448],[139.0192440988414,35.96769810567344],[139.0190186736353,35.96762717968681],[139.01890712336814,35.96758406444799],[139.01880992656376,35.967441902903445],[139.01871454465427,35.96733400206316],[139.01860845738747,35.96730714670751],[139.01852091120372,35.96729663842045],[139.0183626394431,35.96727393570247],[139.01828088082175,35.96724814435096],[139.0182444204868,35.96723077351103],[139.01811990622795,35.96715962861927],[139.01801828863898,35.9671192808587],[139.0178756227603,35.96708676816783],[139.0176242191731,35.96706613771853],[139.0173820639115,35.966996897713464],[139.0172879360052,35.96698634384254],[139.01707136348423,35.967023629469224],[139.01674893619574,35.967011525223725],[139.01661145682593,35.96673578678364],[139.01656470949703,35.96609339552299]]]}},{"type":"Feature","properties":{"KEY_CODE":"11207032001","PREF":"11","CITY":"207","CITY_NAME":"秩父市","S_NAME":"山田","SETAI":"1248"},"geometry":{"type":"Polygon","coordinates":[[[139.0992862918096,36.013015959852474],[139.10104764047017,36.01168290736053],[139.10135064121255,36.01140011496289],[139.1018493151305,36.009743844783856],[139.10243235480422,36.00895135526282],[139.10197253444744,36.00766772247299],[139.10088334068567,36.00687700289808],[139.102437401142,36.00650460718347],[139.10350492492543,36.00671063339966],[139.105174953561,36.007726467263716],[139.10627284431692,36.008939275170675],[139.10666776550144,36.00766716700247],[139.10752875229085,36.00682662257005],[139.10859785524073,36.008540271721245],[139.11028098755085,36.007583448819354],[139.1099867096999,36.00710675323485],[139.11090023994225,36.00660676000234],[139.11121285223027,36.00492074993251],[139.11229561758313,36.00379188089229],[139.1133946990039,36.00032985292735],[139.1133675637235,35.99938903888255],[139.11416217323318,35.99831818496361],[139.11545673767412,35.99800203003448],[139.11637220685316,35.99876876026623],[139.11670026155178,35.998292334441345],[139.11927572154764,35.99748118554661],[139.12109134963706,35.99823146589241],[139.12282228351887,35.999969622849726],[139.123607318251,36.000372941798055],[139.1262693195366,36.00102121334961],[139.1288928886717,36.00040399738337],[139.1298828742334,35.9998991473246],[139.1331711733032,35.99940681402081],[139.13382562221403,35.99958471430271],[139.13585468590085,35.9987945253429],[139.13699879945995,35.99891205482266],[139.13897143186156,35.99784723719691],[139.14193559132968,35.997798288489186],[139.14328041802383,35.99855598534729],[139.14544686393236,35.9980868781176],[139.14592264589356,35.99755267184387],[139.1476964360243,35.99678184758303],[139.14986021473928,35.99706473237791],[139.15125079892985,35.99640427090411],[139.15387316145282,35.996112185006844],[139.1545916420943,35.99548224696828],[139.1562809222461,35.99534141274588],[139.15840165021177,35.99479389693256],[139.1637878124284,35.99578318943052],[139.16654041201753,35.99372287993555],[139.16960349731966,35.992523067509595],[139.16990070166418,35.993794832513565],[139.16936417577972,35.99430667503114],[139.16930925418276,35.99572655498004],[139.168318178112,35.996430015383],[139.1684644190817,35.99801097013939],[139.1658829627968,35.99965138336924],[139.16334088079012,36.000462680431625],[139.16235878968763,36.001666219058784],[139.1600692981295,36.00364529501603],[139.1595314732462,36.0037795955044],[139.15933247016747,36.00483865576606],[139.15823408603535,36.00573642327125],[139.1581438546792,36.006563394885376],[139.15650908346285,36.0086345603371],[139.15594270038034,36.00885956859464],[139.153216237197,36.00879164960909],[139.15202928224878,36.0095309130397],[139.15082348669952,36.009082722557295],[139.14678627241105,36.00807065009125],[139.14616614594618,36.006885291418314],[139.14447053957005,36.006256270138856],[139.1438676522744,36.00733281348252],[139.14085865080347,36.00968340214198],[139.14073023636976,36.01029560972216],[139.13757158142752,36.01143301850115],[139.13634063399684,36.013068980789235],[139.13514037997484,36.013271709458984],[139.13482089374108,36.01406848799532],[139.133529304209,36.01450011209281],[139.13158264204046,36.01462436113292],[139.13037333600616,36.014683195491905],[139.12835908469324,36.0155813742365],[139.12773418362724,36.01659550237961],[139.12565385431577,36.017861846784946],[139.1256296623626,36.01879118265017],[139.1243799329689,36.01994772569454],[139.12328618954953,36.02012062198194],[139.12216460881675,36.02140776038957],[139.1212598605289,36.02164990846949],[139.12073428723852,36.02244398013416],[139.11734874219061,36.02481160278024],[139.1174977215484,36.02551823421343],[139.1161070274328,36.026987885569056],[139.11431183153502,36.026276568784404],[139.11219024243513,36.02699919508228],[139.11222789161462,36.02844650217475],[139.11165302221744,36.028486978210445],[139.10918213522083,36.027244894029096],[139.1083841164943,36.0265999364575],[139.10615954437827,36.023165460314424],[139.1052534992164,36.022351318042915],[139.10535924096456,36.02162609524806],[139.1030959768875,36.020262766252344],[139.10246335075198,36.0176178129299],[139.10170431583535,36.016891495402],[139.1005575717414,36.01536389491531],[139.10014675079373,36.014380926059246],[139.0992862918096,36.013015959852474]]]}},{"type":"Feature","properties":{"KEY_CODE":"11207033001","PREF":"11","CITY":"207","CITY_NAME":"秩父市","S_NAME":"栃谷","SETAI":"440"},"geometry":{"type":"Polygon","coordinates":[[[139.11197026497962,36.03160596322647],[139.11197772210292,36.03007846891099],[139.11390829943187,36.02830973698799],[139.11222789161462,36.02844650217475],[139.11219024243513,36.02699919508228],[139.11431183153502,36.026276568784404],[139.1161070274328,36.026987885569056],[139.1174977215484,36.02551823421343],[139.11734874219061,36.02481160278024],[139.12073428723852,36.02244398013416],[139.1212598605289,36.02164990846949],[139.12216460881675,36.02140776038957],[139.12328618954953,36.02012062198194],[139.1243799329689,36.01994772569454],[139.1256296623626,36.01879118265017],[139.12565385431577,36.017861846784946],[139.12773418362724,36.01659550237961],[139.12835908469324,36.0155813742365],[139.13037333600616,36.014683195491905],[139.13158264204046,36.01462436113292],[139.12976335345857,36.01668625760845],[139.1298108712811,36.02033114086972],[139.12894836865678,36.021931749193655],[139.12829487554637,36.02404551808552],[139.12844519078354,36.02506528136236],[139.12715574705632,36.026436654684915],[139.12890378232225,36.02704023094064],[139.12927298166937,36.02773442246851],[139.1308105714772,36.02861884439999],[139.1318037349489,36.02880766350669],[139.13396814218814,36.02828151091324],[139.13594640913652,36.02960129309441],[139.1388396853481,36.03020602391888],[139.14204660162852,36.02967473829203],[139.14125128303218,36.030141528746455],[139.14016714362495,36.03065425353992],[139.13970318847302,36.03078786873839],[139.13919968348637,36.03103727329082],[139.13857717927883,36.03114050896546],[139.13826754498632,36.031143679398845],[139.13795947541914,36.031200434703244],[139.13714211152146,36.031582280383184],[139.1368254863548,36.032069026772234],[139.13630347936714,36.032306050884095],[139.13563279998658,36.032262629738476],[139.1351739592646,36.03234534259605],[139.13509580396303,36.03238516846668],[139.13439575844174,36.03286921346088],[139.13436128345478,36.03288563322424],[139.1336052446142,36.03280961451214],[139.13264121067365,36.03306490616309],[139.13209709306898,36.0331884506307],[139.13148482739422,36.033039342682066],[139.1308115185879,36.03261359481166],[139.13047808674213,36.03261164885073],[139.13007915379472,36.03293736131683],[139.12921690347366,36.03370184743306],[139.12884375203754,36.03395908112075],[139.12868452339038,36.03383495227667],[139.1279666157478,36.03332230748446],[139.127690666697,36.033348457234126],[139.12689476136012,36.03383480912174],[139.1264918525523,36.034016261047704],[139.1260401202639,36.03417497501527],[139.1250872621468,36.03433960490887],[139.12476600580078,36.03439545039207],[139.12437973045348,36.034490137394585],[139.12408644734197,36.03467492114931],[139.12466444350696,36.03556280826286],[139.12601552909558,36.03600522084822],[139.12608290682138,36.036013023417624],[139.126170501882,36.03620301682685],[139.1261517605724,36.03667068220533],[139.125944692241,36.0370010482162],[139.12550358111022,36.03742006618529],[139.12540236577385,36.037497710996],[139.12533735327492,36.03806922090761],[139.1255748070876,36.03835587484279],[139.12582696398033,36.038835976257985],[139.12423545610181,36.03787634468428],[139.1219440842074,36.037552129639145],[139.12109303485872,36.03719192655887],[139.1204529934689,36.035865016976345],[139.1167975545741,36.035065555228876],[139.1147548507948,36.033268414361096],[139.11278088271462,36.03241587663884],[139.11197026497962,36.03160596322647]]]}},{"type":"Feature","geometry":{"type":"Polygon","coordinates":[[[139.14204660162852,36.02967473829203],[139.1388396853481,36.03020602391888],[139.13594640913652,36.02960129309441],[139.13396814218814,36.02828151091324],[139.1318037349489,36.02880766350669],[139.1308105714772,36.02861884439999],[139.12927298166937,36.02773442246851],[139.12890378232225,36.02704023094064],[139.12715574705632,36.026436654684915],[139.12844519078354,36.02506528136236],[139.12829487554637,36.02404551808552],[139.12894836865678,36.021931749193655],[139.1298108712811,36.02033114086972],[139.12976335345857,36.01668625760845],[139.13158264204046,36.01462436113292],[139.133529304209,36.01450011209281],[139.13482089374108,36.01406848799532],[139.13514037997484,36.013271709458984],[139.13634063399684,36.013068980789235],[139.13757158142752,36.01143301850115],[139.14073023636976,36.01029560972216],[139.14085865080347,36.00968340214198],[139.1438676522744,36.00733281348252],[139.14447053957005,36.006256270138856],[139.14616614594618,36.006885291418314],[139.14678627241105,36.00807065009125],[139.15082348669952,36.009082722557295],[139.15202928224878,36.0095309130397],[139.153216237197,36.00879164960909],[139.15594270038034,36.00885956859464],[139.15650908346285,36.0086345603371],[139.1581438546792,36.006563394885376],[139.15823408603535,36.00573642327125],[139.15933247016747,36.00483865576606],[139.1595314732462,36.0037795955044],[139.1600692981295,36.00364529501603],[139.16235878968763,36.001666219058784],[139.16334088079012,36.000462680431625],[139.1658829627968,35.99965138336924],[139.1684644190817,35.99801097013939],[139.168318178112,35.996430015383],[139.16930925418276,35.99572655498004],[139.16936417577972,35.99430667503114],[139.16990070166418,35.993794832513565],[139.16960349731966,35.992523067509595],[139.17203450793528,35.99025732429305],[139.17453101567347,35.98909105798524],[139.17547599179468,35.99218941796116],[139.17592030839856,35.99276177459714],[139.17507841325647,35.9948388906752],[139.17551134534887,35.99552067315187],[139.1764793702025,35.99786161266189],[139.17614985575727,35.99813544236191],[139.17589823429748,35.99851920230829],[139.1758338424634,35.998905531620366],[139.17583529061068,35.999189729053406],[139.17534318353339,35.99987732769223],[139.17469405406263,36.00082961900425],[139.17362129957925,36.00181764433008],[139.17305288057403,36.00236738456621],[139.17160809641086,36.00292707224919],[139.16988090291466,36.00411346427282],[139.1688572210272,36.00445516323525],[139.1686787775013,36.004826712754905],[139.16788624115023,36.00526171560799],[139.1672252346647,36.00561088029651],[139.16651902987235,36.00667747287468],[139.1647069575167,36.00822769701876],[139.1644564476724,36.00850460545679],[139.16442652349357,36.009810503324196],[139.16378447977195,36.01093659429217],[139.16365349887954,36.01111336370448],[139.16338368789104,36.011917199058],[139.16324732247088,36.01273383083957],[139.16231427618263,36.013501099867106],[139.1621609829138,36.01392647068396],[139.16195379605688,36.014181707431185],[139.16138620739346,36.01447547195609],[139.16087171548605,36.01471145973341],[139.16005938484344,36.01523613934714],[139.1596657117358,36.016167477202245],[139.15937756122253,36.01658989767275],[139.15859173484677,36.01748286536743],[139.15810013055673,36.01787675275184],[139.15802144201018,36.01812382630801],[139.15754657653144,36.01876407743084],[139.1570858646577,36.019446154357546],[139.15651677879796,36.020100841451274],[139.15606739347345,36.02036540446332],[139.15567576467848,36.02068701791562],[139.1551388717141,36.021204780810706],[139.15326659279808,36.02306149283012],[139.15311859681785,36.02369647514195],[139.1532304772413,36.025123160750645],[139.15348124695277,36.02551221537757],[139.15299677901146,36.02692529501305],[139.15265445537554,36.02714317507837],[139.1504211420256,36.02776948146726],[139.14987440630767,36.02829347244448],[139.14956120101095,36.028505210936416],[139.1488895016274,36.02867709401144],[139.14794801999366,36.02875051674482],[139.14610743692876,36.02853886216763],[139.1447123001603,36.02819265534416],[139.14413134973205,36.027961791396464],[139.14377447426708,36.02808070525241],[139.14313970759605,36.02921465506798],[139.14236867594994,36.02953207792369],[139.14204660162852,36.02967473829203]]]},"properties":{"KEY_CODE":"112070340","PREF":"11","CITY":"207","CITY_NAME":"秩父市","S_NAME":"定峰","SETAI":"81"}},{"type":"Feature","properties":{"KEY_CODE":"11207035001","PREF":"11","CITY":"207","CITY_NAME":"秩父市","S_NAME":"太田","SETAI":"307"},"geometry":{"type":"MultiPolygon","coordinates":[[[[139.04778013047977,36.04666475509509],[139.04983655888867,36.04648036494582],[139.04998163726566,36.046609494759146],[139.0501629699672,36.04650929303754],[139.0503584474499,36.046697495824155],[139.05050444525702,36.046838928947174],[139.0506319876468,36.04693532629215],[139.05086149990888,36.047031169135515],[139.05134334196887,36.0475728137988],[139.05151715152783,36.0481298256999],[139.0517265622793,36.0486113337686],[139.05217764433405,36.048158575609584],[139.05258217250224,36.04877824932349],[139.05242152727635,36.05064135545311],[139.0531445080486,36.05102738121951],[139.05333984629684,36.05117857177688],[139.05359916246908,36.05114603876229],[139.05390151163073,36.05142827757414],[139.05382882952182,36.05167712636292],[139.0540004286131,36.05178252530105],[139.05417565509475,36.05193358066693],[139.05479347116272,36.05219669142956],[139.0556170600203,36.05225582183566],[139.05564300315322,36.0521215272038],[139.05513711929882,36.0519474152062],[139.05530693873482,36.05143090995659],[139.05535840968815,36.05109883289074],[139.05601811467997,36.05206763693809],[139.0567602984536,36.05231104008264],[139.05676337025045,36.05236917896671],[139.05701312701368,36.05228606687089],[139.0572370271287,36.051770975120625],[139.05657946129423,36.05208608941722],[139.05656365335412,36.05205339612717],[139.0566504420553,36.05124936289367],[139.05740352708045,36.05106971962154],[139.05749733379935,36.05136306766737],[139.05770050826285,36.0515738251192],[139.05754649768144,36.05194733364707],[139.05815677004918,36.05226458668216],[139.0591338197437,36.052015067819084],[139.05932752492865,36.05123450125111],[139.05999784837292,36.05132211538818],[139.0599762740446,36.05163138148414],[139.06051727846864,36.05163486047378],[139.06200834602464,36.051474257173474],[139.0612154464911,36.05114360463775],[139.0611900539913,36.05092883895077],[139.06254567005124,36.05116966669278],[139.06347846546342,36.05250492893536],[139.06397119454508,36.05252489066485],[139.06327850860168,36.05116829656089],[139.0637000469887,36.04989386351698],[139.0651631594474,36.049938500448214],[139.06560686351557,36.049012163993744],[139.06508627256864,36.048326966644495],[139.0653270643316,36.04706330852439],[139.06620428099677,36.04698383128247],[139.06704279160704,36.04579624612609],[139.06872826025494,36.04657251709424],[139.06946218698857,36.04765920414953],[139.06916630888324,36.048159547046936],[139.07118878202067,36.05048591922936],[139.07365576978876,36.052869567856355],[139.0739422274844,36.054345690680236],[139.0755860853114,36.05540740241309],[139.07676770062812,36.056364625248314],[139.07600839357076,36.05761657089209],[139.0764124013575,36.06020978808394],[139.07805927892775,36.06306264042863],[139.07911267964363,36.06418527659596],[139.08059954229734,36.06451336141927],[139.08111632263675,36.06495761055905],[139.08127568494035,36.0651885809155],[139.08141623081073,36.06566599610202],[139.08078202017893,36.06562377075821],[139.07869639714855,36.0648351588983],[139.0780532287621,36.064614871491585],[139.0777563478761,36.064510491533696],[139.07369495265004,36.06285284799449],[139.07261022168234,36.062500984884394],[139.07090953433246,36.06223217604999],[139.0703463081102,36.062700724901134],[139.07016783225444,36.06345787281534],[139.06998826931692,36.063589866557116],[139.0692524480459,36.0637183071849],[139.06901789360748,36.06363577035835],[139.0689800363931,36.06359586713563],[139.06891556644547,36.06352803427605],[139.06870318274028,36.06335881532103],[139.06697560157508,36.062794457867014],[139.06517738341614,36.0618885350883],[139.06222549023644,36.060694603342576],[139.05933310115023,36.059623029751975],[139.0584140279899,36.05915691422434],[139.05833592076118,36.059127753511895],[139.0560545939888,36.05795789604926],[139.0553307162795,36.05577385749338],[139.05466302503126,36.054785480526256],[139.0535543755745,36.05451609930878],[139.05156151409778,36.05482920804257],[139.0495265249505,36.051274260257514],[139.04887213607705,36.05013580789933],[139.049280053293,36.04883385165786],[139.04862010881695,36.04815373495387],[139.04879534696732,36.047277020351125],[139.04778013047977,36.04666475509509]]],[[[139.054773735546,36.04713743033782],[139.0551567196781,36.04657110478636],[139.05562918305813,36.045774206351034],[139.0566124210755,36.04630139479751],[139.05702333145956,36.04657316186317],[139.05885664297708,36.048376086710824],[139.0584984275106,36.048521755123836],[139.05824299467713,36.04845079383979],[139.05828200270759,36.048203542074866],[139.05830766338042,36.048079947053935],[139.05824055817223,36.04807951181529],[139.05765541773556,36.04866974738353],[139.05750465187583,36.04856200275323],[139.05741269946958,36.04834520628262],[139.0572987805346,36.04837944181249],[139.05730210013672,36.048014013366846],[139.05719679868656,36.047593497062465],[139.05651460324563,36.04747922065319],[139.05621683078752,36.04746472985813],[139.05619689327278,36.047499566668435],[139.05616950514406,36.047843294215355],[139.05613445666958,36.04788067310274],[139.05580959628068,36.04786075106002],[139.05556052898123,36.047760130580826],[139.05507082542812,36.04729194804949],[139.054773735546,36.04713743033782]]]]}},{"type":"Feature","geometry":{"type":"Polygon","coordinates":[[[139.0653270643316,36.04706330852439],[139.06508627256864,36.048326966644495],[139.06560686351557,36.049012163993744],[139.0651631594474,36.049938500448214],[139.0637000469887,36.04989386351698],[139.06327850860168,36.05116829656089],[139.06397119454508,36.05252489066485],[139.06347846546342,36.05250492893536],[139.06254567005124,36.05116966669278],[139.0611900539913,36.05092883895077],[139.06109618572236,36.05087216851784],[139.0600793040573,36.04953276064356],[139.06004727755501,36.049287554179095],[139.0602381784705,36.048845129970054],[139.06046548101767,36.04841261066349],[139.05994271257512,36.04770702845305],[139.05943808576714,36.04775452358655],[139.05918264195705,36.04803131964539],[139.05910244949425,36.04820777723646],[139.05885664297708,36.048376086710824],[139.05702333145956,36.04657316186317],[139.05741749674016,36.0460848876324],[139.05786835884882,36.045738578304814],[139.05808550398308,36.04498116716191],[139.05783063762235,36.044693872211056],[139.05744122031135,36.04456538154523],[139.05679462691202,36.04494353864809],[139.0563943033508,36.044945955362124],[139.055980187245,36.04478991631576],[139.05601937664144,36.04464832579067],[139.05601051356416,36.04420820341309],[139.05589916631735,36.043980747340655],[139.0559744387192,36.04366075103589],[139.0554169455836,36.04352952983656],[139.05509335747374,36.04376156256161],[139.05500146192037,36.04376972576482],[139.0546050204155,36.04339515502046],[139.0536993912728,36.0423865474044],[139.0535334994541,36.041597185805294],[139.05338266503767,36.04149820297309],[139.05311133428162,36.041556631390584],[139.05201292156582,36.03993345788294],[139.05107930946164,36.03951906729298],[139.0511912374699,36.038631118039525],[139.05002090946945,36.03814397438237],[139.0501527130706,36.036368379611496],[139.04920382414593,36.03598758463897],[139.04911585410065,36.035906521780944],[139.0489209150166,36.0358159248111],[139.04856715723903,36.03579558012761],[139.04855216918074,36.03553181410627],[139.04869141966137,36.03524028923851],[139.04870175995677,36.03508893713211],[139.0486444736641,36.034824477418205],[139.0485460315942,36.03468052646818],[139.04827226998708,36.034539930314054],[139.04790094349187,36.03449963829102],[139.04780553177946,36.03449631017409],[139.04771227326032,36.03438934430827],[139.04698560442327,36.03303815886214],[139.0466763525428,36.03236845028278],[139.04640646856456,36.03195984374645],[139.04632333347388,36.03101661514851],[139.04619032561078,36.030172283146506],[139.04623501121307,36.02865718640294],[139.04616904884702,36.02824618086775],[139.0462100252301,36.02802167133726],[139.0462776258704,36.02780458151087],[139.04638000100448,36.02772589267967],[139.0474762226358,36.027032269577234],[139.04865922446186,36.02510784851494],[139.04958193891687,36.02451036104348],[139.04928197883788,36.02530471674826],[139.05143843041654,36.02852822824193],[139.05152885178236,36.029274469342894],[139.05238602809516,36.0299477434615],[139.05563976915397,36.03060803065019],[139.0567644076513,36.03145966770351],[139.05829272432663,36.033593105111954],[139.06034316115296,36.035866189396856],[139.06194049212593,36.0379849963814],[139.0625500752196,36.04073368699557],[139.06331747260418,36.04249274466574],[139.06458395888816,36.04465952266369],[139.0653270643316,36.04706330852439]]]},"properties":{"KEY_CODE":"112070360","PREF":"11","CITY":"207","CITY_NAME":"秩父市","S_NAME":"伊古田","SETAI":"68"}},{"type":"Feature","geometry":{"type":"Polygon","coordinates":[[[139.08088342941554,36.04724930248715],[139.0805127043195,36.04854543064682],[139.08065393579614,36.049641212865616],[139.08029175171112,36.05090377938294],[139.07954534301942,36.05142187253379],[139.08058612938538,36.05387710024688],[139.07828552236313,36.05490985672907],[139.0763447335389,36.05473106625956],[139.0755860853114,36.05540740241309],[139.0739422274844,36.054345690680236],[139.07365576978876,36.052869567856355],[139.07118878202067,36.05048591922936],[139.06916630888324,36.048159547046936],[139.06946218698857,36.04765920414953],[139.06872826025494,36.04657251709424],[139.06704279160704,36.04579624612609],[139.06620428099677,36.04698383128247],[139.0653270643316,36.04706330852439],[139.06458395888816,36.04465952266369],[139.06331747260418,36.04249274466574],[139.0625500752196,36.04073368699557],[139.06194049212593,36.0379849963814],[139.06034316115296,36.035866189396856],[139.05829272432663,36.033593105111954],[139.0567644076513,36.03145966770351],[139.05563976915397,36.03060803065019],[139.05238602809516,36.0299477434615],[139.05152885178236,36.029274469342894],[139.05143843041654,36.02852822824193],[139.04928197883788,36.02530471674826],[139.04958193891687,36.02451036104348],[139.04994197353008,36.024337968224295],[139.05027983475284,36.02336467780774],[139.05062167790518,36.022979717326045],[139.05051232408744,36.022440566106916],[139.0501318141252,36.02173814384214],[139.04993388790714,36.02139160906141],[139.04986117327098,36.02079429145094],[139.0498834637744,36.020722564827196],[139.05012373302156,36.01995813812399],[139.05022063473052,36.01897495189443],[139.05034735384393,36.01860594188466],[139.0503130971181,36.01833583460644],[139.0501748086904,36.01804212506937],[139.04992701401875,36.017261045834616],[139.04907515706822,36.016784543564796],[139.0482148198726,36.01566004694163],[139.0479155712809,36.01531688966716],[139.04894958233805,36.014487497409206],[139.04897012019504,36.01411965645732],[139.04961170326797,36.01333162419716],[139.04985478039768,36.01283354445638],[139.05072043216558,36.01237299250018],[139.0507168578613,36.013367938454095],[139.05315555726455,36.01576608771973],[139.0540023362283,36.01564916358096],[139.05318768002346,36.01762070645273],[139.05573712268261,36.01854949084836],[139.05683431286812,36.016475464817596],[139.05861407204492,36.017365107122345],[139.05885320585915,36.01918626388228],[139.06073672624223,36.021698611580305],[139.0606158109176,36.022383852725156],[139.06276691769813,36.023611669958164],[139.0628195634772,36.025052376734216],[139.0643195130537,36.025694728013484],[139.06446717420954,36.026868486989066],[139.06619980576934,36.03017104226895],[139.0678744994045,36.03394085822875],[139.06600332417122,36.03564767187904],[139.06775359396622,36.03913374637873],[139.06927427778334,36.038303885878605],[139.07013855204391,36.03657949357206],[139.071731573903,36.037820849813706],[139.0712107753322,36.03925864313007],[139.07393975711372,36.040382631591385],[139.0736777980395,36.041699881021145],[139.07255769092453,36.04321103138742],[139.07298562758842,36.04346238996675],[139.07437353599346,36.042655618149766],[139.07608476385303,36.040644566580234],[139.07683681985665,36.04298542012341],[139.07912989477512,36.0431654715951],[139.07939470824337,36.04397991355925],[139.0790155673562,36.04512034637935],[139.08011515167698,36.04693432389132],[139.08088342941554,36.04724930248715]]]},"properties":{"KEY_CODE":"112070370","PREF":"11","CITY":"207","CITY_NAME":"秩父市","S_NAME":"品沢","SETAI":"116"}},{"type":"Feature","geometry":{"type":"Polygon","coordinates":[[[139.0868620695022,36.05194074703779],[139.08620823966683,36.0521781125446],[139.08392436609665,36.05413649010668],[139.0831477651443,36.055838207233464],[139.08348109134167,36.057623610731035],[139.08135463658905,36.05890054050772],[139.0803186969262,36.06106307573993],[139.08057683677546,36.0617210145077],[139.0800561170325,36.0627505329529],[139.0806527380532,36.06280368026249],[139.08186409572835,36.06431804088169],[139.08184186302054,36.06569190742102],[139.08141623081073,36.06566599610202],[139.08127568494035,36.0651885809155],[139.08111632263675,36.06495761055905],[139.08059954229734,36.06451336141927],[139.07911267964363,36.06418527659596],[139.07805927892775,36.06306264042863],[139.0764124013575,36.06020978808394],[139.07600839357076,36.05761657089209],[139.07676770062812,36.056364625248314],[139.0755860853114,36.05540740241309],[139.0763447335389,36.05473106625956],[139.07828552236313,36.05490985672907],[139.08058612938538,36.05387710024688],[139.07954534301942,36.05142187253379],[139.08029175171112,36.05090377938294],[139.08065393579614,36.049641212865616],[139.0805127043195,36.04854543064682],[139.08088342941554,36.04724930248715],[139.0829831098499,36.04645132439053],[139.0842957175999,36.049826438225395],[139.0868620695022,36.05194074703779]]]},"properties":{"KEY_CODE":"112070380","PREF":"11","CITY":"207","CITY_NAME":"秩父市","S_NAME":"堀切","SETAI":"74"}},{"type":"Feature","geometry":{"type":"Polygon","coordinates":[[[139.09571243777535,36.057853102860236],[139.0931903162451,36.061281225001096],[139.091961196953,36.06291243172885],[139.09100171983505,36.06363730486305],[139.08753074691813,36.0648130494307],[139.08681579117246,36.06627005042268],[139.08617120853256,36.06809673998279],[139.08607017859475,36.067967727065586],[139.08524743136053,36.06698600603474],[139.08506013277142,36.06669929549858],[139.08418543182583,36.06597807414703],[139.08352388752544,36.06579993569266],[139.08184186302054,36.06569190742102],[139.08186409572835,36.06431804088169],[139.0806527380532,36.06280368026249],[139.0800561170325,36.0627505329529],[139.08057683677546,36.0617210145077],[139.0803186969262,36.06106307573993],[139.08135463658905,36.05890054050772],[139.08348109134167,36.057623610731035],[139.0831477651443,36.055838207233464],[139.08392436609665,36.05413649010668],[139.08620823966683,36.0521781125446],[139.0868620695022,36.05194074703779],[139.08650713028334,36.053427881253],[139.0873521919474,36.05367538596188],[139.08955607655668,36.0536437259813],[139.09094608194002,36.05431096241571],[139.0901303139005,36.05550598747414],[139.09071048714804,36.055533940844626],[139.09163014187362,36.054605678028864],[139.0917347041493,36.055756123112545],[139.09290022658436,36.055973160705896],[139.0944695310692,36.05710580038644],[139.0944497244075,36.05753770910935],[139.09571243777535,36.057853102860236]]]},"properties":{"KEY_CODE":"112070390","PREF":"11","CITY":"207","CITY_NAME":"秩父市","S_NAME":"小柱","SETAI":"167"}},{"type":"Feature","properties":{"KEY_CODE":"11207040001","PREF":"11","CITY":"207","CITY_NAME":"秩父市","S_NAME":"上影森","SETAI":"718"},"geometry":{"type":"MultiPolygon","coordinates":[[[[139.05751726281716,35.96801083010488],[139.05774937976813,35.96782683029572],[139.05807284066708,35.967487260045445],[139.05816167296604,35.96740249731105],[139.05836626966956,35.967268926715626],[139.06014760303538,35.96702345632995],[139.0613576703204,35.96738433918759],[139.06114538807844,35.96623627618509],[139.06153381488855,35.9658228354843],[139.0607457368904,35.9636162404656],[139.0616687697119,35.962895798041345],[139.06246299691827,35.96272724071662],[139.06249901650546,35.96260364000616],[139.06230397211934,35.96254085858409],[139.06204304606257,35.96138063957566],[139.06244231688746,35.96082968247839],[139.06076075926774,35.96130287261151],[139.0599688237955,35.960990116235514],[139.0603308132275,35.95977145165355],[139.06151101039094,35.959053632673736],[139.06220066646043,35.95835127489959],[139.06259201716028,35.957464229853194],[139.06274267733653,35.95675600335474],[139.06371628808301,35.95566812045007],[139.06364602910952,35.9552607469841],[139.0635672708056,35.95367902236443],[139.0627928135728,35.95137429640796],[139.06263199655052,35.949676421103334],[139.06429553391587,35.948715995119485],[139.06727649930738,35.94660590412464],[139.06844101444383,35.94608456762468],[139.07119028679264,35.94566842035729],[139.0731565954892,35.945094253497516],[139.07428502533477,35.94397421982202],[139.07624925752538,35.942528134310805],[139.0764462335803,35.942102423738724],[139.07654642316197,35.941838069693766],[139.07783391779552,35.93962390717583],[139.07831435236224,35.938397149602054],[139.07946805922558,35.93873893847475],[139.08072359340716,35.93867027250549],[139.08161590258325,35.93844572187244],[139.08282495076378,35.93795371370305],[139.08790166677602,35.93688624020373],[139.08873403789156,35.9370761010192],[139.09097453221585,35.93661807224558],[139.0921874494443,35.93563650304974],[139.0943287842242,35.93562110926928],[139.09601339299945,35.93675479730174],[139.09685060996708,35.93820738248687],[139.09771213451293,35.94083388070825],[139.09621035841215,35.94401347220577],[139.09726183025424,35.94603363224689],[139.0978769298669,35.94834254493104],[139.09766804654828,35.95138418956995],[139.09529264496516,35.95277814334244],[139.0931516974256,35.95447281390315],[139.09276482036898,35.955651637051034],[139.09329009060488,35.95804236825207],[139.09282637828284,35.959869547780656],[139.09162609016175,35.96074593711594],[139.09027320961206,35.962846915895604],[139.09011474574484,35.96381288940691],[139.08899877326485,35.96483286628269],[139.08808186465976,35.966593647459455],[139.0878659753817,35.96852273110851],[139.0870720210072,35.96880932627425],[139.08726082478356,35.969667569820686],[139.08678790287223,35.971229939409184],[139.08504557103169,35.97158290387196],[139.0851697762031,35.971335973952904],[139.08286622711083,35.9705983536033],[139.0822780479202,35.97026276969712],[139.0820058982378,35.97003317842953],[139.078034949507,35.97282219690698],[139.0769791168917,35.97350251584891],[139.0731774863671,35.97072700215196],[139.07399239104723,35.970502772267835],[139.07441153643563,35.970485506758415],[139.07457225274257,35.970391155367096],[139.07477651689666,35.970271878202944],[139.07591748830177,35.96997994833742],[139.07611637267348,35.96984319506637],[139.0778570357109,35.96929295796954],[139.07763284871007,35.96852285691789],[139.07672580775733,35.968194201175805],[139.0752464618226,35.96846643014998],[139.07180034229174,35.96856909380556],[139.0714880540209,35.96798661253061],[139.06981575817335,35.968945093151326],[139.0699331225433,35.969601680998366],[139.06974312857668,35.96954268338267],[139.06929666725975,35.969204024354774],[139.06877633661153,35.96915134720998],[139.0687373705201,35.96918589097505],[139.0686811627205,35.96921199707192],[139.06787316866473,35.969276046215874],[139.06749496759255,35.97055150553013],[139.0669308314638,35.97092560781383],[139.06567494225527,35.970788648686465],[139.06505679491534,35.96998635293057],[139.06522284612606,35.97197138195526],[139.06629264825713,35.97282901032941],[139.06798682682006,35.97155388189039],[139.06868571835088,35.971281447581596],[139.07012831442603,35.971631911091556],[139.06948833773427,35.97259592744651],[139.07010166965537,35.97278953038284],[139.06952145400547,35.97315991148806],[139.0681613480653,35.97435722252962],[139.07132121227693,35.976894332296915],[139.07069728258972,35.97736653973904],[139.07139176397303,35.97695355190705],[139.0720677910643,35.97748745205326],[139.072743398493,35.97714433942288],[139.07243751947962,35.97778529557662],[139.07211911316696,35.9778354214611],[139.07189885183536,35.977877102153855],[139.0716905605014,35.97819660569859],[139.07163573549454,35.97824050441935],[139.07203480557996,35.97905647189818],[139.07215717181532,35.97917825393592],[139.07157707489102,35.97969533795398],[139.0715006345036,35.979734708261006],[139.07180243824163,35.98147945911056],[139.0706449389836,35.982177407863794],[139.0696451619819,35.98173496314947],[139.0698408821444,35.98224664598615],[139.06810555866102,35.982961900484945],[139.06707136722946,35.98267855169742],[139.0665529590505,35.982273980371566],[139.06612633511182,35.98210783119386],[139.0635397885178,35.980046546032916],[139.0648387342048,35.97939358230634],[139.0655684414179,35.97854973782853],[139.06454111268383,35.97684201216482],[139.06238133992366,35.97528056120764],[139.06266030622686,35.975027851348464],[139.06094995368167,35.97427418975579],[139.05901013191584,35.97307198207057],[139.05839568618842,35.97237483745099],[139.05772301976148,35.97020139669228],[139.05751726281716,35.96801083010488]],[[139.0681613480653,35.97435722252962],[139.06674990321787,35.974830134286904],[139.06751772508244,35.97529904839258],[139.0681613480653,35.97435722252962]],[[139.06812978691192,35.97796894108886],[139.06864299672637,35.978802915736814],[139.06928147873072,35.9796647588421],[139.07071845354298,35.97861568673477],[139.07069824113287,35.97857341438323],[139.07039631141615,35.97821553705276],[139.07000819744175,35.97792910904451],[139.07052160614882,35.97745608771226],[139.06948020670745,35.97660587665341],[139.06812978691192,35.97796894108886]]],[[[139.074393041786,35.9790188081976],[139.07565479910784,35.97798423927696],[139.07603813698293,35.9791271194131],[139.07479766142686,35.97961061952436],[139.074393041786,35.9790188081976]]],[[[139.07603813698293,35.9791271194131],[139.07735190087956,35.97811477002049],[139.077962131404,35.9786585417333],[139.07680673538184,35.97999701316361],[139.07603813698293,35.9791271194131]]]]}},{"type":"Feature","properties":{"KEY_CODE":"11207041001","PREF":"11","CITY":"207","CITY_NAME":"秩父市","S_NAME":"下影森","SETAI":"1714"},"geometry":{"type":"MultiPolygon","coordinates":[[[[139.05537439831735,35.97962110907879],[139.0560044347016,35.978456742933524],[139.05708094184286,35.977751983125465],[139.05834596386566,35.97761984939161],[139.0593216476719,35.97808186010443],[139.0617999898908,35.97987569853406],[139.0635397885178,35.980046546032916],[139.06612633511182,35.98210783119386],[139.06542216790723,35.98201938419413],[139.06436997229056,35.981888737395835],[139.06414907849154,35.9817971973323],[139.06387143290652,35.98184048585572],[139.06309962021223,35.98217057148243],[139.06741422971038,35.98529449599383],[139.06760187400099,35.98521493643583],[139.06759763063334,35.984658052486274],[139.06720019844118,35.982947206393405],[139.06707136722946,35.98267855169742],[139.06810555866102,35.982961900484945],[139.0698408821444,35.98224664598615],[139.0696451619819,35.98173496314947],[139.0706449389836,35.982177407863794],[139.07180243824163,35.98147945911056],[139.0715006345036,35.979734708261006],[139.07157707489102,35.97969533795398],[139.07215717181532,35.97917825393592],[139.07203480557996,35.97905647189818],[139.07163573549454,35.97824050441935],[139.0716905605014,35.97819660569859],[139.07189885183536,35.977877102153855],[139.07211911316696,35.9778354214611],[139.07243751947962,35.97778529557662],[139.072743398493,35.97714433942288],[139.0720677910643,35.97748745205325],[139.07139176397303,35.97695355190705],[139.07132121227693,35.976894332296915],[139.0681613480653,35.97435722252962],[139.06952145400547,35.97315991148806],[139.07010166965537,35.97278953038284],[139.06948833773427,35.97259592744651],[139.07012831442603,35.971631911091556],[139.06868571835088,35.971281447581596],[139.06798682682006,35.97155388189039],[139.06629264825713,35.97282901032941],[139.06522284612606,35.97197138195526],[139.06505679491534,35.96998635293057],[139.06567494225527,35.970788648686465],[139.0669308314638,35.97092560781383],[139.06749496759255,35.97055150553013],[139.06787316866473,35.969276046215874],[139.0686811627205,35.96921199707192],[139.0687373705201,35.96918589097505],[139.06877633661153,35.96915134720998],[139.06929666725975,35.969204024354774],[139.06974312857668,35.96954268338267],[139.0699331225433,35.969601680998366],[139.06981575817335,35.968945093151326],[139.0714880540209,35.96798661253061],[139.07180034229174,35.96856909380556],[139.0752464618226,35.96846643014998],[139.07672580775733,35.968194201175805],[139.07763284871007,35.96852285691789],[139.0778570357109,35.96929295796954],[139.07611637267348,35.96984319506637],[139.07591748830177,35.96997994833742],[139.07477651689666,35.970271878202944],[139.07457225274257,35.970391155367096],[139.07441153643563,35.970485506758415],[139.07399239104723,35.970502772267835],[139.0731774863671,35.97072700215196],[139.0769791168917,35.97350251584891],[139.078034949507,35.97282219690698],[139.0820058982378,35.97003317842953],[139.0822780479202,35.97026276969712],[139.08286622711083,35.9705983536033],[139.0851697762031,35.971335973952904],[139.08504557103169,35.97158290387196],[139.08411620815124,35.971913480754054],[139.08388663304285,35.97205388575574],[139.08374307836536,35.9720929991304],[139.08347815830368,35.97217863872249],[139.08326162931732,35.9723591320587],[139.08307708592667,35.972775382884436],[139.08307904622026,35.97281533008596],[139.08317556626702,35.97327099008263],[139.08317137002103,35.973284203153355],[139.08320919917358,35.97338761769101],[139.08323334204616,35.97342682959099],[139.0835366926863,35.97395873729076],[139.08341309613405,35.97432363538846],[139.08249856722156,35.975626874656946],[139.08232339006864,35.97583941163716],[139.0819783359314,35.976216780444624],[139.0808836971446,35.976694652688764],[139.08102607038148,35.978251489995564],[139.07993828673378,35.98043049157221],[139.07890665955648,35.981289884572945],[139.07874384564937,35.9827049713201],[139.07805175729783,35.98420396417542],[139.0768623301531,35.98476957918638],[139.0749704486292,35.98514430107003],[139.07265617042026,35.98678810190246],[139.07235078819159,35.98750145895256],[139.0710199761982,35.98841809392928],[139.07014161927356,35.98958168530849],[139.0704316686943,35.990739765083],[139.0700402877059,35.990335415299796],[139.0669983194951,35.98865890758945],[139.0644906642828,35.98668090898129],[139.0612280542219,35.98327706521592],[139.0600245571858,35.98203796707211],[139.0583733046597,35.981525760034025],[139.05687300470635,35.98162258332827],[139.05561377634012,35.98103277774],[139.05537439831735,35.97962110907879]],[[139.074393041786,35.9790188081976],[139.07479766142686,35.97961061952436],[139.07603813698293,35.9791271194131],[139.07565479910784,35.97798423927696],[139.074393041786,35.9790188081976]],[[139.07603813698293,35.9791271194131],[139.07680673538184,35.97999701316361],[139.077962131404,35.9786585417333],[139.07735190087956,35.97811477002049],[139.07603813698293,35.9791271194131]]],[[[139.06674990321787,35.974830134286904],[139.0681613480653,35.97435722252962],[139.06751772508244,35.97529904839258],[139.06674990321787,35.974830134286904]]],[[[139.06812978691192,35.97796894108886],[139.06948020670745,35.97660587665341],[139.07052160614882,35.97745608771226],[139.07000819744175,35.97792910904451],[139.07039631141615,35.97821553705276],[139.07069824113287,35.97857341438323],[139.07071845354298,35.97861568673477],[139.06928147873072,35.9796647588421],[139.06864299672637,35.978802915736814],[139.06812978691192,35.97796894108886]]]]}},{"type":"Feature","properties":{"KEY_CODE":"11207042001","PREF":"11","CITY":"207","CITY_NAME":"秩父市","S_NAME":"浦山","SETAI":"44"},"geometry":{"type":"Polygon","coordinates":[[[139.02383582991598,35.89716416812972],[139.025259231959,35.89530433552073],[139.02957268089435,35.892628675965106],[139.03129851404475,35.89179339355641],[139.03428298412692,35.89075311837381],[139.03520543572063,35.890017162703934],[139.0376344155073,35.88891109386614],[139.03960921300194,35.8866707818309],[139.04321239670628,35.88520133280234],[139.04424134473908,35.883621988582384],[139.04577133853783,35.883098423690996],[139.0467030414331,35.88196755397294],[139.05015498559058,35.87864586303976],[139.05131362713678,35.878077929958884],[139.05407504168699,35.877506411120514],[139.05784421196893,35.87737719256676],[139.05836373773715,35.8768624653926],[139.0593369856865,35.874568384367436],[139.06257823311034,35.87282709861712],[139.06522068410897,35.872113411289696],[139.0681051214522,35.87179054015142],[139.07084007597607,35.870959424772046],[139.0724336478799,35.871107579129436],[139.0758117149639,35.87398150507884],[139.07709462503132,35.87474809281093],[139.07891319222122,35.87530397933255],[139.08271750015894,35.8748698661836],[139.08412213899294,35.8733438704795],[139.08928347907232,35.87112090842065],[139.09124178658683,35.869013338462736],[139.09378420141405,35.86903593655045],[139.09520154835585,35.869464680167226],[139.097534895078,35.86873455497978],[139.09922754845584,35.86854689582355],[139.1002278847551,35.8671847927232],[139.10130490949538,35.867955149511616],[139.10416221679623,35.86949007231778],[139.1057523237664,35.87132503773494],[139.10665625004634,35.8716273286683],[139.1079495609819,35.872835583212],[139.10884573963446,35.874330924863756],[139.10886890407454,35.87521945601559],[139.1107041017929,35.876757888677915],[139.11084238663557,35.87824669437176],[139.11053937874988,35.87906686614975],[139.11061006935148,35.88212255415187],[139.11223885502073,35.88356161020209],[139.11420495643105,35.884392537244864],[139.1157815982048,35.88613555457251],[139.1180903845419,35.889059192337164],[139.1184992931427,35.89014855586757],[139.1183071567174,35.891285078352695],[139.11900358385643,35.892554596674096],[139.11992853960285,35.89335499222393],[139.1207513636955,35.89498250582287],[139.12048216216988,35.896655706150725],[139.12031298679298,35.897455772828],[139.11932478561272,35.89897702538188],[139.1189855530475,35.90039664424612],[139.11861742968878,35.9011387501424],[139.11857615757677,35.90129668514953],[139.1184387472391,35.90188602196411],[139.11790928621656,35.90255619282848],[139.11505143741962,35.904082553339634],[139.11357715418382,35.90530883756468],[139.11306666167513,35.906401371370855],[139.11188497809394,35.90747073220675],[139.1118236279588,35.908462058370006],[139.11261295493446,35.90966127259167],[139.11257373295015,35.91151664975659],[139.11328299270752,35.91275187776306],[139.1136699743003,35.9143461526709],[139.11369618742862,35.91586323822964],[139.11254549516255,35.91767140411601],[139.11276797775213,35.91870903791739],[139.112411520146,35.91980809968129],[139.10961620552527,35.920957420991776],[139.10767105110253,35.922375466603256],[139.10537834376777,35.92307752159321],[139.10441548546052,35.92394577332031],[139.10355600663345,35.92495659163558],[139.10292256817016,35.92551248182362],[139.10284349047208,35.92625222142448],[139.10277079352423,35.927381364303315],[139.1007861469224,35.92818253502812],[139.09928589983937,35.93025445122952],[139.09839129778697,35.93281301462448],[139.09826384887106,35.93378793506827],[139.09752212530194,35.93483506760681],[139.0959090275302,35.93547872261857],[139.09601339299945,35.93675479730174],[139.0943287842242,35.93562110926928],[139.0921874494443,35.93563650304974],[139.09097453221585,35.93661807224558],[139.08873403789156,35.9370761010192],[139.08790166677602,35.93688624020373],[139.08282495076378,35.93795371370305],[139.08161590258325,35.93844572187244],[139.08072359340716,35.93867027250549],[139.07946805922558,35.93873893847475],[139.07831435236224,35.938397149602054],[139.07783391779552,35.93962390717583],[139.07654642316197,35.941838069693766],[139.0764462335803,35.942102423738724],[139.07624925752538,35.942528134310805],[139.07428502533477,35.94397421982202],[139.0731565954892,35.945094253497516],[139.07119028679264,35.94566842035729],[139.06844101444383,35.94608456762468],[139.06727649930738,35.94660590412464],[139.06429553391587,35.948715995119485],[139.06263199655052,35.949676421103334],[139.06172123289187,35.94983133127141],[139.05963673999503,35.948782580780545],[139.0550580525985,35.947253002137245],[139.0546593611305,35.9479174094365],[139.05303784646227,35.948967903296264],[139.05312842572636,35.950018947247905],[139.05253224756115,35.95101027694446],[139.05118331613735,35.95104139525102],[139.0505140598257,35.950320974344784],[139.04890627508098,35.94988020086067],[139.04681164645717,35.9507354656862],[139.046353309405,35.94997153599874],[139.04718577805093,35.94926255264942],[139.04697477089078,35.947044833269956],[139.04658711228038,35.945957391108436],[139.04766434660186,35.9455008915633],[139.04769085579954,35.94488633862927],[139.04598450705527,35.94347956903874],[139.04390213157686,35.94229460887098],[139.0453269616018,35.94036004847573],[139.04539015121637,35.937705472874526],[139.044974977013,35.935955047347896],[139.044715342721,35.93344946305731],[139.04133585805144,35.93228421055563],[139.03930527982024,35.930458203874316],[139.03910412245423,35.92952813502446],[139.03941993237999,35.927980102316845],[139.03886327688951,35.926451210931795],[139.03908877742404,35.9249490896651],[139.0375371153702,35.92283874716218],[139.0337938659858,35.92136178337477],[139.03301931228305,35.920191967557216],[139.0316744231694,35.91906986920977],[139.03071052431514,35.91763959521],[139.03074456538167,35.91608637692036],[139.0297926521636,35.912672409490355],[139.0301330750315,35.911516647439946],[139.03117121400928,35.91044198372322],[139.03123622034303,35.90804333158283],[139.03100910539484,35.90747693134044],[139.02884519494614,35.905815526519426],[139.02608977810252,35.90441768960967],[139.02578963428422,35.90314746447919],[139.02496356879155,35.901880142550446],[139.02484336391643,35.8983913471762],[139.02383582991598,35.89716416812972]]]}},{"type":"Feature","geometry":{"type":"Polygon","coordinates":[[[139.08678790287223,35.971229939409184],[139.08760506775465,35.9718397275981],[139.08697408593594,35.97476095223158],[139.08717937883924,35.97588509531184],[139.08859039068517,35.979440090241106],[139.08990960672062,35.981599876731906],[139.0903160918299,35.98361404578356],[139.09004764529234,35.98446060824086],[139.09074547061766,35.98718164074068],[139.0905902316634,35.98774412481939],[139.09216506987647,35.98865077954764],[139.09017557024254,35.98883583055749],[139.09343296440264,35.99055133564409],[139.0932604371162,35.9911569765916],[139.09120027522977,35.99171178712243],[139.08971800150493,35.98964229126997],[139.0896422725459,35.98912558287083],[139.0889056572395,35.98833232396539],[139.08853934524606,35.98805582393319],[139.08847220154297,35.98801886037262],[139.08572115499882,35.983268740687954],[139.08365809794404,35.97968174997208],[139.0830448707226,35.97966065272859],[139.08252825412248,35.9786401784038],[139.08161627895535,35.97808605762313],[139.08271367457232,35.97614692195121],[139.0819783359314,35.976216780444624],[139.08232339006864,35.97583941163716],[139.08249856722156,35.975626874656946],[139.08341309613405,35.97432363538846],[139.0835366926863,35.97395873729076],[139.08323334204616,35.97342682959099],[139.08320919917358,35.97338761769101],[139.08317137002103,35.973284203153355],[139.08317556626702,35.97327099008263],[139.08307904622026,35.97281533008596],[139.08307708592667,35.972775382884436],[139.08326162931732,35.9723591320587],[139.08347815830368,35.97217863872249],[139.08374307836536,35.9720929991304],[139.08388663304285,35.97205388575574],[139.08411620815124,35.971913480754054],[139.08504557103169,35.97158290387196],[139.08678790287223,35.971229939409184]]]},"properties":{"KEY_CODE":"112070430","PREF":"11","CITY":"207","CITY_NAME":"秩父市","S_NAME":"大宮","SETAI":"0"}},{"type":"Feature","geometry":{"type":"Polygon","coordinates":[[[139.1005575717414,36.01536389491531],[139.1007022211744,36.01608595765852],[139.09913774622083,36.01587934367675],[139.09822111100868,36.015357410971724],[139.09655871371987,36.01694405208627],[139.09510294971017,36.016109817368786],[139.09475263601152,36.01632526571364],[139.0948183441556,36.01511385414917],[139.09445121355543,36.0124094659253],[139.0947260235333,36.011980417906166],[139.09380611349718,36.00943313096267],[139.09385791820503,36.00856430002079],[139.09405158982557,36.00718483371446],[139.09366055375273,36.00555030611313],[139.09411917287136,36.00526783401846],[139.09336574972315,36.00338421743252],[139.0933370822153,36.003354875586446],[139.09326024028456,36.0032880785787],[139.0933192604778,36.001173339246826],[139.09286753049204,36.000415394453896],[139.09208135114096,35.9995544739967],[139.091809987817,35.99964448447329],[139.09148904035607,35.999597985546394],[139.09114217902962,35.99968153419866],[139.09089966259867,35.99876435951221],[139.08960007406412,35.99860126954394],[139.08895472500086,35.99863713941879],[139.08847911676247,35.99731777782452],[139.08769197695813,35.99536809721179],[139.08867009449082,35.99467903715447],[139.09042871812096,35.99246150734723],[139.09010501699802,35.99345984161985],[139.09083590978392,35.993815085379836],[139.09106366729017,35.99280060279886],[139.09161804412832,35.99334329438611],[139.09296298227304,35.99268858167354],[139.0935632261752,35.99468583650431],[139.0931825172996,35.99541720880804],[139.09408696463754,35.99609984456314],[139.09473487675842,35.997876954151536],[139.09546711487943,35.9989298786692],[139.0966172169839,35.99977574972142],[139.09755148137273,35.99925576127573],[139.0972830468132,36.00065138241483],[139.09813037791088,36.00188781572359],[139.09874554016633,36.00192516318682],[139.09987523806305,36.00342220409186],[139.09996211740176,36.004023540574224],[139.10117335016568,36.00622719202617],[139.10088334068567,36.00687700289808],[139.10197253444744,36.00766772247299],[139.10243235480422,36.00895135526282],[139.1018493151305,36.009743844783856],[139.10135064121255,36.01140011496289],[139.10104764047017,36.01168290736053],[139.0992862918096,36.013015959852474],[139.10014675079373,36.014380926059246],[139.1005575717414,36.01536389491531]]]},"properties":{"KEY_CODE":"112070430","PREF":"11","CITY":"207","CITY_NAME":"秩父市","S_NAME":"大宮","SETAI":"226"}},{"type":"Feature","geometry":{"type":"Polygon","coordinates":[[[139.06760187400099,35.98521493643583],[139.06741422971038,35.98529449599383],[139.06309962021223,35.98217057148244],[139.06387143290652,35.98184048585572],[139.06414907849154,35.9817971973323],[139.06436997229056,35.981888737395835],[139.06542216790723,35.98201938419413],[139.06612633511182,35.98210783119386],[139.0665529590505,35.982273980371566],[139.06707136722946,35.98267855169742],[139.06720019844118,35.982947206393405],[139.06759763063334,35.984658052486274],[139.06760187400099,35.98521493643583]]]},"properties":{"KEY_CODE":"112070440","PREF":"11","CITY":"207","CITY_NAME":"秩父市","S_NAME":"和泉町","SETAI":"13"}},{"type":"Feature","geometry":{"type":"Polygon","coordinates":[[[139.05701312701368,36.05228606687089],[139.05676337025045,36.05236917896671],[139.0567602984536,36.05231104008264],[139.05601811467997,36.05206763693809],[139.05535840968815,36.05109883289074],[139.05530693873482,36.05143090995659],[139.05513711929882,36.0519474152062],[139.05564300315322,36.0521215272038],[139.0556170600203,36.05225582183566],[139.05479347116272,36.05219669142956],[139.05417565509475,36.05193358066693],[139.0540004286131,36.05178252530105],[139.05382882952182,36.05167712636292],[139.05390151163073,36.05142827757414],[139.05359916246908,36.05114603876229],[139.05333984629684,36.05117857177688],[139.0531445080486,36.05102738121951],[139.05242152727635,36.05064135545311],[139.05258217250224,36.04877824932349],[139.05217764433405,36.048158575609584],[139.0517265622793,36.0486113337686],[139.05151715152783,36.0481298256999],[139.05134334196887,36.0475728137988],[139.05086149990888,36.047031169135515],[139.0506319876468,36.04693532629215],[139.05050444525702,36.046838928947174],[139.0503584474499,36.046697495824155],[139.0501629699672,36.04650929303754],[139.04998163726566,36.046609494759146],[139.04967842668788,36.04629657345793],[139.04992989791418,36.04578090406561],[139.04980819811877,36.045097719994345],[139.0494374105963,36.04452040884482],[139.04908373895321,36.04426121752661],[139.04873340965443,36.04377672454294],[139.05026735502946,36.04318923546928],[139.05198343675855,36.042625841089006],[139.05290164335878,36.04183526707859],[139.05311133428162,36.041556631390584],[139.05338266503767,36.04149820297309],[139.0535334994541,36.041597185805294],[139.0536993912728,36.0423865474044],[139.0546050204155,36.04339515502046],[139.05500146192037,36.04376972576482],[139.05509335747374,36.04376156256161],[139.0554169455836,36.04352952983656],[139.0559744387192,36.04366075103589],[139.05589916631735,36.043980747340655],[139.05601051356416,36.04420820341309],[139.05601937664144,36.04464832579067],[139.055980187245,36.04478991631576],[139.0563943033508,36.044945955362124],[139.05679462691202,36.04494353864809],[139.05744122031135,36.04456538154523],[139.05783063762235,36.044693872211056],[139.05808550398308,36.04498116716191],[139.05786835884882,36.045738578304814],[139.05741749674016,36.0460848876324],[139.0566124210755,36.04630139479751],[139.05562918305813,36.045774206351034],[139.0551567196781,36.04657110478636],[139.054773735546,36.04713743033782],[139.05507082542812,36.04729194804949],[139.05556052898123,36.047760130580826],[139.05580959628068,36.04786075106002],[139.05613445666958,36.04788067310274],[139.05616950514406,36.047843294215355],[139.05619689327278,36.047499566668435],[139.05621683078752,36.04746472985813],[139.05651460324563,36.04747922065319],[139.05719679868656,36.047593497062465],[139.05730210013672,36.048014013366846],[139.0572987805346,36.04837944181249],[139.05741269946958,36.04834520628262],[139.05750465187583,36.04856200275323],[139.05765541773556,36.04866974738353],[139.05824055817223,36.04807951181529],[139.05830766338042,36.048079947053935],[139.05828200270759,36.048203542074866],[139.05824299467713,36.04845079383979],[139.0584984275106,36.048521755123836],[139.05885664297708,36.048376086710824],[139.05910244949425,36.04820777723646],[139.05918264195705,36.04803131964539],[139.05943808576714,36.04775452358655],[139.05994271257512,36.04770702845305],[139.06046548101767,36.04841261066349],[139.0602381784705,36.048845129970054],[139.06004727755501,36.049287554179095],[139.0600793040573,36.04953276064356],[139.06109618572236,36.05087216851784],[139.0612154464911,36.05114360463775],[139.06200834602464,36.051474257173474],[139.06051727846864,36.05163486047378],[139.0599762740446,36.05163138148414],[139.05999784837292,36.05132211538818],[139.05932752492865,36.05123450125111],[139.0591338197437,36.05201506781909],[139.05815677004918,36.05226458668216],[139.05754649768144,36.05194733364707],[139.05770050826285,36.0515738251192],[139.05749733379935,36.05136306766737],[139.05740352708045,36.05106971962154],[139.0566504420553,36.05124936289367],[139.05656365335412,36.05205339612717],[139.05657946129423,36.05208608941722],[139.0572370271287,36.051770975120625],[139.05701312701368,36.05228606687089]]]},"properties":{"KEY_CODE":"112070450","PREF":"11","CITY":"207","CITY_NAME":"秩父市","S_NAME":"みどりが丘","SETAI":"0"}},{"type":"Feature","properties":{"KEY_CODE":"11207046001","PREF":"11","CITY":"207","CITY_NAME":"秩父市","S_NAME":"下吉田","SETAI":"936"},"geometry":{"type":"Polygon","coordinates":[[[138.99686335864467,36.03070637365227],[138.9972836614635,36.03034060451806],[138.99754820432605,36.029784270365525],[138.99838790625722,36.029144880749925],[138.99862418251612,36.02905698542159],[139.0000092155666,36.02857234476522],[139.0017563093447,36.0286407516582],[139.00259641368456,36.0279501236665],[139.00414293191156,36.027883965868014],[139.00487483457835,36.02788900321574],[139.0052514287741,36.028075948700334],[139.00585520532275,36.02826444375324],[139.00752323709847,36.02805057725236],[139.0079482546547,36.02783330192731],[139.00946199326253,36.02788463140582],[139.01068147038788,36.02711461059135],[139.01124223969953,36.02658588254288],[139.01262662260447,36.02572479256436],[139.01281577904842,36.025655962616995],[139.01362386494148,36.02508124598283],[139.01375344783088,36.02475439089834],[139.01422968292056,36.02384613333709],[139.01537544061796,36.02367498062217],[139.0161820903676,36.02295813485168],[139.01657792821132,36.02189057024651],[139.01794532307036,36.021158752326066],[139.01895008894334,36.01980559869527],[139.02018245874015,36.0182690359699],[139.0205207103655,36.01816198400154],[139.02071220753658,36.018158282064626],[139.02144374441667,36.01824130736725],[139.02257977510783,36.01749312741894],[139.023044661042,36.01711305235729],[139.02374869858878,36.016696401208044],[139.0239295787671,36.016330559596106],[139.02417518318288,36.0160091969644],[139.0244033281159,36.01597255655108],[139.0249582658038,36.016145145221],[139.0258755160486,36.01675963417692],[139.02665637150173,36.017364142811054],[139.02765148095844,36.01782477040706],[139.02853615404362,36.01779945767801],[139.02969832382865,36.01833496351946],[139.0316788924401,36.01883615709269],[139.03260649552968,36.01871463787958],[139.0331722699305,36.01946795664537],[139.03416884799856,36.019124445589995],[139.03532062454872,36.0193112070431],[139.03830201953699,36.02050462841796],[139.0394282191419,36.0218380399803],[139.03927736465477,36.02237851138291],[139.0388533772135,36.023395541475146],[139.03910312160565,36.023878601807205],[139.03952120059844,36.0239546477851],[139.0400700143246,36.02382925398202],[139.04199686989656,36.023903716905664],[139.04314809580407,36.02361425526609],[139.04419945927623,36.02355127565963],[139.04538669054088,36.02322236048299],[139.04607293677648,36.02280279138962],[139.04617581006895,36.0225859227625],[139.04588710992533,36.02188451278482],[139.04803298987483,36.02196204373785],[139.04864377849432,36.02095627882443],[139.0498834637744,36.020722564827196],[139.04986117327098,36.02079429145094],[139.04993388790714,36.02139160906141],[139.0501318141252,36.02173814384214],[139.05051232408744,36.022440566106916],[139.05062167790518,36.022979717326045],[139.05027983475284,36.02336467780774],[139.04994197353008,36.024337968224295],[139.04958193891687,36.02451036104348],[139.04865922446186,36.02510784851494],[139.04747622263577,36.02703226957725],[139.04638000100448,36.02772589267967],[139.0462776258704,36.02780458151087],[139.0462100252301,36.02802167133726],[139.04616904884702,36.02824618086775],[139.04623501121307,36.02865718640294],[139.04619032561078,36.030172283146506],[139.04632333347388,36.03101661514851],[139.04640646856456,36.03195984374645],[139.0466763525428,36.03236845028278],[139.04698560442327,36.03303815886214],[139.04771227326032,36.03438934430827],[139.04780553177946,36.03449631017409],[139.04790094349187,36.03449963829102],[139.04827226998708,36.034539930314054],[139.0485460315942,36.03468052646818],[139.0486444736641,36.034824477418205],[139.04870175995677,36.03508893713211],[139.04869141966137,36.03524028923851],[139.04855216918074,36.03553181410627],[139.04856715723903,36.03579558012761],[139.0489209150166,36.0358159248111],[139.04911585410065,36.035906521780944],[139.04920382414593,36.03598758463897],[139.0501527130706,36.036368379611496],[139.05002090946945,36.03814397438237],[139.0511912374699,36.038631118039525],[139.05107930946164,36.03951906729298],[139.05201292156582,36.03993345788294],[139.05311133428162,36.041556631390584],[139.05290164335878,36.04183526707859],[139.05198343675855,36.042625841089006],[139.05026735502946,36.04318923546928],[139.04873340965443,36.04377672454294],[139.04908373895321,36.04426121752661],[139.0494374105963,36.04452040884482],[139.04980819811877,36.045097719994345],[139.04992989791418,36.04578090406561],[139.04967842668788,36.04629657345793],[139.04983655888867,36.04648036494582],[139.04778013047977,36.04666475509509],[139.04879534696732,36.047277020351125],[139.04862010881695,36.04815373495387],[139.0449483689971,36.047587419527396],[139.04342939053757,36.04651416608929],[139.04316788708292,36.04545319884438],[139.04180652320818,36.04630627095088],[139.04093250477558,36.04840766261564],[139.03993862367795,36.047649762089456],[139.0392887570078,36.048454450379275],[139.03843927297174,36.04860252960489],[139.03708348239255,36.05058087537791],[139.0351729785838,36.051271693932975],[139.03411989745297,36.05144145268811],[139.03349339971487,36.05086730981637],[139.032020947292,36.05058674860741],[139.03113648397425,36.0499809263676],[139.0299913999338,36.04889532075148],[139.02959835282385,36.04876711580293],[139.02886548683165,36.04872536414085],[139.027007045292,36.04940082991624],[139.0261499371839,36.04973185090434],[139.0253043922778,36.04991455711207],[139.0229164193327,36.05021937067632],[139.0215586485017,36.050632306454894],[139.0212511528366,36.05134455359665],[139.02091098473863,36.05224035990103],[139.02063475675715,36.05312371111453],[139.01949645471973,36.05408640109962],[139.0187041021234,36.05468009081738],[139.01795998117282,36.055119602050226],[139.01765944575774,36.05541194802548],[139.01742570048475,36.056844950828356],[139.01716316759493,36.05818428334216],[139.0170741262879,36.06027359085963],[139.0168091580034,36.06072206782479],[139.015909047573,36.06191586828732],[139.01579587569353,36.06205833087726],[139.01447836319008,36.06324927656481],[139.01346015175702,36.06343177934287],[139.01316629746086,36.062549028548226],[139.01279836638926,36.06211126052073],[139.0125722259486,36.061966190594326],[139.01257354361812,36.0619812715551],[139.0111706607231,36.060778208888074],[139.0116410242119,36.05984507604089],[139.01004713442057,36.05671201820986],[139.00705780533676,36.056236871109334],[139.00544170214604,36.055731683176916],[139.00553566739873,36.05460066759726],[139.00613480412028,36.05343729014362],[139.0050587989692,36.05251840472563],[139.00505349862163,36.05167474634185],[139.00577381900067,36.050843760688316],[139.00575486230895,36.04924111418094],[139.0056199020985,36.047687343879545],[139.00596312791743,36.04589210470152],[139.00545035390647,36.04490696412584],[139.0045483315524,36.04391896400827],[139.00304339500056,36.043090197686105],[139.00236208544197,36.04186164128328],[139.00013372416072,36.04021704335039],[138.9996425088742,36.03973052000577],[138.99999824531824,36.03830429424006],[139.0006911286082,36.03783286157787],[139.00104301316057,36.036770175895576],[139.00068483361815,36.03632987515399],[139.00096929027418,36.03387898685065],[138.9986717167466,36.03274675167279],[138.99686335864467,36.03070637365227]],[[139.0249536770159,36.041001840066],[139.02567160921842,36.04160803638908],[139.02630002679837,36.04176812515823],[139.0249536770159,36.041001840066]],[[139.03186275134692,36.04109609174614],[139.03256326175807,36.041690099665495],[139.0324706027551,36.041584923283615],[139.03186275134692,36.04109609174614]],[[139.03542393279105,36.02539112146718],[139.03542393279113,36.02539112146719],[139.03591796586815,36.0248703458672],[139.03542393279105,36.02539112146718]],[[139.0373889213953,36.032570424366476],[139.03747651938448,36.0319098280163],[139.03882257992927,36.03166355718389],[139.03747651938446,36.0319098280163],[139.0373889213953,36.032570424366476]]]}},{"type":"Feature","properties":{"KEY_CODE":"11207047001","PREF":"11","CITY":"207","CITY_NAME":"秩父市","S_NAME":"吉田久長","SETAI":"195"},"geometry":{"type":"Polygon","coordinates":[[[139.03044565498664,36.059582904273725],[139.03046918486467,36.05805013281812],[139.03143507395563,36.05690184954423],[139.03293000602815,36.05563167270771],[139.0331699746886,36.05351841646604],[139.03394603734006,36.05200031526641],[139.03411989745302,36.0514414526881],[139.0351729785838,36.051271693932975],[139.03708348239255,36.05058087537791],[139.03843927297174,36.04860252960489],[139.0392887570078,36.048454450379275],[139.03993862367795,36.047649762089456],[139.04093250477558,36.04840766261564],[139.04180652320818,36.04630627095088],[139.04316788708292,36.04545319884438],[139.04342939053757,36.04651416608929],[139.0449483689971,36.047587419527396],[139.04862010881695,36.04815373495387],[139.049280053293,36.04883385165786],[139.04887213607705,36.05013580789933],[139.0495265249505,36.051274260257514],[139.05156151409778,36.05482920804257],[139.0535543755745,36.05451609930878],[139.05466302503126,36.054785480526256],[139.0553307162795,36.05577385749338],[139.0560545939888,36.05795789604926],[139.05833592076118,36.059127753511895],[139.05789745851826,36.05962616810094],[139.05751040270843,36.06008153497729],[139.05729487451066,36.06010256942902],[139.0560994769585,36.06060501515072],[139.05417726457662,36.060702172817905],[139.05352837584562,36.061025020733496],[139.05488125841333,36.06246658714552],[139.05610531584657,36.064210196812276],[139.05620545375575,36.065911205133666],[139.05543221417062,36.066997036058716],[139.05541247480468,36.06853931323707],[139.05500542833886,36.06987466591498],[139.05546042647694,36.071111574854754],[139.05529195916444,36.072861084950354],[139.05320977177658,36.072744118105966],[139.05064634675742,36.0738715899336],[139.04841948921725,36.07383984927456],[139.04654705831044,36.07490047666402],[139.04415585128976,36.0745415630661],[139.0432476811234,36.07393104046287],[139.04090420876005,36.0719852113355],[139.04039417695097,36.07070356511424],[139.03839656236858,36.07058327551887],[139.03852310302827,36.068998038733696],[139.03910052051177,36.067766941803946],[139.03929112024224,36.06559434768017],[139.03895965792617,36.065041495061955],[139.03883370162774,36.064897768274044],[139.03845208238855,36.0643570479071],[139.03642605077675,36.06192730356868],[139.03578729348712,36.06123526950058],[139.03395818341258,36.06050275873847],[139.03165335673788,36.06078721713966],[139.03110583645184,36.060876941597535],[139.0305639564688,36.060239757767285],[139.03044565498664,36.059582904273725]],[[139.04511105782427,36.06148141811168],[139.04593098508616,36.06028989698851],[139.04695037571963,36.05968830593334],[139.04593098508613,36.06028989698852],[139.04511105782427,36.06148141811168]],[[139.0502397511367,36.05727710130723],[139.05190456939917,36.0565673000699],[139.05306323359085,36.05888368870206],[139.05190456939917,36.05656730006989],[139.0502397511367,36.05727710130723]]]}},{"type":"Feature","properties":{"KEY_CODE":"11207048001","PREF":"11","CITY":"207","CITY_NAME":"秩父市","S_NAME":"吉田阿熊","SETAI":"54"},"geometry":{"type":"Polygon","coordinates":[[[139.00316860391465,36.081076165700814],[139.00499764428213,36.07928004195717],[139.00560807264134,36.077229379071234],[139.00707363067454,36.0759387978903],[139.0067010804455,36.07428878060468],[139.00835797845087,36.07323189925534],[139.0091248174355,36.071764082603664],[139.00893670687273,36.07043138554147],[139.01161757907985,36.067846545804976],[139.01240533965122,36.06591830322215],[139.01346015175702,36.06343177934287],[139.01447836319008,36.06324927656481],[139.01579587569353,36.06205833087726],[139.015909047573,36.06191586828732],[139.0168091580034,36.06072206782479],[139.0170741262879,36.06027359085963],[139.01716316759493,36.05818428334216],[139.01742570048475,36.056844950828356],[139.01765944575774,36.05541194802548],[139.01795998117282,36.055119602050226],[139.0187041021234,36.05468009081738],[139.01949645471973,36.05408640109962],[139.02063475675715,36.05312371111453],[139.02091098473863,36.05224035990103],[139.0212511528366,36.05134455359665],[139.0215586485017,36.050632306454894],[139.0229164193327,36.05021937067628],[139.0253043922778,36.04991455711207],[139.0261499371839,36.04973185090434],[139.027007045292,36.04940082991624],[139.02886548683165,36.04872536414085],[139.02959835282385,36.04876711580293],[139.0299913999338,36.04889532075148],[139.03113648397425,36.0499809263676],[139.032020947292,36.05058674860741],[139.03349339971487,36.05086730981637],[139.03411989745297,36.05144145268811],[139.03394603734006,36.05200031526641],[139.03316997468852,36.053518416466034],[139.03293000602815,36.05563167270771],[139.03143507395563,36.05690184954423],[139.03046918486467,36.05805013281812],[139.03044565498664,36.059582904273725],[139.0305639564688,36.060239757767285],[139.0308344829164,36.06071441654946],[139.03110583645184,36.060876941597535],[139.03165335673788,36.06078721713966],[139.03395818341258,36.06050275873847],[139.03578729348712,36.06123526950058],[139.03642605077675,36.06192730356868],[139.03845208238855,36.0643570479071],[139.03883370162774,36.064897768274044],[139.03895965792617,36.065041495061955],[139.03929112024224,36.06559434768017],[139.03910052051177,36.067766941803946],[139.03852310302827,36.068998038733696],[139.03839656236858,36.07058327551887],[139.03542421488996,36.070124712622864],[139.0334184860925,36.0708572478081],[139.03070201065137,36.07269843477637],[139.02742535207392,36.0742682592539],[139.02622624434372,36.075003616495756],[139.0244934823374,36.07573244324517],[139.0234963769826,36.075847331505],[139.02168262898442,36.07699986753116],[139.0212177403607,36.077831795312115],[139.02022363770166,36.07798180298732],[139.0197517492309,36.079173103858395],[139.01840962705933,36.08109085585348],[139.01826715921152,36.08133851606174],[139.01844311794736,36.08236123774143],[139.0163757728909,36.082895798251776],[139.0157444081505,36.08403194948645],[139.01429252353705,36.08528142181291],[139.01176433516704,36.085266861945904],[139.01071058704667,36.085694755479125],[139.0073035971223,36.0859416248843],[139.0063119762982,36.085842923031834],[139.0048235602089,36.085470522829844],[139.00477621082976,36.085502234459746],[139.00551195030303,36.08389179057578],[139.0034716506706,36.082144958111606],[139.00316860391465,36.081076165700814]]]}},{"type":"Feature","properties":{"KEY_CODE":"11207049001","PREF":"11","CITY":"207","CITY_NAME":"秩父市","S_NAME":"上吉田","SETAI":"358"},"geometry":{"type":"Polygon","coordinates":[[[138.9312075267802,36.08826734484044],[138.93183760093615,36.08597033197451],[138.93153697780932,36.083931156321874],[138.93178300259376,36.08196033599452],[138.93302184364825,36.080580845677964],[138.9335139706061,36.07884684070436],[138.93464506872422,36.07840721051412],[138.9352824871261,36.07681083578562],[138.93893741135452,36.07477376367188],[138.9403364048435,36.07475717220851],[138.94031316815312,36.072392381564974],[138.9431941405352,36.07155357420328],[138.94360662943637,36.07062873639373],[138.94378163344155,36.069412250466925],[138.94478158436664,36.06740422629308],[138.94549090967112,36.06655301360182],[138.94687599183672,36.06627949917601],[138.94743578672396,36.06499194093774],[138.94835152517885,36.064566751519855],[138.94918713596041,36.062844104092896],[138.95042464875814,36.0618899854412],[138.95155711296752,36.06190965840801],[138.95374444087943,36.060770050728934],[138.95495354653733,36.05970404392887],[138.95757959048018,36.0594923217012],[138.95900221030158,36.05947702554149],[138.9597481481436,36.05920025265631],[138.9612045917393,36.058014121328036],[138.96178739087603,36.05701513879157],[138.96273952087446,36.056555714047406],[138.96360147541665,36.056063482034794],[138.96542408962637,36.05609232749009],[138.96507103222365,36.05547386682231],[138.96854134259473,36.05489796813128],[138.97004934231978,36.054197752536474],[138.970042978988,36.05446262676457],[138.9704035894677,36.05411476565862],[138.9714210852311,36.053880009051376],[138.97255014009977,36.053370594679166],[138.97255273588732,36.05313238609362],[138.97252435743022,36.05295147003008],[138.97196609559947,36.05129853776387],[138.9722100673304,36.05022600307199],[138.97150538759698,36.04893130952779],[138.97089137920972,36.04729916627133],[138.97014149099672,36.0469658705411],[138.96984028128873,36.04595827491242],[138.9690916967222,36.04449955947956],[138.96945414091772,36.04324142192889],[138.9729294810184,36.04148388044026],[138.97478237039067,36.04034971315271],[138.97557994328128,36.03954495100043],[138.9762869422937,36.039680752654846],[138.97733127996707,36.03948773278659],[138.9782415404801,36.039057950756934],[138.97896586190208,36.03884221328883],[138.98010323681936,36.038300643535095],[138.9817280749805,36.03832227837519],[138.9832520718077,36.03779712940099],[138.98364307400456,36.03725503376815],[138.98375081346435,36.03541576385961],[138.98393616301854,36.03455064665687],[138.98569955158186,36.03375473223746],[138.9876287508774,36.03332309160182],[138.99045018590016,36.03265787730542],[138.99092870965515,36.03234775538704],[138.99297718391387,36.031543411363735],[138.99328415060913,36.030929715854015],[138.9940889104851,36.03059768431532],[138.99587651632626,36.03065793857226],[138.99617623067428,36.03066226014083],[138.9967376171195,36.0307599535884],[138.99686335864467,36.03070637365227],[138.9986717167466,36.03274675167279],[139.00096929027418,36.03387898685065],[139.00068483361815,36.03632987515399],[139.00104301316057,36.036770175895576],[139.0006911286082,36.03783286157787],[138.99999824531824,36.03830429424006],[138.9996425088742,36.03973052000577],[139.00013372416072,36.04021704335039],[139.00236208544197,36.04186164128328],[139.00304339500056,36.043090197686105],[139.0045483315524,36.04391896400827],[139.00545035390647,36.04490696412584],[139.00596312791743,36.04589210470152],[139.0056199020985,36.047687343879545],[139.00575486230895,36.04924111418094],[139.00577381900067,36.050843760688316],[139.00505349862163,36.05167474634185],[139.0050587989692,36.05251840472563],[139.00613480412028,36.05343729014362],[139.00553566739873,36.05460066759726],[139.00544170214604,36.055731683176916],[139.00466681735693,36.055914209396654],[139.00472600771718,36.05709184377699],[139.0030484824948,36.05908927493261],[139.0018131307182,36.05977788580584],[139.00143905041568,36.0604588050819],[139.00062757050424,36.059615599025385],[138.99909229043172,36.05709617664003],[138.99739298349024,36.05654945452574],[138.9968559446658,36.05668151671466],[138.99490944144205,36.058610658625284],[138.9932355680067,36.05935875138578],[138.9914418907051,36.06073524711767],[138.99127595393452,36.062041485527736],[138.99009614352994,36.062933594479134],[138.98704660589357,36.06310997576645],[138.98580903128666,36.06263855131282],[138.98228631905042,36.06750910612176],[138.97982532328732,36.06991374275927],[138.97935253719655,36.07093674848667],[138.97637281544667,36.07282232476649],[138.97546215956194,36.07471638323741],[138.97495690789353,36.077813869964736],[138.97190993787544,36.0808437741738],[138.97117310018604,36.08269033434485],[138.96965042794747,36.084194002849564],[138.969643687382,36.08721112630219],[138.9679949058204,36.088280423262006],[138.9675903867229,36.08935924852856],[138.9679870854351,36.09030258520746],[138.9668708260686,36.093259817965105],[138.9660690851544,36.093320495707076],[138.96449791798656,36.094393022615954],[138.9628728381261,36.09487426283095],[138.96193716343123,36.095552438176966],[138.96009061946557,36.09548631985499],[138.95774629908973,36.09713933138046],[138.9553265189205,36.09755826236069],[138.95403110586884,36.09836498503079],[138.95244284225657,36.09815454751158],[138.95082377978508,36.09857365039352],[138.94990890757904,36.09924952739702],[138.94823000263798,36.098541283054026],[138.9468927254756,36.09703316186313],[138.9459303347105,36.09640823651163],[138.94511794640513,36.09496675572934],[138.944568022431,36.09465012157464],[138.94199338451483,36.094333433042024],[138.9397937593872,36.093391844146886],[138.93763148866967,36.09291685688489],[138.93716519634376,36.092031076038],[138.93544270953657,36.09114486921817],[138.93386962715056,36.09053375885404],[138.93168243518886,36.088467319014065],[138.9312075267802,36.08826734484044]],[[138.97283570430992,36.06291087858754],[138.97464720409477,36.06405437828797],[138.9746314873319,36.064726598615096],[138.9746472040948,36.06405437828798],[138.97283570430992,36.06291087858754]],[[138.97458646873437,36.07041014731604],[138.97458646873443,36.07041014731605],[138.97482188238655,36.06864230759915],[138.97458646873437,36.07041014731604]]]}},{"type":"Feature","properties":{"KEY_CODE":"11207050001","PREF":"11","CITY":"207","CITY_NAME":"秩父市","S_NAME":"吉田石間","SETAI":"84"},"geometry":{"type":"Polygon","coordinates":[[[138.9668708260686,36.093259817965105],[138.9679870854351,36.09030258520746],[138.9675903867229,36.08935924852856],[138.9679949058204,36.088280423262006],[138.969643687382,36.08721112630219],[138.96965042794747,36.084194002849564],[138.97117310018604,36.08269033434485],[138.97190993787544,36.0808437741738],[138.97495690789353,36.077813869964736],[138.97546215956194,36.07471638323741],[138.97637281544667,36.07282232476649],[138.97935253719655,36.07093674848667],[138.97982532328732,36.06991374275927],[138.98228631905042,36.06750910612176],[138.98580903128666,36.06263855131282],[138.98704660589357,36.06310997576645],[138.99009614352994,36.062933594479134],[138.99127595393452,36.062041485527736],[138.9914418907051,36.06073524711767],[138.9932355680067,36.05935875138578],[138.99490944144205,36.058610658625284],[138.9968559446658,36.05668151671466],[138.99739298349024,36.05654945452574],[138.99909229043172,36.05709617664003],[139.00062757050424,36.059615599025385],[139.00143905041568,36.0604588050819],[139.0018131307182,36.05977788580584],[139.0030484824948,36.05908927493261],[139.00472600771718,36.05709184377699],[139.00466681735693,36.055914209396654],[139.00544170214604,36.055731683176916],[139.00705780533676,36.056236871109334],[139.01004713442057,36.05671201820986],[139.0116410242119,36.05984507604089],[139.0111706607231,36.060778208888074],[139.01257354361812,36.0619812715551],[139.01279836638926,36.06211126052073],[139.01316629746086,36.062549028548226],[139.01346015175702,36.06343177934287],[139.01240533965122,36.06591830322215],[139.01161757907985,36.067846545804976],[139.00893670687273,36.07043138554147],[139.0091248174355,36.071764082603664],[139.00835797845087,36.07323189925534],[139.0067010804455,36.07428878060468],[139.00707363067454,36.0759387978903],[139.00560807264134,36.077229379071234],[139.00499764428213,36.07928004195717],[139.00316860391465,36.081076165700814],[139.0034716506706,36.082144958111606],[139.00551195030303,36.08389179057578],[139.00477621082976,36.085502234459746],[139.00430158125388,36.08601012793366],[139.0042712174594,36.088269206745785],[139.0049037828206,36.090208554199805],[139.00457516193464,36.090738678246645],[139.00607333114434,36.09304883701037],[139.00686605305333,36.09561625297249],[139.00745836632726,36.09599597452439],[139.00757378982837,36.09758401579417],[139.00723626533795,36.09802560273779],[139.00544886395087,36.09855884009961],[139.00471150639532,36.09825887752497],[139.00351159269536,36.097533966891085],[139.00132430434775,36.09736728166967],[138.99959943158376,36.0973506075416],[138.9969042712481,36.09709335499822],[138.995438813315,36.09609014418295],[138.99423637149278,36.0957458923209],[138.99303572312468,36.09522617478678],[138.99258370347656,36.09479627335847],[138.9920894876923,36.095533572019434],[138.9917884969597,36.09583741642944],[138.99090391209464,36.09640690359288],[138.98997224622826,36.096931906772554],[138.98709605776597,36.09660591248709],[138.9854323996904,36.09586200412872],[138.9828443279879,36.09547770419876],[138.9792898605824,36.09569868363698],[138.97852635959904,36.09557435947154],[138.9763890184893,36.09636538925517],[138.97470415936334,36.09650340685249],[138.97319237107467,36.097135310674226],[138.97239251148147,36.09705101524223],[138.97156011519948,36.09585561194412],[138.96856378938398,36.09449034308957],[138.96775934953706,36.09353686635445],[138.9668708260686,36.093259817965105]]]}},{"type":"Feature","properties":{"KEY_CODE":"11207051001","PREF":"11","CITY":"207","CITY_NAME":"秩父市","S_NAME":"吉田太田部","SETAI":"13"},"geometry":{"type":"Polygon","coordinates":[[[138.94990890757904,36.09924952739702],[138.95082377978508,36.09857365039352],[138.95244284225657,36.09815454751158],[138.95403110586884,36.09836498503079],[138.9553265189205,36.09755826236069],[138.95774629908973,36.09713933138046],[138.96009061946557,36.09548631985499],[138.96193716343123,36.095552438176966],[138.9628728381261,36.09487426283095],[138.96449791798656,36.094393022615954],[138.9660690851544,36.093320495707076],[138.9668708260686,36.093259817965105],[138.96775934953706,36.09353686635445],[138.96856378938398,36.09449034308957],[138.97156011519948,36.09585561194412],[138.97239251148147,36.09705101524223],[138.97319237107467,36.097135310674226],[138.97470415936334,36.09650340685249],[138.9763890184893,36.09636538925517],[138.97852635959904,36.09557435947154],[138.9792898605824,36.09569868363698],[138.9828443279879,36.09547770419876],[138.9854323996904,36.09586200412872],[138.98709605776597,36.09660591248709],[138.98997224622826,36.096931906772554],[138.99021066411663,36.09811659852469],[138.99053519680342,36.098460988520664],[138.99082364965503,36.09903185770575],[138.98968045271687,36.09980603239149],[138.9890086484758,36.101071242272674],[138.988933443123,36.10128836357806],[138.98883600071986,36.103306771461355],[138.98856271517556,36.104049651673265],[138.98710680139843,36.10569692722356],[138.98676098720026,36.105951563488574],[138.9837606860307,36.10771767228893],[138.98242562493957,36.10874904616391],[138.9809079048247,36.109255876020676],[138.979078347869,36.109518842272266],[138.97708805802148,36.109751568973635],[138.97652236604213,36.110720709928295],[138.9762152944585,36.111517746855036],[138.97677575045083,36.112342440604976],[138.97705375596414,36.112959937000035],[138.97638277095675,36.11357066448201],[138.97601185859344,36.114228404003],[138.9763917816249,36.11492997907397],[138.9765440444367,36.116562826497706],[138.9757864049309,36.118188459955704],[138.97431484358208,36.11956832401014],[138.97442654443316,36.12094668155854],[138.97307844115184,36.121647181084406],[138.97041738052513,36.12360669086607],[138.97025223240777,36.12434415546736],[138.9685749927525,36.12473185321883],[138.96771230962813,36.12430620165574],[138.96611477407507,36.124800515156636],[138.9651548597684,36.125877756141634],[138.96397961884117,36.12598365803116],[138.96242203293886,36.125565934636846],[138.96142242441735,36.124865019093114],[138.95952758800414,36.124105052263396],[138.9581396440915,36.124141239999574],[138.95843111842035,36.12060524036098],[138.95793284080668,36.11892138611239],[138.95720299209435,36.11844733691346],[138.956379647931,36.11521476656523],[138.95615345898224,36.11148974491749],[138.957928321825,36.109948311431104],[138.95787612558084,36.10791177844016],[138.9569035911383,36.10691534012552],[138.95646570218227,36.10581262492276],[138.9551788291091,36.10572380251141],[138.95432900602196,36.10471557563601],[138.95162939012823,36.10329901883741],[138.95007967772477,36.10123260256004],[138.94990890757904,36.09924952739702]]]}},{"type":"Feature","properties":{"KEY_CODE":"11207052001","PREF":"11","CITY":"207","CITY_NAME":"秩父市","S_NAME":"大滝","SETAI":"254"},"geometry":{"type":"Polygon","coordinates":[[[138.72833419506037,35.91715955691634],[138.73042193361368,35.91575560982524],[138.73030826033832,35.91476496221414],[138.72937688401606,35.91346311283694],[138.72880617597056,35.911160534211845],[138.7288449807253,35.90932135928699],[138.72917648832882,35.9085853371758],[138.7332586634917,35.9044505213544],[138.73463955072128,35.90384840411224],[138.73627031616317,35.90423728022081],[138.73725119970695,35.905568395810896],[138.73864581066954,35.905895601755404],[138.74297032193581,35.903904601510234],[138.7496389692517,35.90164882630248],[138.75356816744682,35.902796105748195],[138.7569505754305,35.9026910718136],[138.75851627760457,35.90233189249654],[138.75920218583644,35.90173956704597],[138.76234970083004,35.900321180499816],[138.7651120135397,35.899526539210434],[138.76581085104945,35.89904247918778],[138.76708726513746,35.8991835828822],[138.76911017911038,35.89999821717169],[138.77167659256335,35.90059501674689],[138.77552907610414,35.900199080657565],[138.7777019351202,35.900328136905976],[138.78020065567944,35.899437970468256],[138.7815061861372,35.89872988832652],[138.78236941696275,35.8971304101614],[138.78418417293335,35.896338130686395],[138.7852580883673,35.895539412938504],[138.7882930861885,35.89407736870941],[138.79026541962085,35.89255640421379],[138.7909915314483,35.89168377825625],[138.79193624651955,35.887068178583505],[138.79191054027802,35.88407175491407],[138.7922215769651,35.882614245126504],[138.79301436251302,35.881968991456056],[138.7919805866179,35.879797415387934],[138.79191610607452,35.875843077393085],[138.79222522880102,35.87532753842646],[138.79376768260576,35.874489228863375],[138.7955963399445,35.8730170815038],[138.79791251965173,35.871861816602895],[138.80000006949447,35.87141832969771],[138.8018170672979,35.87065612522108],[138.8047988724572,35.86973353413336],[138.80610222915263,35.86977225611033],[138.8073117244866,35.870239806225456],[138.80846838005377,35.869902325226164],[138.80983854952376,35.8666816056534],[138.81177738341174,35.86564899610775],[138.81385906320796,35.863320357764586],[138.81887157614648,35.865149132130554],[138.8201418386843,35.86528744880734],[138.82207647713787,35.86456653452632],[138.82473387690854,35.865602551073195],[138.82593272253314,35.86519437171676],[138.82745011572533,35.86577417968951],[138.8288539829961,35.865686678807904],[138.83030453270766,35.86500410643968],[138.83102342533644,35.862926026118586],[138.83319211520816,35.86229194297238],[138.83466321977843,35.86239632518481],[138.83627491076174,35.86344468675841],[138.83816357644181,35.86429684175701],[138.8408337178137,35.86467338837023],[138.84387528200696,35.866009931175604],[138.84553278705542,35.86760436790069],[138.8490924651035,35.866860904587305],[138.85083008406198,35.86584723206518],[138.8555259621017,35.86515534156682],[138.8566668264111,35.86483852854457],[138.8570006230452,35.86222200186347],[138.85777366229138,35.85836373381134],[138.85884850179067,35.857609998634764],[138.86158647179394,35.8582945304024],[138.86213637437288,35.858844150634866],[138.86505762459572,35.85914304683975],[138.86607335175322,35.858545587871454],[138.86959886639312,35.857067116079754],[138.87158839058725,35.85505336832825],[138.8722250647265,35.854768234883636],[138.8746712899521,35.85077338626483],[138.87688169059803,35.848470615810605],[138.87888884410697,35.84708203319394],[138.88052313027595,35.84693865172411],[138.8821168276868,35.84744704353297],[138.88491215088334,35.84732484956644],[138.88573512685548,35.8470902283972],[138.88745647870576,35.84456103517338],[138.88895445863625,35.84283936862654],[138.89234107560267,35.839721096060316],[138.8937504891276,35.840211547210394],[138.89615551502263,35.842985597646965],[138.89727356771482,35.84526872812627],[138.8996679010669,35.84686048334494],[138.90121491515862,35.84727610203853],[138.90607991840122,35.84917453158435],[138.9090712995945,35.8507777634822],[138.91019284072615,35.85229778300881],[138.91165856876628,35.8529579620782],[138.92185461854555,35.85053780017112],[138.92289699185443,35.850495028132066],[138.92666682927478,35.84875057100308],[138.93116131902113,35.849922054274565],[138.93217677243695,35.85097423226966],[138.93449417004308,35.85100375446363],[138.94066753711593,35.85279297786654],[138.94396256585964,35.85433031394751],[138.94397731744027,35.85576327792586],[138.94282821175528,35.85971847008072],[138.9430337527,35.86029534036198],[138.94588077113318,35.86397178420185],[138.94608974240194,35.86518198663526],[138.9453881108199,35.866938887232685],[138.9456314629853,35.86814574343782],[138.94651496635788,35.8686569910126],[138.94924704101675,35.86901509771221],[138.95033591677546,35.86977839506113],[138.9529749067961,35.87354213485516],[138.95223606713526,35.87686194362651],[138.9529749067961,35.873542134855185],[138.95423971950333,35.873966071928564],[138.95430737359902,35.87480372788465],[138.96047104618714,35.876648138065896],[138.96213666402036,35.87648028800758],[138.9649769680863,35.87747136647634],[138.96693724050925,35.87919003073163],[138.9667992793685,35.88037068744805],[138.96752067443205,35.88154851942489],[138.9682115152563,35.88177432321162],[138.97289815405026,35.881893600788956],[138.97431036659785,35.882600418571336],[138.97637669478388,35.8832460864786],[138.97689037152853,35.88388337671334],[138.97895610056784,35.88489674532326],[138.98369617577026,35.88241380759346],[138.98535742545917,35.88106631688353],[138.98630755919172,35.88128481374782],[138.9885477586279,35.88121130975741],[138.99193704290016,35.88223189327156],[138.99320675938162,35.88291765489144],[138.994582095828,35.883040800855845],[138.99529793176407,35.88406157621585],[139.00022914724144,35.884024579664555],[139.0014154494083,35.884644786702914],[139.00337626778955,35.88652226749729],[139.0047401239448,35.88722388935858],[139.00591583139956,35.88845689402825],[139.0067969898121,35.89000242138006],[139.00653025720135,35.89134167860304],[139.00671640423764,35.89360450035782],[139.00724926368653,35.8943535555644],[139.00931201111058,35.896045009621595],[139.01025073333136,35.89715792471628],[139.0098938303161,35.89815354461501],[139.01017849338908,35.89869267630467],[139.010398581504,35.89915023973666],[139.0107188062193,35.90064319834347],[139.0107349290185,35.901008339114846],[139.01068023724264,35.90115847707952],[139.0105080945744,35.90130151001213],[139.01014908881186,35.90152979572094],[139.00877472610784,35.90183342578616],[139.00530622313366,35.90301521137883],[139.00504192326443,35.903602630922386],[139.0046956151012,35.90851548370077],[139.0039129743661,35.909620506109746],[139.0036454908184,35.910203617998356],[139.00360939416623,35.91026195443394],[139.00335732549743,35.91042155451678],[139.00282535839946,35.91076127999922],[139.00159503331068,35.91112862840425],[139.00141022171704,35.911212974741936],[139.00100451771135,35.91144631253601],[139.00034741952356,35.911881596432345],[138.99980489422273,35.912054488649034],[138.9993773054414,35.91258328956955],[138.9993542806283,35.91287245138598],[138.9993614217295,35.9134628501575],[138.99932005684244,35.91360226417207],[138.99902153282332,35.913857062273614],[138.99846987461888,35.91427233473435],[138.9980757413476,35.91467157052998],[138.9976052251202,35.915164909184],[138.9962094254792,35.91629456241565],[138.99571427594276,35.91941329994889],[138.99524505232446,35.920459807873996],[138.9943010193234,35.92096160826327],[138.99374686787024,35.92107942618935],[138.99344354474036,35.921152119654415],[138.99323238907274,35.921211037313306],[138.99314561963396,35.92124648466925],[138.992964061289,35.92133895802168],[138.9927720897858,35.921466503906665],[138.99270819437936,35.92153275816351],[138.9923660437413,35.922035100057734],[138.99220685220882,35.92241883747241],[138.9920035578899,35.92267519539762],[138.99186136753673,35.92281841044816],[138.99179386629092,35.92291437983734],[138.99119731013658,35.924099925650054],[138.9911145034703,35.92469246957267],[138.99101679577615,35.9247548951387],[138.9905561151305,35.92487261561825],[138.9899542601949,35.92487366483553],[138.98948709500158,35.925096340894356],[138.98826462863036,35.92585308136305],[138.98786102402036,35.92608162558552],[138.9861261760992,35.92613253485726],[138.98529359637587,35.92654790405744],[138.98471695145867,35.92741485084603],[138.9848475963274,35.92838784114992],[138.98483692221836,35.92865725621514],[138.98475999523953,35.928912684226084],[138.9846304119393,35.92921821476621],[138.9835992511685,35.93040157204056],[138.98294615427363,35.93105942506713],[138.98262901382893,35.93159256167411],[138.98234436735876,35.932195329155945],[138.98229001234236,35.9323067063423],[138.98217270595984,35.932806102813835],[138.981881862863,35.93346921425551],[138.9816536992592,35.93439053801251],[138.9811778367718,35.9351487757323],[138.98086252408905,35.93530787717159],[138.98013023752748,35.9355866028465],[138.97970115493627,35.93622799540127],[138.97962467902053,35.93664025009873],[138.97952603401237,35.936940103857566],[138.97457070710942,35.93710846379064],[138.97952603401242,35.936940103857566],[138.97978148308243,35.938095602477205],[138.98102244176425,35.940445713047495],[138.9825632246708,35.942419018957835],[138.98243171672243,35.94397330910907],[138.979427649596,35.94607278746751],[138.97898859329865,35.94678224088908],[138.97745655397446,35.9472237831547],[138.97769109911334,35.948062438349034],[138.97649222125966,35.94954124318779],[138.9745836177942,35.95069261240403],[138.97330531452312,35.952108600245296],[138.96890198644297,35.95485936263377],[138.96759516239325,35.95520000766611],[138.96598843391396,35.95561876229181],[138.96388059124737,35.955373736487594],[138.96381050304478,35.955384045798525],[138.9624140267403,35.95558951322141],[138.96049833941595,35.957451350116145],[138.9589524672979,35.957377867625084],[138.95844484777464,35.957868156209976],[138.9578600126947,35.95867683319566],[138.95773167269016,35.95939872078563],[138.95811683583122,35.96039487089778],[138.95687741797758,35.96097351942346],[138.953668511971,35.96488097324953],[138.95335114690243,35.96605429903407],[138.95172900478326,35.96816180282177],[138.95089186958117,35.970076090876624],[138.9507817058555,35.97000445864857],[138.94989998467835,35.96982741245425],[138.9480409498121,35.96972023623092],[138.94647679902891,35.96951827005069],[138.94565197954853,35.968958282061834],[138.94380035635817,35.96826521559303],[138.9434343648499,35.967488731024446],[138.94326252622673,35.96648417613842],[138.93939721585792,35.96697487897823],[138.938413776936,35.968360688748014],[138.93667250434933,35.9692162585985],[138.93462278330963,35.96924957024443],[138.9326979252514,35.97013278260025],[138.9304857281728,35.97009942032806],[138.928735903984,35.970491032460956],[138.92688610167886,35.9700493810037],[138.9252863256183,35.968482870913725],[138.92431143277253,35.96693303195729],[138.92333656479587,35.96670803713139],[138.9231936988894,35.96670389214737],[138.9219367062452,35.96719129931652],[138.9209618147984,35.96714961052381],[138.91867450483875,35.967832820683604],[138.91814700982962,35.96852478068908],[138.91803702093287,35.96889933737821],[138.91810038530446,35.96918088570238],[138.91816443261644,35.969824069283256],[138.9173766958502,35.97001444781709],[138.9171121385119,35.97024917004078],[138.9163621568849,35.970432475124824],[138.91536227290896,35.97032412657555],[138.91499986852082,35.97046577407568],[138.91397494582696,35.97029076792867],[138.91342498497656,35.97009076186305],[138.91180017396155,35.97104065896139],[138.91043779650872,35.97120726235188],[138.90970034648151,35.97181553729788],[138.90926287230093,35.97213216104518],[138.90585087977257,35.97233202880078],[138.9046136007877,35.972765288771754],[138.9038637008845,35.97339853623588],[138.90365124434777,35.973648505358675],[138.903213761689,35.97428175538078],[138.90154110383534,35.974506890184266],[138.9006991046395,35.974909961305116],[138.899476753645,35.97535650518463],[138.89853936782322,35.975406471119484],[138.8967272198004,35.9737899021881],[138.8965273165589,35.973231617828255],[138.89636481455116,35.97311495215551],[138.89597738371617,35.97304826898166],[138.8929050513045,35.97375816139521],[138.89207256835633,35.974115258046766],[138.89155298855337,35.9742645982237],[138.89022823043956,35.97427287495656],[138.88795351987164,35.9743977436939],[138.88662871713174,35.97448934824978],[138.8849665404568,35.97391433770024],[138.88406671466612,35.973222697322754],[138.8829418157709,35.97363092866252],[138.8820550418051,35.97395161790862],[138.8816169475653,35.974172451339996],[138.878767196405,35.97518050205105],[138.87730490434674,35.97603863198331],[138.87573010643757,35.977288356869074],[138.87505514171795,35.97862148041278],[138.87350528017996,35.979304641236716],[138.87279286872365,35.97955458182346],[138.87181799949627,35.9800377993184],[138.87031807033443,35.9804876918507],[138.8695276039721,35.98084042028275],[138.86840106244176,35.9812949570526],[138.8679748684814,35.981342093391554],[138.86679414420865,35.98113870424134],[138.86598879351786,35.98078661481032],[138.8659782796148,35.98080338283079],[138.8656741196914,35.980448938817716],[138.86543227944034,35.980255065280325],[138.8639900598769,35.97933497456846],[138.86023952637723,35.97581946429259],[138.85739715982643,35.9760444578078],[138.85541623799838,35.97569565007356],[138.85403941837183,35.97427700982042],[138.85249452727504,35.97307448718125],[138.85095617174892,35.97261407688458],[138.84913218405566,35.971690695873306],[138.84737454495152,35.96987220885021],[138.84352067481504,35.970019557801095],[138.84091191657947,35.969498987988445],[138.84016076107972,35.9690961308176],[138.8406504223668,35.97044669512387],[138.8392137833429,35.97122981219712],[138.83938051729274,35.97229622519794],[138.83849079312276,35.9732788656031],[138.83752785926308,35.971995828672014],[138.83719034617607,35.97092799438424],[138.83577744985695,35.9694461951341],[138.83483470116317,35.967668278967025],[138.83421625413587,35.96581054230693],[138.83281047636262,35.96487625769821],[138.8294869187865,35.96442838629188],[138.8278743095688,35.96343229769951],[138.8257173489763,35.96093903305798],[138.8245114979272,35.95990881714068],[138.82247285438055,35.95865404388037],[138.81937482080718,35.95721028358818],[138.81937482080716,35.957210283588196],[138.81605601247261,35.957661551591684],[138.81031533565456,35.95883639699436],[138.809479462399,35.9590466743093],[138.80782574884137,35.95954190882476],[138.80502321881988,35.95872899480051],[138.8021618764723,35.957145256159265],[138.80156056035716,35.956953734289854],[138.80009013335302,35.95804676807297],[138.7980531136448,35.96009770593324],[138.797101158176,35.961878465674495],[138.79676599180598,35.96188479487126],[138.7945814246386,35.961901029665114],[138.79042464624328,35.96139916975777],[138.78563393966286,35.96058406038928],[138.78170562099768,35.958322750550415],[138.7809720346979,35.95870199326443],[138.77681680616024,35.96010789685027],[138.77450709764938,35.96061204072369],[138.77108946698772,35.958936783196656],[138.76583538187984,35.95910482393454],[138.76482730126517,35.958249495787996],[138.76015481282602,35.95771912977329],[138.7598827434616,35.9572279474327],[138.75840963498,35.95659491430652],[138.75327631695578,35.95544037358421],[138.7524698782598,35.954336422141495],[138.74987490230907,35.94938975224864],[138.74696841443298,35.94469512645427],[138.7453078412847,35.942782024027025],[138.7392669699758,35.93888290302495],[138.7375792705063,35.93648445979375],[138.7382687626204,35.9345420740952],[138.73924043427678,35.932871814311405],[138.739104045864,35.931253275762145],[138.7371584489825,35.92642861141833],[138.73669542341364,35.92633788578887],[138.7358960515007,35.92460106300382],[138.73375655135962,35.92290427342945],[138.73230205062742,35.91944546953413],[138.73103305204432,35.91858939425091],[138.72846301139435,35.91761324968552],[138.72833419506037,35.91715955691634]],[[138.86220252319384,35.919664651662636],[138.86252155003925,35.918169476472656],[138.86252155003925,35.918169476472634],[138.86220252319384,35.919664651662636]],[[138.87120461885874,35.90606430051149],[138.87168107343342,35.90562516389898],[138.87295703851976,35.90674573907561],[138.87168107343342,35.90562516389895],[138.87120461885874,35.90606430051149]],[[138.87295703851976,35.90674573907561],[138.8738652999453,35.90754892184602],[138.8764063138941,35.90911805703226],[138.87386529994532,35.907548921846],[138.87295703851976,35.90674573907561]],[[138.8996661877362,35.949027205203386],[138.9009937185874,35.949037217367646],[138.89966618773622,35.949027205203365],[138.8996661877362,35.949027205203386]],[[138.9067165400327,35.93367591256421],[138.90690685338987,35.93426832830952],[138.90730696231282,35.934718293446146],[138.9095199360662,35.93554857159977],[138.91196055306216,35.937452491678684],[138.91271784725285,35.93770278135733],[138.9175953642858,35.9376688800469],[138.9193022399443,35.93763299956556],[138.92142889965902,35.93662340125142],[138.92382131506002,35.9349662944878],[138.9255841400547,35.934345480026415],[138.928805933787,35.935170043167595],[138.92992043229057,35.93585808143216],[138.93844216113968,35.93775099815388],[138.94335883852202,35.938581682460395],[138.94259425357075,35.941259796612684],[138.94325773464075,35.941718730048535],[138.94604905160048,35.94056904726329],[138.94607215039352,35.939592765907356],[138.94547889682656,35.938489382250474],[138.94384616100035,35.93681414618408],[138.94402130223878,35.936211883937155],[138.9453437722553,35.93578949675181],[138.94763740383772,35.93653898177224],[138.94968826484572,35.936658718579224],[138.94929053369503,35.93496914708174],[138.9490659963456,35.93133566662646],[138.9491752040091,35.92969291120689],[138.9497300174338,35.92848432718106],[138.95005843136704,35.926196812405756],[138.95079450177462,35.92366606061223],[138.94781076618074,35.922318111478205],[138.94805748562925,35.91875218580501],[138.94641576113787,35.916698011743144],[138.94400663141894,35.91529539755502],[138.94446023519538,35.91407096508901],[138.94462871086662,35.91172446047592],[138.94569329039015,35.91074650372874],[138.94693997853437,35.910254960186634],[138.949771098384,35.90744354462446],[138.95165823611754,35.90645595834293],[138.95295199989081,35.905315749334555],[138.95349607394647,35.904337342601],[138.9531821542744,35.903588517173105],[138.9531821542744,35.9035885171731],[138.94932095387992,35.90518700921819],[138.94715817713447,35.90523336534278],[138.94101692513632,35.90497340670362],[138.93936671582273,35.904670413293836],[138.93764963051595,35.90482725588339],[138.93244841920793,35.90478936034987],[138.93240081778907,35.90478185595957],[138.93230384991494,35.90508288413106],[138.9321338875664,35.90524196163834],[138.93167617016877,35.90545304521658],[138.93153319140944,35.905460984503826],[138.93048274883225,35.9053863886177],[138.92995328249532,35.905574384828554],[138.92973292201853,35.90625322214943],[138.92973046435017,35.90646952012114],[138.9302904227446,35.90720199562697],[138.93030863868245,35.90744999499202],[138.9303206752246,35.907662801762534],[138.93084792190004,35.90873933202145],[138.9307377691341,35.90898095342497],[138.93041334673114,35.90925792386729],[138.92958374075943,35.910020517443066],[138.92914722119133,35.91060218385722],[138.92910023488844,35.91083707976189],[138.9292329582582,35.91115353986423],[138.92949160974126,35.911493479762704],[138.92982136342567,35.91192136750323],[138.93000766933454,35.9122986125271],[138.93017824508573,35.912689258264066],[138.9301852295704,35.91295068822302],[138.9300770991809,35.913204044888936],[138.92964746294075,35.91347571429309],[138.92910037577644,35.91355631933002],[138.9286127780981,35.913566171800866],[138.92798767240203,35.913588506833285],[138.92771055241707,35.91369187504673],[138.9275898791246,35.91388294299021],[138.92757335001315,35.914459655112395],[138.9276024856912,35.914622109751356],[138.92761259837508,35.91470691226685],[138.92760721921636,35.914791598151425],[138.9275796098924,35.914882418793056],[138.92751063186248,35.91510182196883],[138.9273732705777,35.91548835000291],[138.92727372354003,35.915663355511505],[138.92725007048267,35.915695620983236],[138.92718759575376,35.915739318197105],[138.92697720495437,35.915819749420706],[138.92689485031195,35.91585337714038],[138.92683497029643,35.91585923705387],[138.9265655852036,35.915776987688176],[138.92645663337362,35.915713981672454],[138.92635613068683,35.91568438061602],[138.92619110693127,35.91568043463194],[138.92609555693016,35.91570224710345],[138.92589054301382,35.91580435212429],[138.92574078432355,35.91591138014646],[138.9256779170656,35.91598932186378],[138.92563153038634,35.91607188561596],[138.92555200179368,35.91624433934332],[138.9254910910908,35.91634032202807],[138.92538098609526,35.91656752162896],[138.92531746516144,35.91669503053078],[138.92525761778367,35.916796425580934],[138.9252438660174,35.916833280918226],[138.9252251428781,35.91691876431771],[138.92519471700214,35.91706634468994],[138.92514375936344,35.91716240246099],[138.9250093054782,35.917384014092306],[138.92486701688958,35.91752624405409],[138.9248254540934,35.917572800495925],[138.92463223510865,35.917710148290595],[138.92441232442488,35.917751749931796],[138.92421313058847,35.91773041563594],[138.92357417075235,35.91789324006818],[138.92343186771046,35.91803637547166],[138.92337715660233,35.91845958048735],[138.92329091268934,35.918635583298396],[138.92323794874895,35.9187099906094],[138.922932835532,35.91904027436028],[138.92258132039652,35.919159295288644],[138.9223175778991,35.91916540778271],[138.92162614025713,35.9187789172199],[138.92134474832076,35.91867944169928],[138.9211375426345,35.918685078018356],[138.92067338579125,35.91886723074839],[138.92062423191345,35.91890380790796],[138.92055433708873,35.919005124029496],[138.92052194103712,35.91912746222763],[138.92052962926695,35.919226665391776],[138.92073549952542,35.919532872240204],[138.92073902846437,35.9197077491513],[138.92065619193886,35.919858063887816],[138.92057852043894,35.91998864146307],[138.9205176208743,35.92017383605394],[138.9202576253109,35.92062339150392],[138.9201862305037,35.92066701459117],[138.91993202874647,35.92070924834624],[138.91976894039757,35.9206341030112],[138.91949949880285,35.920458111518],[138.91905598310433,35.92019156579154],[138.9184239291957,35.920234520404016],[138.91819260797004,35.92031206886194],[138.91771331045842,35.92065810887005],[138.91735073528824,35.92077522189683],[138.91667265840087,35.92077005166601],[138.91609742329544,35.92088462361787],[138.91582947653234,35.92106013098076],[138.91556687213819,35.92135014230329],[138.91549018707465,35.92165688775315],[138.91556861017688,35.92196482631882],[138.91552671329706,35.92223488869939],[138.91549107170783,35.92234547155904],[138.91518800031525,35.922878509261274],[138.91459789540232,35.92322189944393],[138.91449059926776,35.92330039013528],[138.9143632445283,35.92348147646256],[138.9144600580445,35.923643539336084],[138.91456760376985,35.923730888741915],[138.9147742834016,35.923869463096835],[138.91492815134868,35.92407612709853],[138.91498996723928,35.92429290505363],[138.91500090156262,35.92449307329202],[138.91502757282734,35.924964641796684],[138.91501924427388,35.925206118060494],[138.9147372767437,35.92592678983503],[138.9146166044616,35.926106123612485],[138.91448295754955,35.92626192424189],[138.9144124357532,35.92641640250577],[138.914450196626,35.926602354442],[138.9145408899405,35.92671751056319],[138.91460330791753,35.926777472082925],[138.91500905624588,35.926958117033095],[138.91517240618415,35.92710897559761],[138.91515690084955,35.92729722272356],[138.9151253595055,35.927344752298424],[138.9150167961578,35.92743494931972],[138.9147440409937,35.92764196575588],[138.91460121554806,35.927820228674555],[138.9145558012069,35.927914515969256],[138.914511491949,35.928107951953294],[138.91452761244295,35.92834601182057],[138.91457427446474,35.92862306302376],[138.91460341997114,35.928977487184106],[138.91454336050262,35.929087889165004],[138.91448309460742,35.92912618264753],[138.91429599783865,35.92920947441696],[138.91404589507866,35.92927606364125],[138.9135859991763,35.9293671864972],[138.91329767609648,35.929482150710555],[138.9131217698234,35.92965295250673],[138.91261457143034,35.93038903005718],[138.91247763425454,35.93073047073473],[138.91239584867628,35.931093962952005],[138.9122796663995,35.93136255741356],[138.91150722661342,35.93146029616569],[138.91105916066252,35.93129914158426],[138.91089027739235,35.93124467345783],[138.91033642923003,35.93122420933545],[138.91002697400882,35.93134621328874],[138.90988516620016,35.931435254784056],[138.90917962383884,35.93197421496144],[138.9087336186306,35.93297571329867],[138.90857773328239,35.933515283981784],[138.90843875082726,35.93364399725631],[138.9082421059164,35.93369115448942],[138.90795500293984,35.93369975368513],[138.9074711244132,35.93366267636506],[138.90743566267335,35.93365969625552],[138.9069895392331,35.93362200609642],[138.90683988504088,35.933626259361],[138.9067165400327,35.93367591256421]],[[138.9075837794457,35.93956860035734],[138.9082803504527,35.93969426361109],[138.90789871256848,35.94113489466231],[138.90828035045274,35.93969426361107],[138.9075837794457,35.93956860035734]],[[138.93082541258366,35.95449524851379],[138.93187637833302,35.95334385356452],[138.9324178103183,35.95145833691198],[138.931876378333,35.95334385356452],[138.93082541258366,35.95449524851379]],[[138.94921316484013,35.949117872430975],[138.95019299048207,35.94848092572259],[138.95019299048204,35.94848092572256],[138.94921316484013,35.949117872430975]],[[138.94927893906527,35.8893900050028],[138.9506336977643,35.88735789226034],[138.95203440213433,35.88160966917898],[138.95063369776426,35.88735789226034],[138.94927893906527,35.8893900050028]],[[138.94927893906527,35.8893900050028],[138.94941727345713,35.89165999263573],[138.95026215292106,35.893105843138066],[138.94941727345721,35.89165999263574],[138.94927893906527,35.8893900050028]],[[138.95016914408697,35.898456759790854],[138.95016914408697,35.89845675979088],[138.9509835661761,35.89571653025558],[138.95016914408697,35.898456759790854]],[[138.96347666167406,35.951661382058305],[138.96347666167406,35.951661382058305],[138.96347727521942,35.95106883311613],[138.96347666167406,35.951661382058305]]]}},{"type":"Feature","properties":{"KEY_CODE":"11207053001","PREF":"11","CITY":"207","CITY_NAME":"秩父市","S_NAME":"中津川","SETAI":"20"},"geometry":{"type":"Polygon","coordinates":[[[138.7113293038372,35.97159993674201],[138.7125363922745,35.968834176960875],[138.7146153914019,35.965388810115286],[138.71614940212623,35.96444774737468],[138.71892319177334,35.963403531402],[138.71963767334734,35.9627605024336],[138.71965610845228,35.961448596302034],[138.72103661296177,35.95909068871463],[138.7257644053736,35.957764054385976],[138.7283982829942,35.95370299378756],[138.7286855316285,35.953640998302006],[138.7289617164201,35.95151036604307],[138.73067786151185,35.94982314626731],[138.7305512489933,35.94921890507003],[138.73134387156472,35.948006311171454],[138.73155165452735,35.94640456088104],[138.731164272578,35.945260366915605],[138.7392669699758,35.93888290302495],[138.7453078412847,35.942782024027025],[138.74696841443298,35.94469512645427],[138.74987490230907,35.94938975224864],[138.7524698782598,35.954336422141495],[138.75327631695578,35.95544037358421],[138.75840963498,35.95659491430652],[138.7598827434616,35.9572279474327],[138.76015481282602,35.95771912977329],[138.76482730126517,35.958249495787996],[138.76583538187984,35.95910482393454],[138.77108946698772,35.958936783196656],[138.77450709764938,35.96061204072369],[138.77681680616024,35.96010789685027],[138.7809720346979,35.95870199326443],[138.78170562099768,35.958322750550415],[138.78563393966286,35.96058406038928],[138.79042464624328,35.96139916975777],[138.7945814246386,35.961901029665114],[138.79676599180598,35.96188479487126],[138.797101158176,35.961878465674495],[138.7980531136448,35.96009770593324],[138.80009013335302,35.95804676807297],[138.80156056035716,35.956953734289854],[138.8021618764723,35.957145256159265],[138.80502321881988,35.9587289948005],[138.80782574884137,35.95954190882476],[138.809479462399,35.9590466743093],[138.81031533565456,35.95883639699436],[138.81605601247261,35.95766155159167],[138.81937482080716,35.957210283588175],[138.82247285438055,35.95865404388037],[138.8245114979272,35.95990881714068],[138.8257173489763,35.96093903305798],[138.8278743095688,35.96343229769951],[138.8294869187865,35.96442838629188],[138.83281047636262,35.96487625769821],[138.83421625413587,35.96581054230693],[138.83483470116317,35.967668278967025],[138.83577744985695,35.9694461951341],[138.83719034617607,35.97092799438424],[138.83752785926308,35.971995828672014],[138.83849079312276,35.9732788656031],[138.83938051729274,35.97229622519794],[138.8392137833429,35.97122981219712],[138.8406504223668,35.97044669512387],[138.84016076107972,35.9690961308176],[138.84091191657947,35.969498987988445],[138.84352067481504,35.970019557801095],[138.84737454495152,35.96987220885021],[138.84913218405566,35.971690695873306],[138.85095617174892,35.97261407688458],[138.85249452727504,35.97307448718125],[138.85403941837183,35.97427700982042],[138.85541623799838,35.97569565007356],[138.85739715982643,35.9760444578078],[138.86023952637723,35.97581946429259],[138.8639900598769,35.97933497456846],[138.86543227944034,35.980255065280325],[138.8656741196914,35.980448938817716],[138.8659782796148,35.98080338283079],[138.8659464778619,35.9808536974349],[138.8656933200968,35.981188814989245],[138.86411852823957,35.982287266754234],[138.86304358904718,35.98346208021584],[138.86133121542667,35.98461187605789],[138.8598438142673,35.98515341477669],[138.85763146118813,35.98624487089526],[138.85565654825385,35.988336240781486],[138.85468160555655,35.98916944858569],[138.85442543889462,35.99026762755817],[138.85439698414967,35.99031963794014],[138.85324417515835,35.99082755199311],[138.85280667456348,35.99172742168834],[138.85111926716243,35.99283555129564],[138.850269312497,35.99373539272389],[138.84971932021662,35.995226871091276],[138.84771946202645,35.99547673802105],[138.8469694671064,35.99676825208365],[138.8452445589942,35.99845969361773],[138.8425322379163,35.99959276722922],[138.8419793887166,36.000271489656065],[138.83948237794144,36.000867456897716],[138.8401697843078,36.00260900650406],[138.84025719435064,36.00525877666741],[138.84071957520433,36.006492038893214],[138.83915990962137,36.007284967100624],[138.83941020128796,36.00782234553718],[138.83945377182056,36.00814868310512],[138.8403694721469,36.01051669504019],[138.8405694367618,36.01123332672262],[138.8399695060454,36.012316507495505],[138.8388195361287,36.01338298968342],[138.83876959172437,36.01554942856438],[138.83851957911003,36.01699925452535],[138.83829457671814,36.01805746399002],[138.8382945645939,36.018874041151854],[138.83870696974802,36.02092385050033],[138.83935689547528,36.02227375113727],[138.8409363713346,36.02274428794621],[138.84160437977687,36.02482824352462],[138.8416234800101,36.02593348389717],[138.84222007143524,36.026655685199295],[138.841456950581,36.02821928722974],[138.84197593476298,36.03001079363773],[138.84166563482336,36.03060395322638],[138.84017848271992,36.031316451908765],[138.83892366319856,36.033538205484014],[138.83806002945926,36.03343975496063],[138.83718654741645,36.03402844304968],[138.83489036354408,36.03388580912391],[138.8322010929196,36.034855676420655],[138.83166697238755,36.03475461909211],[138.83114757974735,36.03569034123911],[138.83005735674698,36.03660195808085],[138.82862408370224,36.037223782350246],[138.82568999843843,36.03743361211082],[138.82262227678663,36.03649858686277],[138.82191225995177,36.03656076741001],[138.81952498118577,36.035684534051775],[138.81596563543016,36.035245285059354],[138.81398682867257,36.03346324281221],[138.81157819919716,36.03353364578312],[138.8087269289504,36.03290777334059],[138.80636815690644,36.03400334041831],[138.80469920873588,36.03341038893331],[138.80259843155181,36.03343467751182],[138.8019086756442,36.032807750725695],[138.7950464495541,36.030191445854946],[138.79097698578397,36.029265636030495],[138.78896917001885,36.029822301250036],[138.78783418103944,36.03061205716989],[138.78772500664542,36.03164350376338],[138.78669311721646,36.0332457541018],[138.78227494080016,36.033845601640884],[138.78151645170405,36.03450134972693],[138.7805832068383,36.03690499653097],[138.77585805733221,36.037337453881605],[138.77527566166535,36.03806775302516],[138.77398110139055,36.03869892745183],[138.7725934848485,36.03882184155098],[138.77061182666563,36.03831130653713],[138.76878702640144,36.03875728160159],[138.76360460075088,36.03659870110783],[138.76176039628592,36.03600341900942],[138.76009926347567,36.03492038963295],[138.75751946046347,36.03438420976804],[138.7546430143211,36.03427482523326],[138.7538335451026,36.0331524939098],[138.75302859194656,36.03060095538278],[138.75286456607523,36.02928631660975],[138.7534921228046,36.02826810075383],[138.7526747106808,36.02611133841486],[138.75077598999886,36.024877374540495],[138.74973603509827,36.022159638860835],[138.74965477331108,36.019999421767],[138.748642056085,36.01869154991273],[138.74938595510943,36.01668869165688],[138.7483869612027,36.01538564349826],[138.74457763680076,36.01356581795188],[138.74373448827458,36.01012010710536],[138.73658030500044,36.0064547816631],[138.73665316049704,36.005596546289574],[138.73740824900042,36.0043964935846],[138.7359162513156,36.00323194947687],[138.73561295350842,36.00151749451226],[138.73213083943176,35.99846064192985],[138.72976297638056,35.99824705020962],[138.72787417749095,35.9957947398697],[138.72632878627152,35.994371504008726],[138.72440273889916,35.99464997872524],[138.72287055185026,35.99437375836376],[138.722286624637,35.9938132451035],[138.71940602107324,35.99384253922277],[138.71658733310096,35.992768669200764],[138.71562259139785,35.990974177745706],[138.71413170083864,35.98592839742099],[138.71230744792055,35.98520306006723],[138.71307041753371,35.98391167056558],[138.71235837163107,35.98160308022482],[138.71199923677142,35.97688029239129],[138.71223760278647,35.97388879055437],[138.7113293038372,35.97159993674201]],[[138.7973745896141,35.96435938234043],[138.7987228642035,35.96589917786764],[138.79932554353542,35.97068756703543],[138.79872286420354,35.96589917786762],[138.7973745896141,35.96435938234043]],[[138.81852545374582,36.0003503140265],[138.81854635277884,35.99917775234882],[138.81854635277884,35.999177752348814],[138.81852545374582,36.0003503140265]],[[138.82248386915327,36.00004670338104],[138.82309144418605,36.00145721076956],[138.82404830259478,36.00114241395758],[138.82309144418605,36.00145721076953],[138.82248386915327,36.00004670338104]]]}},{"type":"Feature","geometry":{"type":"Polygon","coordinates":[[[138.94402130223878,35.936211883937155],[138.94384616100035,35.93681414618408],[138.94547889682656,35.938489382250474],[138.94607215039352,35.939592765907356],[138.94604905160048,35.94056904726329],[138.94325773464075,35.941718730048535],[138.94259425357075,35.941259796612684],[138.94335883852202,35.938581682460395],[138.93844216113968,35.93775099815388],[138.92992043229057,35.93585808143216],[138.928805933787,35.935170043167595],[138.9255841400547,35.934345480026415],[138.92382131506002,35.9349662944878],[138.92142889965902,35.93662340125142],[138.9193022399443,35.93763299956556],[138.9175953642858,35.9376688800469],[138.91271784725285,35.93770278135733],[138.91196055306216,35.937452491678684],[138.9095199360662,35.93554857159977],[138.90730696231282,35.934718293446146],[138.90690685338987,35.93426832830952],[138.9067165400327,35.933675912564205],[138.90683988504088,35.933626259361],[138.9069895392331,35.93362200609642],[138.90743566267335,35.93365969625552],[138.9074711244132,35.93366267636506],[138.90795500293984,35.93369975368513],[138.9082421059164,35.93369115448942],[138.90843875082726,35.93364399725631],[138.90857773328239,35.933515283981784],[138.9087336186306,35.93297571329867],[138.90917962383884,35.93197421496144],[138.90988516620016,35.931435254784056],[138.91002697400882,35.93134621328874],[138.91033642923003,35.93122420933545],[138.91089027739235,35.93124467345783],[138.91105916066252,35.93129914158426],[138.91150722661342,35.93146029616569],[138.9122796663995,35.93136255741356],[138.91239584867628,35.931093962952005],[138.91247763425454,35.93073047073473],[138.91261457143034,35.93038903005718],[138.9131217698234,35.92965295250673],[138.91329767609648,35.929482150710555],[138.9135859991763,35.9293671864972],[138.91404589507866,35.92927606364125],[138.91429599783865,35.92920947441696],[138.91448309460742,35.92912618264753],[138.91454336050262,35.929087889165004],[138.91460341997114,35.928977487184106],[138.91457427446474,35.92862306302376],[138.91452761244295,35.92834601182057],[138.914511491949,35.928107951953294],[138.9145558012069,35.927914515969256],[138.91460121554806,35.927820228674555],[138.9147440409937,35.92764196575588],[138.9150167961578,35.92743494931972],[138.9151253595055,35.927344752298424],[138.91515690084955,35.92729722272356],[138.91517240618415,35.92710897559761],[138.91500905624588,35.926958117033095],[138.91460330791753,35.926777472082925],[138.9145408899405,35.92671751056319],[138.914450196626,35.926602354442],[138.9144124357532,35.92641640250577],[138.91448295754955,35.92626192424189],[138.9146166044616,35.926106123612485],[138.9147372767437,35.92592678983503],[138.91501924427388,35.925206118060494],[138.91502757282734,35.924964641796684],[138.91500090156262,35.92449307329202],[138.91498996723928,35.92429290505363],[138.91492815134868,35.92407612709853],[138.9147742834016,35.923869463096835],[138.91456760376985,35.923730888741915],[138.9144600580445,35.923643539336084],[138.9143632445283,35.92348147646256],[138.91449059926776,35.92330039013528],[138.91459789540232,35.92322189944393],[138.91518800031525,35.922878509261274],[138.91549107170783,35.92234547155904],[138.91552671329706,35.92223488869939],[138.91556861017688,35.92196482631882],[138.91549018707465,35.92165688775315],[138.91556687213819,35.92135014230329],[138.91582947653234,35.92106013098076],[138.91609742329544,35.92088462361787],[138.91667265840087,35.92077005166601],[138.91735073528824,35.92077522189683],[138.91771331045842,35.92065810887005],[138.91819260797004,35.92031206886194],[138.9184239291957,35.920234520404016],[138.91905598310433,35.92019156579154],[138.91949949880285,35.920458111518],[138.91976894039757,35.9206341030112],[138.91993202874647,35.92070924834624],[138.9201862305037,35.92066701459117],[138.9202576253109,35.92062339150392],[138.9205176208743,35.92017383605394],[138.92057852043894,35.91998864146307],[138.92065619193886,35.919858063887816],[138.92073902846437,35.9197077491513],[138.92073549952542,35.919532872240204],[138.92052962926695,35.919226665391776],[138.92052194103712,35.91912746222763],[138.92055433708873,35.919005124029496],[138.92062423191345,35.91890380790796],[138.92067338579125,35.91886723074839],[138.9211375426345,35.918685078018356],[138.92134474832076,35.91867944169928],[138.92162614025713,35.9187789172199],[138.9223175778991,35.91916540778271],[138.92258132039652,35.919159295288644],[138.922932835532,35.91904027436028],[138.92323794874895,35.9187099906094],[138.92329091268934,35.918635583298396],[138.92337715660233,35.91845958048735],[138.92343186771046,35.91803637547166],[138.92357417075235,35.91789324006818],[138.92421313058847,35.91773041563594],[138.92441232442488,35.917751749931796],[138.92463223510865,35.917710148290595],[138.9248254540934,35.917572800495925],[138.92486701688958,35.91752624405409],[138.9250093054782,35.917384014092306],[138.92514375936344,35.91716240246099],[138.92519471700214,35.91706634468994],[138.9252251428781,35.91691876431771],[138.9252438660174,35.916833280918226],[138.92525761778367,35.916796425580934],[138.92531746516144,35.91669503053078],[138.92538098609526,35.91656752162896],[138.9254910910908,35.91634032202807],[138.92555200179368,35.91624433934332],[138.92563153038634,35.91607188561596],[138.9256779170656,35.91598932186378],[138.92574078432355,35.91591138014646],[138.92589054301382,35.91580435212429],[138.92609555693016,35.91570224710345],[138.92619110693127,35.91568043463194],[138.92635613068683,35.91568438061602],[138.92645663337362,35.915713981672454],[138.9265655852036,35.915776987688176],[138.92683497029643,35.91585923705387],[138.92689485031195,35.91585337714038],[138.92697720495437,35.915819749420706],[138.92718759575376,35.915739318197105],[138.92725007048267,35.915695620983236],[138.92727372354003,35.915663355511505],[138.9273732705777,35.91548835000291],[138.92751063186248,35.91510182196883],[138.9275796098924,35.914882418793056],[138.92760721921636,35.914791598151425],[138.92761259837508,35.91470691226685],[138.9276024856912,35.914622109751356],[138.92757335001315,35.914459655112395],[138.9275898791246,35.91388294299021],[138.92771055241707,35.91369187504673],[138.92798767240203,35.913588506833285],[138.9286127780981,35.913566171800866],[138.92910037577644,35.91355631933002],[138.92964746294075,35.91347571429309],[138.9300770991809,35.913204044888936],[138.9301852295704,35.91295068822302],[138.93017824508573,35.912689258264066],[138.93000766933454,35.9122986125271],[138.92982136342567,35.91192136750323],[138.92949160974126,35.911493479762704],[138.9292329582582,35.91115353986423],[138.92910023488844,35.91083707976189],[138.92914722119133,35.91060218385722],[138.92958374075943,35.910020517443066],[138.93041334673114,35.90925792386729],[138.9307377691341,35.90898095342497],[138.93084792190004,35.90873933202145],[138.9303206752246,35.907662801762534],[138.93030863868245,35.90744999499202],[138.9302904227446,35.90720199562697],[138.92973046435017,35.90646952012114],[138.92973292201853,35.90625322214943],[138.92995328249532,35.905574384828554],[138.93048274883225,35.9053863886177],[138.93153319140944,35.905460984503826],[138.93167617016877,35.90545304521658],[138.9321338875664,35.90524196163834],[138.93230384991494,35.90508288413106],[138.93240081778907,35.90478185595957],[138.93244841920793,35.90478936034987],[138.93764963051595,35.90482725588339],[138.9393667158227,35.904670413293836],[138.94101692513627,35.90497340670364],[138.9471581771345,35.90523336534278],[138.94932095387992,35.90518700921819],[138.9531821542744,35.903588517173105],[138.95349607394647,35.904337342601],[138.95295199989081,35.905315749334555],[138.95165823611754,35.90645595834293],[138.949771098384,35.90744354462446],[138.94693997853437,35.910254960186634],[138.94569329039015,35.91074650372874],[138.94462871086662,35.91172446047592],[138.94446023519538,35.91407096508901],[138.94400663141894,35.91529539755502],[138.94641576113787,35.916698011743144],[138.94805748562925,35.91875218580501],[138.94781076618074,35.922318111478205],[138.95079450177462,35.92366606061223],[138.95005843136704,35.926196812405756],[138.9497300174338,35.92848432718106],[138.9491752040091,35.92969291120689],[138.9490659963456,35.93133566662646],[138.94929053369503,35.93496914708174],[138.94968826484572,35.936658718579224],[138.94763740383772,35.93653898177224],[138.9453437722553,35.93578949675181],[138.94402130223878,35.936211883937155]]]},"properties":{"KEY_CODE":"112070540","PREF":"11","CITY":"207","CITY_NAME":"秩父市","S_NAME":"三峰","SETAI":"21"}},{"type":"Feature","geometry":{"type":"Polygon","coordinates":[[[139.06114538807844,35.96623627618509],[139.0613576703204,35.96738433918759],[139.06014760303538,35.96702345632995],[139.05836626966956,35.967268926715626],[139.0584257442105,35.96693564006947],[139.0585948068065,35.96662684420212],[139.05851804226984,35.96630147464129],[139.0578055653497,35.96570584377472],[139.05771731301368,35.965421859548854],[139.05735629645662,35.96548432682769],[139.05704550350237,35.96536233650746],[139.05696287888122,35.965016934436214],[139.05701482592528,35.964727378979866],[139.05721312098532,35.96398976032926],[139.05713362709432,35.963439734214894],[139.05463932518464,35.96219937721515],[139.0543229497472,35.9623915803325],[139.05383970590526,35.962914953262484],[139.05336688871463,35.963029463493505],[139.05303746401634,35.96262861526293],[139.0536036905526,35.961339017597275],[139.05197841975502,35.96095532610145],[139.0516303113934,35.95990514020885],[139.05287194582792,35.95868380778068],[139.05282411182264,35.957193432104724],[139.05301215190946,35.955768583502206],[139.05241824358572,35.95284021567476],[139.05253224756115,35.95101027694446],[139.05312842572636,35.950018947247905],[139.05303784646227,35.948967903296264],[139.0546593611305,35.9479174094365],[139.0550580525985,35.947253002137245],[139.05963673999503,35.948782580780545],[139.06172123289187,35.94983133127141],[139.06263199655052,35.949676421103334],[139.0627928135728,35.95137429640796],[139.0635672708056,35.95367902236443],[139.06364602910952,35.9552607469841],[139.06371628808301,35.95566812045007],[139.06274267733653,35.95675600335474],[139.06259201716028,35.957464229853194],[139.06220066646043,35.95835127489959],[139.06151101039094,35.959053632673736],[139.0603308132275,35.95977145165355],[139.0599688237955,35.960990116235514],[139.06076075926774,35.96130287261151],[139.06244231688746,35.96082968247839],[139.06204304606257,35.96138063957566],[139.06230397211934,35.96254085858409],[139.06249901650546,35.96260364000616],[139.06246299691827,35.96272724071662],[139.0616687697119,35.962895798041345],[139.0607457368904,35.9636162404656],[139.06153381488855,35.9658228354843],[139.06114538807844,35.96623627618509]]]},"properties":{"KEY_CODE":"112070550","PREF":"11","CITY":"207","CITY_NAME":"秩父市","S_NAME":"荒川久那","SETAI":"67"}},{"type":"Feature","properties":{"KEY_CODE":"11207056001","PREF":"11","CITY":"207","CITY_NAME":"秩父市","S_NAME":"荒川上田野","SETAI":"912"},"geometry":{"type":"Polygon","coordinates":[[[139.02343108756506,35.947767843313734],[139.02392923510692,35.94750783164664],[139.0243337113162,35.947092268236595],[139.024346261755,35.946795413988525],[139.0246464407376,35.946017656575],[139.024508616356,35.94551324424112],[139.02464614940897,35.94511136744616],[139.025341279425,35.944842342735605],[139.02604743542187,35.94474896603908],[139.02618093555364,35.94473436566867],[139.02648602673565,35.9444084973227],[139.02635817382875,35.94386024601432],[139.0270149182944,35.94299707481934],[139.02697747976487,35.942617265330014],[139.02698429570933,35.94252616184723],[139.02689880250793,35.942239751883506],[139.0270337701038,35.942080576496224],[139.0270642604439,35.94189228864132],[139.02685585188823,35.94177211911752],[139.02638651341707,35.94170700826858],[139.0262556665473,35.94145308527389],[139.0259659773144,35.94120326300291],[139.02541011109847,35.940894851308066],[139.0247819015454,35.940828667853026],[139.02454009565093,35.94024873244499],[139.028593063834,35.94112550394832],[139.02902247879356,35.941216758851134],[139.0317115994693,35.94383974919393],[139.03298290710597,35.94510217166673],[139.03718891139744,35.9492817274925],[139.0392646633038,35.951304899958934],[139.04164176480072,35.95366348177808],[139.04342609277353,35.95550004335759],[139.0462903902129,35.95594100630562],[139.05282411182264,35.957193432104724],[139.05287194582792,35.95868380778068],[139.0516303113934,35.95990514020885],[139.05197841975502,35.96095532610145],[139.0536036905526,35.961339017597275],[139.05303746401634,35.96262861526293],[139.05336688871463,35.963029463493505],[139.05383970590526,35.962914953262484],[139.0543229497472,35.9623915803325],[139.05463932518464,35.96219937721515],[139.05713362709432,35.963439734214894],[139.05721312098532,35.96398976032926],[139.05701482592528,35.964727378979866],[139.05696287888122,35.965016934436214],[139.05704550350237,35.96536233650746],[139.05735629645662,35.96548432682769],[139.05771731301368,35.965421859548854],[139.0578055653497,35.96570584377472],[139.05851804226984,35.96630147464129],[139.0585948068065,35.96662684420212],[139.0584257442105,35.96693564006947],[139.05816167296604,35.96740249731105],[139.05807284066708,35.967487260045445],[139.05774937976813,35.96782683029572],[139.0570918728959,35.967286853933246],[139.05640825560013,35.96639822641949],[139.05621015253035,35.96611691801525],[139.05554455998038,35.965785331157356],[139.05412029783565,35.96633625769376],[139.05347995260527,35.96767348085145],[139.05292310689623,35.9686127613992],[139.05203231910397,35.96905250384234],[139.0512039023603,35.9690695578046],[139.0500571683421,35.96893675902045],[139.04873951273052,35.96854428957094],[139.04511226603395,35.96627509651126],[139.04290328439959,35.96509757204368],[139.04101531793438,35.96424395455096],[139.03900645009153,35.96437949315165],[139.03440633443466,35.963460165865754],[139.03407248842854,35.96249246218455],[139.03009057181146,35.96141369145176],[139.02830807342676,35.960764189329836],[139.02700395129463,35.95993436146684],[139.0255379846411,35.95953041679339],[139.02554942921427,35.95848259009116],[139.02620200716754,35.957179570758306],[139.02741017334682,35.957065743749645],[139.02699703449923,35.956156981334125],[139.02762252326534,35.955470892807064],[139.02650476619445,35.953849501941704],[139.02572336267804,35.953177109785486],[139.0263969194825,35.95300899772645],[139.0254977690825,35.952870909999454],[139.02541057120487,35.95269991269371],[139.02544353791077,35.95226894200205],[139.02542649612857,35.951765328344095],[139.02540868443424,35.95132884040205],[139.02544321436895,35.95012327154203],[139.0250267783332,35.94984161944644],[139.02483729610788,35.94973189877983],[139.02429873675396,35.94958884753855],[139.02410709437305,35.94907115174057],[139.02400036127673,35.94863407124847],[139.02348749657332,35.94846020744294],[139.02343108756506,35.947767843313734]],[[139.0307595485946,35.95545296543706],[139.0309671028122,35.95561898409527],[139.03134349072823,35.95530081906902],[139.0307595485946,35.95545296543706]]]}},{"type":"Feature","properties":{"KEY_CODE":"11207057001","PREF":"11","CITY":"207","CITY_NAME":"秩父市","S_NAME":"荒川日野","SETAI":"271"},"geometry":{"type":"Polygon","coordinates":[[[138.96759516239325,35.95520000766611],[138.96890198644297,35.95485936263377],[138.97330531452312,35.952108600245296],[138.9745836177942,35.95069261240403],[138.97649222125966,35.94954124318779],[138.97769109911334,35.948062438349034],[138.97745655397446,35.9472237831547],[138.97898859329865,35.94678224088908],[138.979427649596,35.94607278746751],[138.98243171672243,35.94397330910907],[138.9825632246708,35.942419018957835],[138.98102244176425,35.940445713047495],[138.97978148308243,35.938095602477205],[138.97952603401242,35.936940103857566],[138.97962467902053,35.93664025009873],[138.97970115493627,35.93622799540127],[138.98013023752748,35.9355866028465],[138.98086252408905,35.93530787717159],[138.9811778367718,35.9351487757323],[138.9816536992592,35.93439053801251],[138.981881862863,35.93346921425551],[138.98217270595984,35.932806102813835],[138.98229001234236,35.9323067063423],[138.98234436735876,35.932195329155945],[138.98262901382893,35.93159256167411],[138.98294615427363,35.93105942506713],[138.9835992511685,35.93040157204056],[138.9846304119393,35.92921821476621],[138.98475999523953,35.928912684226084],[138.98483692221836,35.92865725621514],[138.9848475963274,35.92838784114992],[138.98471695145867,35.92741485084603],[138.98529359637587,35.92654790405744],[138.9861261760992,35.92613253485726],[138.98786102402036,35.92608162558552],[138.98826462863036,35.92585308136305],[138.98948709500158,35.925096340894356],[138.9899542601949,35.92487366483553],[138.9905561151305,35.92487261561825],[138.99101679577615,35.9247548951387],[138.9911145034703,35.92469246957267],[138.99119731013658,35.924099925650054],[138.99179386629092,35.92291437983734],[138.99186136753673,35.92281841044816],[138.9920035578899,35.92267519539762],[138.99220685220882,35.92241883747241],[138.9923660437413,35.922035100057734],[138.99270819437936,35.92153275816351],[138.9927720897858,35.921466503906665],[138.992964061289,35.92133895802168],[138.99314561963396,35.92124648466925],[138.99323238907274,35.921211037313306],[138.99344354474036,35.921152119654415],[138.99374686787024,35.92107942618935],[138.9943010193234,35.92096160826327],[138.99524505232446,35.920459807873996],[138.99571427594276,35.91941329994889],[138.9962094254792,35.91629456241565],[138.9976052251202,35.915164909184],[138.9980757413476,35.91467157052998],[138.99846987461888,35.91427233473435],[138.99902153282332,35.913857062273614],[138.99932005684244,35.91360226417207],[138.9993614217295,35.9134628501575],[138.9993542806283,35.91287245138598],[138.9993773054414,35.91258328956955],[138.99980489422273,35.912054488649034],[139.00034741952356,35.911881596432345],[139.00100451771135,35.91144631253601],[139.00141022171704,35.911212974741936],[139.00159503331068,35.91112862840425],[139.00282535839946,35.91076127999922],[139.00335732549743,35.91042155451678],[139.00360939416623,35.91026195443394],[139.0036454908184,35.910203617998356],[139.0039129743661,35.909620506109746],[139.0046956151012,35.90851548370077],[139.00504192326443,35.903602630922386],[139.00530622313366,35.9030152113788],[139.00877472610784,35.901833425786194],[139.01014908881186,35.90152979572094],[139.0105080945744,35.90130151001213],[139.01068023724264,35.90115847707952],[139.0107349290185,35.901008339114846],[139.0107188062193,35.90064319834347],[139.010398581504,35.89915023973666],[139.01017849338908,35.89869267630467],[139.0098938303161,35.89815354461501],[139.01025073333136,35.89715792471628],[139.01187812624002,35.897621140794435],[139.01308024167272,35.8983402793232],[139.0157155837765,35.89812391629459],[139.01820621463878,35.89856610785416],[139.0199611763332,35.89787764334108],[139.02046008737608,35.897292018035316],[139.02383582991598,35.89716416812972],[139.02484336391643,35.8983913471762],[139.02496356879155,35.901880142550446],[139.02578963428422,35.90314746447919],[139.02608977810252,35.90441768960967],[139.02884519494614,35.905815526519426],[139.03100910539484,35.90747693134044],[139.03123622034303,35.90804333158283],[139.03117121400928,35.91044198372322],[139.0301330750315,35.911516647439946],[139.0297926521636,35.912672409490355],[139.03074456538167,35.91608637692036],[139.03071052431514,35.91763959521],[139.0316744231694,35.91906986920977],[139.03301931228305,35.920191967557216],[139.0337938659858,35.92136178337477],[139.0375371153702,35.92283874716218],[139.03908877742404,35.9249490896651],[139.03886327688951,35.926451210931795],[139.03941993237999,35.927980102316845],[139.03910412245423,35.92952813502446],[139.03930527982024,35.930458203874316],[139.04133585805144,35.93228421055563],[139.044715342721,35.93344946305731],[139.044974977013,35.935955047347896],[139.04539015121637,35.937705472874526],[139.0453269616018,35.94036004847573],[139.04390213157686,35.94229460887098],[139.04598450705527,35.94347956903874],[139.04769085579954,35.94488633862927],[139.04766434660186,35.9455008915633],[139.04658711228038,35.945957391108436],[139.04697477089078,35.947044833269956],[139.04718577805093,35.94926255264942],[139.046353309405,35.94997153599874],[139.04681164645717,35.9507354656862],[139.04890627508098,35.94988020086067],[139.0505140598257,35.950320974344784],[139.05118331613735,35.95104139525102],[139.05253224756115,35.95101027694446],[139.05241824358572,35.95284021567476],[139.05301215190946,35.955768583502206],[139.05282411182264,35.957193432104724],[139.0462903902129,35.95594100630562],[139.04342609277353,35.95550004335759],[139.04164176480072,35.95366348177808],[139.0392646633038,35.951304899958934],[139.03718891139744,35.9492817274925],[139.03298290710597,35.94510217166673],[139.0317115994693,35.94383974919393],[139.02902247879356,35.941216758851134],[139.028593063834,35.94112550394832],[139.02454009565093,35.94024873244499],[139.0247819015454,35.940828667853026],[139.02541011109847,35.940894851308066],[139.0259659773144,35.94120326300291],[139.0262556665473,35.94145308527389],[139.02638651341707,35.94170700826858],[139.02685585188823,35.94177211911752],[139.0270642604439,35.94189228864132],[139.0270337701038,35.942080576496224],[139.02689880250793,35.942239751883506],[139.02698429570933,35.94252616184723],[139.02697747976487,35.942617265330014],[139.0270149182944,35.94299707481934],[139.02635817382875,35.94386024601432],[139.02648602673565,35.9444084973227],[139.02618093555364,35.94473436566867],[139.02604743542187,35.94474896603908],[139.025341279425,35.944842342735605],[139.02464614940897,35.94511136744616],[139.024508616356,35.94551324424112],[139.0246464407376,35.946017656575],[139.024346261755,35.946795413988525],[139.0243337113162,35.947092268236595],[139.02392923510692,35.94750783164664],[139.02343108756506,35.947767843313734],[139.02348749657332,35.94846020744294],[139.02400036127673,35.94863407124847],[139.02410709437305,35.94907115174057],[139.02429873675396,35.94958884753855],[139.02483729610788,35.94973189877983],[139.0250267783332,35.94984161944644],[139.02544321436895,35.95012327154203],[139.02540868443424,35.95132884040205],[139.02542649612857,35.951765328344095],[139.02544353791077,35.95226894200205],[139.02541057120487,35.95269991269371],[139.0254977690825,35.952870909999454],[139.02572336267804,35.953177109785486],[139.02650476619445,35.953849501941704],[139.02762252326534,35.955470892807064],[139.02699703449923,35.956156981334125],[139.02741017334682,35.957065743749645],[139.02620200716754,35.957179570758306],[139.02554942921427,35.95848259009116],[139.0255379846411,35.95953041679339],[139.02460274138357,35.959629548337944],[139.02412239778332,35.95887544838631],[139.02306034227607,35.95817134188508],[139.02052851763023,35.95703783020632],[139.01921969892905,35.95666328187915],[139.01818752605953,35.95653962278918],[139.01789528589595,35.95659408674993],[139.01757437773696,35.95673303755321],[139.01720655328432,35.9570381989605],[139.01373213581496,35.95804901329039],[139.01315599129782,35.9585235041223],[139.01132500419757,35.95877207980274],[139.0107117423979,35.95729170360157],[139.0099436309131,35.95685036876504],[139.0076119348938,35.95699809262958],[139.00611245245958,35.95476222855438],[139.0048989695488,35.9537595352834],[138.99665193922922,35.95628417394195],[138.9965996704166,35.95522014640317],[138.99657513350272,35.942673563726245],[138.99000397125067,35.946348139332194],[138.98459438613375,35.949540579912345],[138.98198184500632,35.9510705537739],[138.9747968454992,35.95528576615175],[138.97184665289888,35.957157709271705],[138.96759516239325,35.95520000766611]],[[139.00855917291545,35.94153848181247],[139.01747909233922,35.949612554582295],[139.00855917291545,35.94153848181246],[139.00855917291545,35.94153848181247]],[[139.012905509479,35.9375958108821],[139.01678945316752,35.938571136189765],[139.01290550947903,35.93759581088208],[139.012905509479,35.9375958108821]],[[139.01823248275073,35.95002596092471],[139.019617594699,35.95043218937527],[139.01828987297338,35.949901724661395],[139.01823248275073,35.95002596092471]],[[139.0196175946991,35.9504321893753],[139.01961759469913,35.950432189375306],[139.02013455382894,35.94988540759521],[139.0196175946991,35.9504321893753]],[[139.02012238725322,35.94682934240696],[139.02128374326924,35.9480353337849],[139.02128374326927,35.948035333784894],[139.02012238725322,35.94682934240696]]]}},{"type":"Feature","properties":{"KEY_CODE":"11207058001","PREF":"11","CITY":"207","CITY_NAME":"秩父市","S_NAME":"荒川小野原","SETAI":"51"},"geometry":{"type":"Polygon","coordinates":[[[138.99453924499417,35.9683028641115],[138.99496990647728,35.96765332576308],[138.99554561440053,35.96697369444581],[138.99546911480817,35.96588899753635],[138.99641002327772,35.96419889981653],[138.99708853546187,35.96299585677291],[138.99728909211782,35.96259483447822],[138.997811331727,35.96144151436175],[139.0000840068092,35.96126299588864],[139.00207689699755,35.95988736638595],[139.00275514063355,35.95899889726505],[139.00541029445435,35.957163992529466],[139.0076119348938,35.95699809262958],[139.0099436309131,35.95685036876504],[139.0107117423979,35.95729170360157],[139.01132500419757,35.95877207980274],[139.01315599129782,35.9585235041223],[139.01373213581496,35.95804901329039],[139.01720655328432,35.9570381989605],[139.01757437773696,35.95673303755321],[139.01789528589595,35.95659408674993],[139.01818752605953,35.95653962278918],[139.01921969892905,35.95666328187915],[139.02052851763023,35.95703783020632],[139.02306034227607,35.95817134188508],[139.02412239778332,35.95887544838631],[139.02460274138357,35.959629548337944],[139.02445969348508,35.95960992624766],[139.02414415244414,35.959680809579424],[139.02410422064813,35.959681443011384],[139.02372147603526,35.959709509827874],[139.0235581825811,35.95974716449131],[139.0233162881899,35.9598744242778],[139.02327600676423,35.95990930289113],[139.02308187442637,35.960032373060635],[139.02299295490823,35.96005520859937],[139.0227850870697,35.960106983536654],[139.02265907825677,35.96018274487341],[139.0222438720828,35.96035299685757],[139.02200803486983,35.96053977743917],[139.02176228189387,35.96093379050977],[139.0217093315431,35.96102176344462],[139.02161390099747,35.96113919075961],[139.02147765165225,35.96134376616249],[139.02138567731794,35.96144499050362],[139.0213056353264,35.96152278574231],[139.0212892069766,35.96177421394815],[139.0211697783297,35.96195997653812],[139.0210923037966,35.96205769313752],[139.02094629524547,35.96213241418298],[139.02087309147788,35.962142736689046],[139.0207025958354,35.96211364317118],[139.02059452244708,35.96217149656725],[139.02055396124263,35.96223341069065],[139.0205161601404,35.96235573190478],[139.0204511318252,35.96242198701744],[139.02031230785445,35.962446286998215],[139.02019906812194,35.96246715119673],[139.01999793765268,35.9625117573245],[139.01986213668275,35.96256220949647],[139.01960541189885,35.96262266027832],[139.01956982541125,35.962638645305226],[139.0194846819317,35.96272369181775],[139.01946347457553,35.963060631363874],[139.0190265434837,35.96318565790909],[139.0190141560331,35.96320269770783],[139.0189204170228,35.96337421077721],[139.0187643344343,35.96345967399301],[139.01833064986755,35.96336931160316],[139.01828364971757,35.96340864903193],[139.01829294665754,35.963481717813096],[139.01849133699727,35.96359482237118],[139.0185662577555,35.963636790605854],[139.01859249476502,35.96367121585657],[139.0185940900266,35.96373521945568],[139.01812889065604,35.96390511444347],[139.0180974234922,35.963949965791954],[139.01797496871905,35.964218623216404],[139.0178193369816,35.96425992855466],[139.01776160228383,35.96426494279742],[139.01762087330235,35.96435628052285],[139.0175361448588,35.96441748039194],[139.01697342182797,35.96534513290287],[139.01658500071295,35.966006873918005],[139.01656470949703,35.96609339552299],[139.01661145682593,35.96673578678364],[139.01674893619574,35.967011525223725],[139.01498628522646,35.96799981118747],[139.01282713848377,35.96671699212761],[139.01186211165722,35.96772787677686],[139.01249034816638,35.9688491169438],[139.01236939022843,35.97045327106722],[139.01278221453333,35.971776774378974],[139.01091736990324,35.974412458460044],[139.00928216618857,35.9761862110438],[139.00847488414175,35.978332957412036],[139.00851004555037,35.97996453329369],[139.00672814598875,35.979963118334055],[139.0057248367892,35.980277903327206],[139.00622119288252,35.97763998991821],[139.0061440315832,35.975600106227425],[139.00676793407712,35.97521251778129],[139.00755135596816,35.97177898925205],[139.00587928879597,35.971735503817435],[139.0043634857471,35.970861337779155],[139.00229604187848,35.97100701776666],[139.00003926715593,35.97043956990971],[138.99768938317447,35.97030329868684],[138.99638828926788,35.970542174964834],[138.99507191105408,35.96968786060329],[138.99453924499417,35.9683028641115]]]}},{"type":"Feature","properties":{"KEY_CODE":"11207059001","PREF":"11","CITY":"207","CITY_NAME":"秩父市","S_NAME":"荒川白久","SETAI":"309"},"geometry":{"type":"Polygon","coordinates":[[[138.95089186958117,35.970076090876624],[138.95172900478326,35.96816180282177],[138.95335114690243,35.96605429903407],[138.953668511971,35.96488097324953],[138.95687741797758,35.960973519423476],[138.95811683583122,35.96039487089778],[138.95773167269016,35.95939872078563],[138.9578600126947,35.95867683319566],[138.95844484777464,35.957868156209976],[138.9589524672979,35.957377867625084],[138.96049833941595,35.957451350116145],[138.96241402674036,35.95558951322141],[138.96381050304478,35.95538404579851],[138.96388059124737,35.955373736487594],[138.96598843391396,35.95561876229181],[138.96759516239325,35.95520000766611],[138.97184665289888,35.957157709271705],[138.9747968454992,35.95528576615175],[138.98198184500632,35.9510705537739],[138.98459438613375,35.949540579912345],[138.99000397125067,35.946348139332194],[138.99657513350272,35.942673563726245],[138.9965996704166,35.95522014640317],[138.99665193922922,35.95628417394195],[138.9960036100478,35.95813285371278],[138.9947707940346,35.95861426306618],[138.9960036100478,35.9581328537128],[138.99665193922925,35.95628417394195],[139.0048989695488,35.9537595352834],[139.00611245245958,35.95476222855438],[139.0076119348938,35.95699809262958],[139.00541029445435,35.957163992529466],[139.00275514063355,35.95899889726505],[139.00207689699755,35.95988736638595],[139.0000840068092,35.96126299588864],[138.997811331727,35.96144151436175],[138.99649389197336,35.96135355078893],[138.99522353109396,35.96081720708662],[138.9940548344575,35.9601610063604],[138.9915800860792,35.96070789866517],[138.98943843115111,35.961464327172166],[138.98801145584687,35.96165890244838],[138.98706550661325,35.961707203932335],[138.986461479017,35.961707908052226],[138.98609602039696,35.96165575476958],[138.98539457698635,35.96193094309922],[138.9836402667882,35.96311590063223],[138.98225321983202,35.963079073101405],[138.97895318816907,35.962621405532445],[138.9761933427615,35.96179870703586],[138.97519111384682,35.96139490997661],[138.9761933427615,35.961798707035875],[138.97550949544842,35.962181182145095],[138.97407527598813,35.96303297178228],[138.97363685127098,35.96296042883018],[138.9733502620274,35.96294350289017],[138.97228432219177,35.96292002240814],[138.97304976577803,35.963859389952574],[138.97183203140256,35.96710741315475],[138.9709447253434,35.96853734674813],[138.9677406564588,35.973276204325586],[138.96444956618953,35.97840498163483],[138.96304461545705,35.97824115748418],[138.961194775306,35.97867439586616],[138.96055733975808,35.979149339420154],[138.95818261878938,35.97963256852673],[138.95707022426924,35.9791909248812],[138.95425797966976,35.97697438166074],[138.95333307047372,35.97594110915866],[138.9525206827814,35.97432454434515],[138.95127085155784,35.973491217188354],[138.95095839659544,35.97191632242622],[138.95125834339262,35.97121636874873],[138.95089186958117,35.970076090876624]]]}},{"type":"Feature","properties":{"KEY_CODE":"11207060001","PREF":"11","CITY":"207","CITY_NAME":"秩父市","S_NAME":"荒川贄川","SETAI":"164"},"geometry":{"type":"Polygon","coordinates":[[[138.96444956618953,35.97840498163483],[138.9677406564588,35.973276204325586],[138.97043564521874,35.974536732106166],[138.9677406564588,35.97327620432557],[138.9709447253434,35.96853734674813],[138.9718320314025,35.96710741315475],[138.97304976577803,35.963859389952574],[138.97228432219177,35.96292002240814],[138.9733502620274,35.96294350289017],[138.97363685127098,35.96296042883018],[138.97407527598813,35.96303297178228],[138.97550949544842,35.962181182145095],[138.9761933427615,35.96179870703586],[138.97895318816907,35.962621405532445],[138.98225321983202,35.963079073101405],[138.9836402667882,35.96311590063223],[138.98539457698635,35.96193094309922],[138.98609602039696,35.96165575476958],[138.986461479017,35.961707908052226],[138.98706550661325,35.961707203932335],[138.98801145584687,35.96165890244838],[138.98943843115111,35.961464327172166],[138.9915800860792,35.96070789866517],[138.9940548344575,35.9601610063604],[138.99522353109396,35.96081720708662],[138.99649389197336,35.96135355078893],[138.997811331727,35.96144151436175],[138.99728909211782,35.96259483447822],[138.99708853546187,35.96299585677291],[138.99641002327772,35.96419889981653],[138.99546911480817,35.96588899753635],[138.99554561440053,35.96697369444581],[138.99496990647728,35.96765332576308],[138.99453924499417,35.9683028641115],[138.99507191105408,35.96968786060329],[138.99638828926788,35.970542174964834],[138.99768938317447,35.97030329868684],[139.00003926715593,35.97043956990971],[139.00229604187848,35.97100701776666],[139.0043634857471,35.970861337779155],[139.00587928879597,35.971735503817435],[139.00755135596816,35.97177898925205],[139.00676793407712,35.97521251778129],[139.0061440315832,35.975600106227425],[139.00622119288252,35.97763998991821],[139.0057248367892,35.980277903327206],[139.00390584989367,35.9801032223543],[139.00063373981877,35.97935688580811],[138.99906422141808,35.97834809272921],[138.9973556482939,35.97719340208453],[138.99525936556824,35.9764857262646],[138.99300181339717,35.97615370711121],[138.99215178986017,35.97745921023724],[138.99221288140416,35.97907566099282],[138.99200110809008,35.978966068971744],[138.98978015936132,35.978853217076896],[138.98820826471595,35.979015148062174],[138.98666489063262,35.97900429159274],[138.98601356858606,35.97893483770857],[138.9851759071721,35.97960218195575],[138.9851087974411,35.979664249759274],[138.98441771222576,35.98009614946369],[138.98441107035754,35.98047372760964],[138.98454281078995,35.98073515072016],[138.9840121835705,35.98161737876882],[138.98281831525713,35.98209203668137],[138.98147958639072,35.98315510557577],[138.98139823382346,35.98320368702579],[138.97992363076452,35.98230963890213],[138.97744788376738,35.981692874460606],[138.97648193907992,35.98068898187667],[138.97375692786218,35.979097592429284],[138.97206291189116,35.98050701017286],[138.97118902142677,35.980112609843786],[138.97030663532723,35.98104263190561],[138.9684629115062,35.980776814534146],[138.96600846610662,35.97886960392324],[138.96444956618953,35.97840498163483]]]}}]}