{"type":"FeatureCollection","features":[{"type":"Feature","geometry":{"type":"Polygon","coordinates":[[[130.1956234540131,32.604088293747736],[130.19543395835606,32.60441015517693],[130.19541613267245,32.60468886652378],[130.19452054788326,32.60430754188053],[130.19529006828776,32.60418088069179],[130.1956234540131,32.604088293747736]]]},"properties":{"KEY_CODE":"42","PREF":"42","CITY":"214","CITY_NAME":"南島原市","S_NAME":"","SETAI":"0"}},{"type":"Feature","geometry":{"type":"Polygon","coordinates":[[[130.29091480970658,32.652685765762556],[130.2901632795551,32.65264495032427],[130.29046144478576,32.65195617599329],[130.29152233322233,32.65205242329547],[130.2915132045429,32.652614679000735],[130.29091480970658,32.652685765762556]]]},"properties":{"KEY_CODE":"42","PREF":"42","CITY":"214","CITY_NAME":"南島原市","S_NAME":"","SETAI":"0"}},{"type":"Feature","geometry":{"type":"Polygon","coordinates":[[[130.3488369676012,32.70983670067619],[130.35004739560264,32.71030186554894],[130.35061611789834,32.710671256853544],[130.3502774393649,32.71129489235941],[130.34971851770396,32.710825300610885],[130.34840854728455,32.710647573050636],[130.34868141650466,32.70989239419925],[130.3488369676012,32.70983670067619]]]},"properties":{"KEY_CODE":"42","PREF":"42","CITY":"214","CITY_NAME":"南島原市","S_NAME":"","SETAI":"0"}},{"type":"Feature","properties":{"KEY_CODE":"42214001001","PREF":"42","CITY":"214","CITY_NAME":"南島原市","S_NAME":"加津佐町津波見名","SETAI":"118"},"geometry":{"type":"Polygon","coordinates":[[[130.1268031104831,32.65032852260274],[130.12735828615655,32.648555273086394],[130.12786006309491,32.64806620255908],[130.128442849345,32.647874389967996],[130.12834786643043,32.6475085433071],[130.12861131405512,32.647448073990404],[130.12872558068716,32.64701819102965],[130.1284799221333,32.64671415017183],[130.12888616735836,32.64643547145237],[130.12853209983192,32.646433410929006],[130.12867943245016,32.645315557398774],[130.12915468721403,32.64515958026043],[130.12921316587295,32.64481585993559],[130.12913481362583,32.64360470176917],[130.1288772363861,32.64353159730806],[130.12926069855104,32.642573757245685],[130.1289618412578,32.64207919538957],[130.12916833820896,32.64161644083174],[130.12897339272368,32.64147239114295],[130.12931066434203,32.640680807645175],[130.13007840605783,32.63977732706578],[130.13054390143319,32.63935046738656],[130.13140559687926,32.639067588886725],[130.13189588504693,32.63855566849804],[130.13209277442996,32.63801472081312],[130.1328234817631,32.63802438330097],[130.13311964154758,32.63781300736365],[130.13295265615545,32.637149899080725],[130.1334508712402,32.63649481036378],[130.13399027305073,32.6365569866427],[130.13396801788446,32.637238257970154],[130.13417144015497,32.636983455613674],[130.1347030186543,32.63690062397384],[130.13510540317046,32.63704171103375],[130.1353991560842,32.636809348531834],[130.136415231897,32.63540185736263],[130.13700845990311,32.63542554945752],[130.13710339499298,32.635138849778926],[130.13758546956285,32.63507535379481],[130.1378641826051,32.636272631135405],[130.13809592163716,32.63649140881383],[130.13809265690455,32.63707097258544],[130.1382711269199,32.63730995775445],[130.13940546029812,32.63785255181566],[130.14042340068434,32.63844786365458],[130.14165399816653,32.63861897522054],[130.1423327495877,32.63948009775479],[130.14250275788964,32.64004179232445],[130.14215744546388,32.641776381847414],[130.1413409895599,32.64191487982579],[130.1409290167491,32.64240853595777],[130.140492963928,32.64262011461361],[130.14112630254107,32.6426733098536],[130.1415993696746,32.64239760318718],[130.14214376461624,32.64306837948138],[130.14241569859917,32.64302816724733],[130.14241043616093,32.64395919139058],[130.14346458206526,32.64523017562252],[130.1438130708652,32.6461350434145],[130.14377322793777,32.64693344310795],[130.1437808903304,32.646979937248936],[130.14390560448214,32.64710885892538],[130.1440398178428,32.647325375395305],[130.14408875378447,32.647553777669145],[130.144124445893,32.647822230491904],[130.1442752839138,32.64812721957456],[130.14432644829944,32.648201283994574],[130.14488948677257,32.64851274590784],[130.14515689773324,32.64865192162559],[130.14496716715468,32.6499269651492],[130.14497778845174,32.650461329119864],[130.1451954472245,32.651134686369005],[130.1457557503203,32.65200628903108],[130.14681228414153,32.652821041097795],[130.14768566553226,32.65306514963736],[130.14869092220425,32.65428314712262],[130.1490495901434,32.654361298286],[130.14938396917304,32.653879464249094],[130.1496845823781,32.654067256477454],[130.1498287443333,32.655357364492616],[130.14916888840122,32.65555367561472],[130.14761213219302,32.65633683941949],[130.14789056597488,32.65696850015294],[130.148280894037,32.65680733295636],[130.14737597658518,32.65782639895687],[130.14761457148072,32.65823668599429],[130.14863251400504,32.65840827160549],[130.14835440571437,32.65858654605243],[130.14881896257728,32.65900951294768],[130.14802405991733,32.65926404348527],[130.14767151021027,32.65940490380874],[130.1473017899862,32.65916089718784],[130.1470327007134,32.65898319530836],[130.1454216781179,32.658354048179525],[130.14512929093496,32.65867034287925],[130.14475098747383,32.659115659027215],[130.14417362648436,32.658607066538266],[130.1438176952348,32.65871383908529],[130.14341798033254,32.65876574169962],[130.14313879042683,32.65875403665204],[130.14238184363032,32.65872382460149],[130.14197240766055,32.65872067739693],[130.1415937448331,32.65867541590187],[130.1412263127425,32.65847005847796],[130.1410270414197,32.65835824779078],[130.14068853436382,32.65829703096488],[130.1400797812433,32.65816896199946],[130.13971719782498,32.658212805945176],[130.13958064593157,32.65819511580895],[130.13925824572678,32.65809108242393],[130.13876621251475,32.657931693068],[130.13832522608206,32.6578473905191],[130.13804599882207,32.65783567581458],[130.13733294824794,32.65787605033304],[130.13705420674515,32.657927315932255],[130.13666852588636,32.657771885208724],[130.13633916706775,32.657684366290866],[130.13581432814658,32.65758470064141],[130.1354330025262,32.657604990553736],[130.13491250773458,32.65767847583419],[130.1344123484979,32.65755772199676],[130.1343177008302,32.65732732475983],[130.13420297255084,32.657333156219444],[130.13401533653996,32.657108515017256],[130.13369591320802,32.65711274145568],[130.13351894121664,32.657084788518375],[130.13322164583118,32.6567032727992],[130.13301381832244,32.65669382830504],[130.13247625785354,32.65654701075581],[130.13207939677997,32.65655951668961],[130.13190526941875,32.65649744553268],[130.13184939483048,32.6564872309073],[130.1315440947724,32.65629463794505],[130.1314757912189,32.65614379046738],[130.13124724912038,32.65597606606631],[130.1311622557788,32.656077702765494],[130.13109325796134,32.656126382060975],[130.13049422610933,32.65605595610649],[130.13005964421305,32.65600305285428],[130.1296813658141,32.656010207851544],[130.1288692517702,32.65593461200611],[130.1288847794603,32.65572983021287],[130.1284799229438,32.65571164593651],[130.1283786155528,32.65462593399014],[130.1280689931355,32.653663294808624],[130.12782579322172,32.65333743392803],[130.12747345980952,32.65121921863519],[130.12733334750519,32.651190612831186],[130.1268031104831,32.65032852260274]]]}},{"type":"Feature","properties":{"KEY_CODE":"42214002006","PREF":"42","CITY":"214","CITY_NAME":"南島原市","S_NAME":"加津佐町野田名","SETAI":"690"},"geometry":{"type":"Polygon","coordinates":[[[130.13758546956285,32.63507535379481],[130.13831484076107,32.63458322673665],[130.13831853227921,32.634146256980145],[130.13884990620323,32.63467205854326],[130.13925905494972,32.635450351108254],[130.13955501092497,32.63553088642202],[130.13951431228938,32.63519911761354],[130.14038670047142,32.63516032229948],[130.1400180681492,32.635005725673224],[130.14006588893344,32.63475745072923],[130.14113091731284,32.635486595109704],[130.14159553500204,32.63613482164361],[130.14238520940182,32.636195668455905],[130.14300434600145,32.63606275730385],[130.14300907294958,32.635774614003324],[130.14394839170072,32.635634350389694],[130.1447608025759,32.635725571922386],[130.14520580504856,32.635613377453204],[130.14520580504856,32.63561337745322],[130.1458200961282,32.635334710651215],[130.14668578920117,32.63468345650728],[130.1468293283067,32.6342591530392],[130.14712930417082,32.63427285956207],[130.14769510363945,32.6339341258187],[130.14768671163486,32.63370523176422],[130.14823907083914,32.633068940594164],[130.14908095760055,32.632558990045844],[130.1491651518663,32.632665396884356],[130.1502257689559,32.63158677445894],[130.15142579981372,32.63029239904785],[130.15279486346054,32.62854641128788],[130.15366907169744,32.6275325528051],[130.1540236184976,32.626690197622395],[130.15529448425158,32.62721134961387],[130.15627359554753,32.62831549897651],[130.15701535190436,32.62914438025207],[130.15786882595262,32.628580063248414],[130.15861397088432,32.62938623052868],[130.15876944337603,32.62929932311482],[130.1589724064594,32.63073745003117],[130.15908591050155,32.63148765804729],[130.15926950836283,32.63296004171319],[130.15890782813224,32.6331034073519],[130.15869042409275,32.633540227398086],[130.15934077148847,32.63392459069906],[130.15939509222582,32.63448010851457],[130.15986468428883,32.634529568629816],[130.1607525497828,32.63516940837677],[130.16154600104775,32.63534506844365],[130.16192633829266,32.635808021645566],[130.1615914028433,32.6357671597532],[130.16172552369937,32.6361157599093],[130.16157986502262,32.63679657340179],[130.16132271966572,32.637036619149015],[130.16148407703577,32.637957787259],[130.16142257461053,32.638007145807876],[130.1614821780678,32.6382259060865],[130.16157948319048,32.6383234647659],[130.1615452971788,32.638402128452874],[130.16136007231333,32.63843579245131],[130.16101742936604,32.63861087204465],[130.16061483701287,32.63904130477422],[130.16029831404128,32.639088761378915],[130.1600915520499,32.6393481275432],[130.1600467738708,32.63956088250316],[130.15968390671526,32.64014148714169],[130.15966523571268,32.6402298971568],[130.15967446687594,32.64043254143873],[130.1597330918674,32.64052378722693],[130.15989164842685,32.64069577581314],[130.1603100637249,32.64121063241871],[130.16050034489467,32.64133715367081],[130.16058182541275,32.64139386252668],[130.16083722670157,32.642019339765405],[130.1609443909766,32.642341838094985],[130.16105765314595,32.64250800475296],[130.1613489725455,32.643046036868455],[130.16121779232515,32.64273602906452],[130.1617434515505,32.64327599816687],[130.16231118903613,32.64323052856332],[130.1624581442227,32.642719676617446],[130.16285444770287,32.64248548129055],[130.1631869687046,32.64198675476866],[130.16351454177996,32.641867300859914],[130.16345248839872,32.64157697564697],[130.16282793104665,32.64148092941248],[130.16322368099327,32.64120664924636],[130.16387473797988,32.641192717200546],[130.1645564731512,32.64167929368042],[130.16436522535784,32.642138599275164],[130.1649714741131,32.64210559520139],[130.16564095296326,32.64271735355782],[130.16622750127172,32.64348056303888],[130.16719430394866,32.64429801118639],[130.16715209918496,32.64478788121475],[130.16742261402115,32.64485570138333],[130.16660503027958,32.64538096300223],[130.16565102841923,32.64697957961076],[130.16537114755778,32.64766656203376],[130.16516961934772,32.64784072988459],[130.1652574599661,32.64860988847523],[130.1658090344289,32.64991396711091],[130.1657580686738,32.6511173523028],[130.1662320121459,32.65244966751761],[130.16674599282695,32.65312578455266],[130.16768906526994,32.65392369234154],[130.16876339080423,32.654652522840024],[130.16919357248076,32.655329081664746],[130.16992453334484,32.656183834164345],[130.1708015295278,32.657349381181845],[130.17167552415071,32.65834905779834],[130.17182510515292,32.65915241032628],[130.17211916194717,32.65907073349928],[130.17236252284852,32.659789603033],[130.17196552863408,32.659995123347606],[130.1720658407621,32.66030644821161],[130.17292040064316,32.66156904674095],[130.17344699398134,32.662125552907185],[130.17315418524103,32.662219696197646],[130.17174652439127,32.66227182113314],[130.1704425076743,32.6624965161573],[130.16998601270734,32.66241500478348],[130.16832112258868,32.66249206350746],[130.1676093070678,32.6622755012394],[130.16625549965937,32.66248206515239],[130.16518879814353,32.66250342382746],[130.16389716566138,32.66272802135387],[130.16324449473944,32.662721390978206],[130.16188093248653,32.66226379397093],[130.16134823430252,32.6623636821818],[130.15945328954191,32.66236839209723],[130.15902733307277,32.66221844899525],[130.15716857972203,32.66123392031198],[130.15609850241208,32.66073863177896],[130.15549767057774,32.66047661907174],[130.1539277358977,32.65996013906396],[130.1531979848758,32.65983014574627],[130.1525791571494,32.659633768931634],[130.15205106606427,32.65947668722205],[130.15168447348333,32.65938939563536],[130.15160974275813,32.65891756891995],[130.15142855370274,32.65888289434666],[130.1510351568265,32.658797254483815],[130.15035868921336,32.65874302118291],[130.14933234829795,32.6587719330764],[130.14896800095588,32.65899158707846],[130.14881896257728,32.65900951294768],[130.14835440571437,32.65858654605243],[130.14863251400504,32.65840827160549],[130.14761457148072,32.65823668599429],[130.14737597658518,32.65782639895687],[130.148280894037,32.65680733295636],[130.14789056597488,32.65696850015294],[130.14761213219302,32.65633683941949],[130.14916888840122,32.65555367561472],[130.1498287443333,32.655357364492616],[130.1496845823781,32.654067256477454],[130.14938396917304,32.653879464249094],[130.1490495901434,32.654361298286],[130.14869092220425,32.65428314712262],[130.14768566553226,32.65306514963736],[130.14681228414153,32.652821041097795],[130.1457557503203,32.65200628903108],[130.1451954472245,32.651134686369005],[130.14497778845174,32.650461329119864],[130.14496716715468,32.6499269651492],[130.14515689773324,32.64865192162559],[130.14488948677257,32.64851274590784],[130.14432644829944,32.648201283994574],[130.1442752839138,32.64812721957456],[130.144124445893,32.647822230491904],[130.14408875378447,32.647553777669145],[130.1440398178428,32.647325375395305],[130.14390560448214,32.64710885892538],[130.14377322793777,32.64693344310795],[130.1438130708652,32.6461350434145],[130.14346458206526,32.64523017562252],[130.14241043616093,32.64395919139058],[130.14241569859917,32.64302816724733],[130.14214376461624,32.64306837948138],[130.1415993696746,32.64239760318718],[130.14112630254107,32.6426733098536],[130.140492963928,32.64262011461361],[130.1409290167491,32.64240853595777],[130.1413409895599,32.64191487982579],[130.14215744546388,32.641776381847414],[130.14250275788964,32.64004179232445],[130.1423327495877,32.63948009775479],[130.14165399816653,32.63861897522054],[130.14042340068434,32.63844786365458],[130.13940546029812,32.63785255181566],[130.1382711269199,32.63730995775445],[130.13809265690455,32.63707097258544],[130.13809592163716,32.63649140881383],[130.1378641826051,32.636272631135405],[130.13758546956285,32.63507535379481]],[[130.1492106990461,32.63787487621278],[130.14932930203463,32.63829419676583],[130.14921069904614,32.63787487621276],[130.1495212322386,32.63757413086669],[130.1492106990461,32.63787487621278]],[[130.15028101753384,32.64444926208313],[130.15102416462196,32.64447011069363],[130.15132167016327,32.64432858039668],[130.15102416462196,32.64447011069362],[130.15028101753384,32.64444926208313]],[[130.15225231385438,32.63809014451481],[130.15265117077143,32.63740922870994],[130.15295102094538,32.6372669763468],[130.15265117077143,32.63740922870992],[130.15225231385438,32.63809014451481]],[[130.15295102094538,32.6372669763468],[130.1533483630728,32.63710635785976],[130.15354840269512,32.63739783748147],[130.1534534036805,32.63703211830475],[130.15295102094538,32.6372669763468]],[[130.15327116839921,32.635236551813676],[130.15328515473138,32.63518476608492],[130.15330950762367,32.634783198959056],[130.15327116839921,32.635236551813676]],[[130.15464627070185,32.63859957814897],[130.15595255761934,32.638924319608805],[130.15599922460217,32.63912526360104],[130.15595255761934,32.63892431960877],[130.15464627070185,32.63859957814897]],[[130.15715458496672,32.65561512549286],[130.1575660254538,32.6559788012844],[130.15715458496675,32.65561512549282],[130.15726828679573,32.65498866289872],[130.15715458496672,32.65561512549286]],[[130.1576150611209,32.642122430958246],[130.157801791341,32.64185996882654],[130.15763838229142,32.641502536779505],[130.15780179134097,32.64185996882653],[130.1576150611209,32.642122430958246]],[[130.1582831257945,32.65147963352079],[130.15867702717753,32.65175762104761],[130.15874763878594,32.65217165385153],[130.15867702717756,32.65175762104761],[130.1582831257945,32.65147963352079]],[[130.15983325978686,32.64405252346423],[130.15992219524617,32.64410922973947],[130.15996686840768,32.64397305611753],[130.15983325978686,32.64405252346423]],[[130.16781386626928,32.65972570840557],[130.16815288014908,32.65973613144493],[130.16854878615177,32.659562403053215],[130.16781386626928,32.65972570840557]]]}},{"type":"Feature","properties":{"KEY_CODE":"42214003022","PREF":"42","CITY":"214","CITY_NAME":"南島原市","S_NAME":"加津佐町宮原名","SETAI":"358"},"geometry":{"type":"Polygon","coordinates":[[[130.15869042409275,32.633540227398086],[130.15890782813224,32.6331034073519],[130.15926950836283,32.63296004171319],[130.15908591050155,32.63148765804729],[130.16021793601274,32.631382274731045],[130.1636892538176,32.63103726513011],[130.1644730250815,32.63110699378819],[130.16465996856488,32.63124585482932],[130.16502910599482,32.63208627639452],[130.16550466067594,32.63240939432766],[130.16573793354894,32.63238948847441],[130.16626021392932,32.63206785039893],[130.16629511942378,32.63201412088376],[130.16661429656662,32.63235726227106],[130.16752746333023,32.63274586317922],[130.16871687113252,32.63287372041812],[130.16959420099843,32.633071428213285],[130.1704368239033,32.63338214607093],[130.17098637027047,32.633831913819954],[130.17177539890915,32.6348468474679],[130.17237772851846,32.63523235647025],[130.17405651186561,32.63573768878833],[130.17476850144118,32.63580496192411],[130.17540953807676,32.63592027306814],[130.17628875636683,32.636450964761075],[130.1767654410573,32.636517130281995],[130.1773507059568,32.63612529021412],[130.17887548492521,32.63625928710655],[130.1795918158426,32.63653036629095],[130.1806328198548,32.63739716012842],[130.1812484609936,32.6374712224867],[130.18174382369364,32.63736958850089],[130.18213602688067,32.63714835620765],[130.18246571517352,32.63728560698112],[130.18321300684192,32.63732791140045],[130.1838413231457,32.63744247241854],[130.18443318354792,32.63798987845093],[130.1844041048897,32.638860655008855],[130.1843356245443,32.63924344447837],[130.18500613336326,32.63976185118666],[130.18510614121894,32.64001863570673],[130.18514190966658,32.64003556043967],[130.18539615476288,32.64057831799853],[130.1858435659408,32.64115021120291],[130.1859299837229,32.64124044811626],[130.18631667704682,32.6413471545931],[130.1865523974644,32.64133378609412],[130.18698174048956,32.64141003426278],[130.1870399236261,32.641542731211615],[130.18714474453293,32.64217091255071],[130.18656586417617,32.6430930552337],[130.18658190282247,32.643322713052086],[130.1870426435325,32.643767572741076],[130.1872279497873,32.64370005388387],[130.18750019455635,32.643371984891246],[130.18779141377158,32.64356396169384],[130.18765485104493,32.6443196420327],[130.18814498019367,32.64481087108308],[130.1887693326061,32.644811682300286],[130.18913157131962,32.64499555298524],[130.1896372193172,32.64476906135661],[130.1899281154196,32.644982981090045],[130.18972572018853,32.646056338641536],[130.190503294484,32.64618008533881],[130.19072414309758,32.64672195453704],[130.1912826422436,32.646863983800245],[130.19125780111108,32.6464227726269],[130.19157592347977,32.64611596755636],[130.19203035809363,32.646521316681095],[130.1925785440322,32.646648989978],[130.19309446737424,32.6472410132915],[130.193086393209,32.64752769187296],[130.19386721996898,32.64755283844363],[130.1936485139054,32.64822365724016],[130.19404363073798,32.648984722508914],[130.19466644982256,32.64919281851065],[130.19451965186502,32.64954035897507],[130.19467635042813,32.64980555675535],[130.19507664028532,32.649505827259816],[130.1956751680662,32.64981885113394],[130.19551862213638,32.65071896711575],[130.19621997158512,32.650747814472325],[130.19662241851063,32.652444365092414],[130.1966015194773,32.65274541707149],[130.19732460149802,32.6525788100849],[130.19690009048432,32.65334782088251],[130.19672648305922,32.65390049641988],[130.19680111904376,32.65454775305866],[130.1962613037851,32.656417451198465],[130.19592696669133,32.65651525674144],[130.1960944586026,32.656839258126766],[130.1956295967177,32.65739790972448],[130.19333765738608,32.65871900242256],[130.1921145708617,32.659240390111066],[130.19104971205215,32.658888589441204],[130.1908147640359,32.65850390548147],[130.19010852049004,32.65819757689092],[130.1898890912262,32.65814696205314],[130.1893983214957,32.65802100491438],[130.1892794525132,32.65798023042078],[130.1888265752972,32.6577558872367],[130.18836953983606,32.65766243194205],[130.18807844322177,32.657688012326275],[130.18778253516686,32.65775941307878],[130.18623463139883,32.65789538186059],[130.184956468829,32.65801253328607],[130.18389639441529,32.65794414986072],[130.1833521980868,32.65791004984502],[130.18276657379596,32.657854366101155],[130.1819703744892,32.65790447951441],[130.1814269560435,32.65797284045104],[130.18026114217423,32.658238662938324],[130.18005486912475,32.65823104216191],[130.17967333822222,32.658230920820074],[130.17744295654853,32.658513350435754],[130.17694315852034,32.65855750390377],[130.1768144265692,32.658577817246],[130.1764852805757,32.65868861328776],[130.17628945620737,32.65870277057932],[130.1747010355552,32.65899258468275],[130.17309304125595,32.65942863936588],[130.17236252284852,32.65978960303297],[130.17211916194717,32.65907073349928],[130.17182510515292,32.659152410326286],[130.17167552415071,32.65834905779834],[130.1708015295278,32.657349381181845],[130.16992453334484,32.656183834164345],[130.16919357248076,32.655329081664746],[130.16876339080423,32.654652522840024],[130.16768906526994,32.65392369234154],[130.16674599282695,32.65312578455266],[130.1662320121459,32.65244966751761],[130.1657580686738,32.6511173523028],[130.1658090344289,32.64991396711091],[130.1652574599661,32.64860988847523],[130.16516961934772,32.64784072988459],[130.16537114755778,32.64766656203376],[130.16565102841923,32.64697957961076],[130.16660503027958,32.64538096300223],[130.16742261402115,32.64485570138333],[130.16715209918496,32.64478788121475],[130.16719430394866,32.64429801118639],[130.16622750127172,32.64348056303888],[130.16564095296326,32.64271735355782],[130.1649714741131,32.64210559520139],[130.16436522535784,32.642138599275164],[130.1645564731512,32.64167929368042],[130.16387473797988,32.641192717200546],[130.16322368099327,32.64120664924636],[130.16282793104665,32.64148092941248],[130.16345248839872,32.64157697564697],[130.16351454177996,32.641867300859914],[130.1631869687046,32.64198675476866],[130.16285444770287,32.64248548129055],[130.1624581442227,32.642719676617446],[130.16231118903613,32.64323052856332],[130.1617434515505,32.64327599816687],[130.16121779232515,32.64273602906452],[130.16105765314595,32.64250800475296],[130.1609443909766,32.642341838094985],[130.16083722670157,32.642019339765405],[130.16058182541275,32.64139386252668],[130.16050034489467,32.64133715367081],[130.1603100637249,32.64121063241871],[130.15989164842685,32.64069577581314],[130.1597330918674,32.64052378722693],[130.15967446687594,32.64043254143873],[130.15966523571268,32.6402298971568],[130.15968390671526,32.64014148714169],[130.1600467738708,32.63956088250316],[130.1600915520499,32.6393481275432],[130.16029831404128,32.639088761378915],[130.16061483701287,32.63904130477422],[130.16101742936604,32.63861087204465],[130.16136007231333,32.63843579245131],[130.1615452971788,32.638402128452874],[130.16157948319048,32.6383234647659],[130.1614821780678,32.6382259060865],[130.16142257461053,32.638007145807876],[130.16148407703577,32.637957787259],[130.16132271966572,32.637036619149015],[130.16157986502262,32.63679657340179],[130.16172552369937,32.6361157599093],[130.1615914028433,32.6357671597532],[130.16192633829266,32.635808021645566],[130.16154600104775,32.63534506844365],[130.1607525497828,32.63516940837677],[130.15986468428883,32.634529568629816],[130.15939509222582,32.63448010851457],[130.15934077148847,32.63392459069906],[130.15869042409275,32.633540227398086]],[[130.17540953807676,32.63592027306814],[130.1760272266623,32.636656086805544],[130.1759171823664,32.63682629352207],[130.17602722666234,32.636656086805544],[130.17540953807676,32.63592027306814]],[[130.16981666687613,32.64045260639338],[130.16982924652217,32.641084747157805],[130.16981666687616,32.64045260639338],[130.16996340606985,32.640092444634696],[130.16981666687613,32.64045260639338]],[[130.17621219495618,32.63825391396589],[130.1764502609183,32.638630754869865],[130.1764502609183,32.63863075486986],[130.17621219495618,32.63825391396589]]]}},{"type":"Feature","properties":{"KEY_CODE":"42214004033","PREF":"42","CITY":"214","CITY_NAME":"南島原市","S_NAME":"加津佐町六反田名","SETAI":"166"},"geometry":{"type":"Polygon","coordinates":[[[130.17681626536285,32.63043033102661],[130.17755542983738,32.63003343485994],[130.17853092257656,32.62914768620381],[130.1793735461031,32.62854646978599],[130.1811067193341,32.62783687086054],[130.18115945360896,32.62738980741317],[130.1820148371485,32.62644184541543],[130.1831315607891,32.62559637661698],[130.18328013710928,32.62560321445283],[130.18339499864163,32.62562721488917],[130.18345826956775,32.62562687140558],[130.18363276431904,32.625582595283404],[130.1837170608298,32.625571921787994],[130.18397355124512,32.62560878454415],[130.18408519721243,32.6256311450726],[130.18436836189625,32.62560663886448],[130.1845008979009,32.62560080989034],[130.1848386482624,32.62562194069228],[130.18498371985962,32.625677267879],[130.18508323235798,32.62565858469553],[130.18527305633327,32.625675693826906],[130.18581145690106,32.62559153504894],[130.18604288582338,32.62556670989529],[130.1867442267955,32.62571869981974],[130.18714149038308,32.62524467603049],[130.18722822308453,32.625154939839824],[130.18741515969373,32.62516410160433],[130.1881235815189,32.62518066937603],[130.1881712417118,32.62550178164132],[130.18816660839394,32.625685443198826],[130.18802990302376,32.626726817902814],[130.1876991642965,32.62683574557417],[130.18728826933793,32.62710066970032],[130.1874445260293,32.62743651446439],[130.18800389461472,32.62766557283868],[130.18819644472316,32.627618586489056],[130.1884559698392,32.62765799853076],[130.18867375220168,32.62775882598826],[130.18907920065556,32.627963215319966],[130.18935663795804,32.62798209571716],[130.18954103245738,32.62804995648835],[130.18959284232088,32.62812364915294],[130.1897131819933,32.62809491509742],[130.18983293319036,32.627989707720076],[130.19014198357098,32.62780438150308],[130.19026734188253,32.62764299176955],[130.19017873144546,32.62748788009982],[130.19060147297964,32.627162080838495],[130.19098845228288,32.626950398327786],[130.1911831147866,32.62678862788881],[130.191274362092,32.62669079719991],[130.1914618318314,32.62650842179346],[130.1917247467869,32.627108616591705],[130.19248111654937,32.62712701151677],[130.19277645024317,32.627443098454485],[130.1934198044176,32.627651346095725],[130.1939130370192,32.62807903368441],[130.1944470900639,32.628272130616985],[130.19492964381294,32.627844780328836],[130.19597943910313,32.62778460244388],[130.19657308086818,32.627871999129155],[130.1969683396768,32.62816607238824],[130.19710858774343,32.6287396297343],[130.1963788042177,32.62934870875635],[130.19714599411614,32.63063900229566],[130.19821668924897,32.63084788677474],[130.19874363681467,32.63085743736627],[130.19960356310477,32.63117865096659],[130.19991088903856,32.631425182261694],[130.20019099502628,32.63126718756672],[130.20116869363565,32.631411391745345],[130.2017106159777,32.6318334481283],[130.2020818771382,32.63254555297162],[130.20282183509622,32.633119519891125],[130.20393643313596,32.63328333109131],[130.2044860925348,32.63316123018133],[130.20576468902325,32.63322551019056],[130.2064636616749,32.63318076439765],[130.20736742099757,32.633141207172365],[130.2096376520875,32.63364308125712],[130.21041613166435,32.63410084819945],[130.2107143417661,32.6348622522054],[130.21076341044878,32.63614552237876],[130.21089463080045,32.63677433088349],[130.21115036817253,32.636987831332874],[130.2114950156199,32.638215501123966],[130.21137984085183,32.63878948572946],[130.21095723631507,32.639320365736275],[130.2102853581508,32.63975035847037],[130.2094127501631,32.64098659592689],[130.20907097614517,32.641277481329055],[130.2095154379268,32.64232222916894],[130.20957762715778,32.64283497404136],[130.20942325969096,32.643268099098925],[130.2078739159399,32.64381100061902],[130.20721788295484,32.644369958470214],[130.20671278745894,32.64458718579537],[130.20539445570273,32.644914411445384],[130.204934831901,32.64563391676504],[130.20406497704602,32.64631059718251],[130.20354840036146,32.64735316095604],[130.2031548374157,32.64749242989795],[130.20244213705845,32.648259030561135],[130.20235043385946,32.648748024942726],[130.2010517737941,32.65001693816329],[130.20072763962946,32.65000469059086],[130.1995864484026,32.649627999712536],[130.19939516975634,32.649929261014584],[130.19916029423248,32.65038593610007],[130.19874767340372,32.650743169654596],[130.19882578906223,32.65117150766026],[130.19845931093104,32.652118872202394],[130.1982569821024,32.65228517181336],[130.1973941814778,32.652444600172586],[130.19732460149802,32.6525788100849],[130.1966015194773,32.65274541707149],[130.19662241851063,32.652444365092414],[130.19621997158512,32.650747814472325],[130.19551862213638,32.65071896711575],[130.1956751680662,32.64981885113394],[130.19507664028532,32.649505827259816],[130.19467635042813,32.64980555675535],[130.19451965186502,32.64954035897507],[130.19466644982256,32.64919281851065],[130.19404363073798,32.648984722508914],[130.1936485139054,32.64822365724016],[130.19386721996898,32.64755283844363],[130.193086393209,32.64752769187296],[130.19309446737424,32.6472410132915],[130.1925785440322,32.646648989978],[130.19203035809363,32.646521316681095],[130.19157592347977,32.64611596755636],[130.19125780111108,32.6464227726269],[130.1912826422436,32.646863983800245],[130.19072414309758,32.64672195453704],[130.190503294484,32.64618008533881],[130.18972572018853,32.646056338641536],[130.1899281154196,32.644982981090045],[130.1896372193172,32.64476906135661],[130.18913157131962,32.64499555298524],[130.1887693326061,32.644811682300286],[130.18814498019367,32.64481087108308],[130.18765485104493,32.6443196420327],[130.18779141377158,32.64356396169384],[130.18750019455635,32.643371984891246],[130.1872279497873,32.64370005388387],[130.1870426435325,32.643767572741076],[130.18658190282247,32.64332271305207],[130.18656586417617,32.6430930552337],[130.18714474453293,32.64217091255071],[130.1870399236261,32.641542731211615],[130.18698174048956,32.64141003426278],[130.1865523974644,32.64133378609412],[130.18631667704682,32.6413471545931],[130.1859299837229,32.64124044811626],[130.1858435659408,32.64115021120291],[130.18539615476286,32.64057831799855],[130.18514190966658,32.64003556043967],[130.18510614121894,32.64001863570673],[130.18500613336323,32.63976185118666],[130.1843356245443,32.63924344447837],[130.1844041048897,32.638860655008855],[130.18443318354792,32.63798987845093],[130.1838413231457,32.63744247241854],[130.18321300684192,32.63732791140045],[130.18246571517352,32.63728560698112],[130.18213602688067,32.63714835620765],[130.18174382369364,32.63736958850089],[130.1812484609936,32.6374712224867],[130.18118917670907,32.63697766910844],[130.1812951686654,32.63672487410833],[130.18204707362705,32.63681626614346],[130.1818497061689,32.636532668510114],[130.18216136651637,32.63600733370918],[130.1813412501259,32.63521050751353],[130.1816842603319,32.63443897962079],[130.18223361904907,32.63403889230646],[130.18215906247386,32.633519137456155],[130.18142679806087,32.63280268011631],[130.181320071258,32.63187193084011],[130.18089278845397,32.631389240385765],[130.18030434470728,32.631607304770995],[130.17910518242513,32.63089332086498],[130.17792431472483,32.63107810874211],[130.1771914542309,32.63109755342731],[130.1769336203345,32.63092837119941],[130.17681626536285,32.63043033102661]],[[130.1836955930092,32.63596008414936],[130.18436229273115,32.63588484508369],[130.18447418704886,32.63580461082667],[130.18436229273115,32.63588484508367],[130.1836955930092,32.63596008414936]],[[130.1937963749731,32.6320553341681],[130.19430414146095,32.631833887911],[130.19430414146092,32.63183388791099],[130.1937963749731,32.6320553341681]]]}},{"type":"Feature","properties":{"KEY_CODE":"42214005018","PREF":"42","CITY":"214","CITY_NAME":"南島原市","S_NAME":"加津佐町水下津名","SETAI":"1026"},"geometry":{"type":"Polygon","coordinates":[[[130.15307906917968,32.624835835804305],[130.1538737373693,32.62373653927205],[130.15440215104383,32.62354300127316],[130.15529484010668,32.62352690456887],[130.15608309272625,32.62371738599695],[130.15660485809315,32.623537224924135],[130.15736252713415,32.62355806581887],[130.15746722753374,32.623998276465635],[130.15813079060652,32.6244069242537],[130.159457356609,32.62360053572001],[130.15950736413512,32.623653678412275],[130.15802119592658,32.624527691755794],[130.15841740873887,32.62505792963297],[130.15908272889612,32.62570508393751],[130.15842607713768,32.62624273825495],[130.1577762634229,32.626179384433],[130.15652718255708,32.62648734880308],[130.15615373553945,32.62629280240264],[130.15750332033448,32.62739997664556],[130.15797435464373,32.62705982963654],[130.1580456711758,32.62663969265636],[130.16020174796697,32.62667379857172],[130.1602107243062,32.624873026929905],[130.1602647372994,32.624859356446],[130.16023957753842,32.62696207221631],[130.16056928101284,32.626725657681625],[130.16124007447308,32.62719149204536],[130.161489170343,32.627054979300304],[130.16158975078085,32.62660897241095],[130.16122132319543,32.626463769518296],[130.16072702931098,32.625985771010484],[130.16095923934313,32.625908634942185],[130.161390583402,32.62621488210565],[130.1620299308395,32.62603890346754],[130.16344378097085,32.62527495229782],[130.16419528876082,32.624719438337976],[130.16452376195895,32.6244089397717],[130.16597015075493,32.62261426871639],[130.1660643018467,32.622264919975706],[130.16572778978096,32.62169476217964],[130.1659909137338,32.6212519423462],[130.16667151393986,32.62114392363581],[130.1673680171125,32.6216599630051],[130.16779966892744,32.62158704271228],[130.1681174496365,32.62137593093545],[130.16809283117777,32.62108177832453],[130.16865977675678,32.620770250320206],[130.1692803983087,32.61976189600098],[130.1698371555758,32.61845606652021],[130.1699510925765,32.617561931293416],[130.16949046168384,32.617081458752104],[130.16970862354023,32.61643952082029],[130.16927370404287,32.616590140969095],[130.16922447513733,32.616003030289804],[130.16852957528542,32.615698209445526],[130.16883346759937,32.6154581079541],[130.16875009729856,32.614807100778904],[130.1697305059585,32.61466781147104],[130.17065666997166,32.614241703813846],[130.17109997921324,32.61434181376029],[130.17132389602105,32.61473198975403],[130.1722281966502,32.61471852946095],[130.17289043692193,32.615068912621346],[130.17336897555145,32.61449659524784],[130.17453605209866,32.61461409791041],[130.1744593337916,32.614813047478044],[130.17478345042073,32.61553155833018],[130.17521341302472,32.61566582767614],[130.17650076039203,32.61726536479307],[130.17705395429053,32.618033610861914],[130.17741248138663,32.61838042802],[130.17731101482676,32.61900790520956],[130.17749726657894,32.61969833595729],[130.17733273180048,32.61973786413406],[130.17759679845582,32.619832507551465],[130.17771016874042,32.619902490657424],[130.1779810255188,32.62004218647917],[130.1780862288001,32.62033220319095],[130.17830895325727,32.620596717715586],[130.17829084983683,32.62079609137203],[130.1782268274904,32.62141501525457],[130.17836448331985,32.62135984792658],[130.17870456724626,32.621228557159235],[130.17883385552153,32.62121243077686],[130.1790407033953,32.62145191364371],[130.17951271347064,32.6224711123725],[130.17978428573315,32.62283085924849],[130.18018588588995,32.62313981087205],[130.18038306288526,32.62322765659599],[130.18104968405257,32.62355102476856],[130.18163295811078,32.62415848554919],[130.18241274502145,32.62524857326308],[130.182449372483,32.625264578924195],[130.1830290014459,32.625493085224264],[130.18328013710928,32.62560321445283],[130.1831315607891,32.62559637661698],[130.1820148371485,32.62644184541543],[130.18115945360896,32.62738980741317],[130.1811067193341,32.62783687086054],[130.1793735461031,32.62854646978599],[130.17853092257656,32.62914768620381],[130.17755542983738,32.63003343485994],[130.17681626536285,32.63043033102661],[130.1769336203345,32.63092837119941],[130.1771914542309,32.63109755342731],[130.17792431472483,32.63107810874211],[130.17910518242513,32.63089332086498],[130.18030434470728,32.631607304770995],[130.18089278845397,32.631389240385765],[130.181320071258,32.63187193084011],[130.18142679806087,32.63280268011631],[130.18215906247386,32.633519137456155],[130.18223361904907,32.63403889230646],[130.1816842603319,32.63443897962079],[130.1813412501259,32.63521050751353],[130.18216136651637,32.63600733370918],[130.1818497061689,32.636532668510114],[130.18204707362705,32.63681626614346],[130.1812951686654,32.63672487410833],[130.18118917670907,32.63697766910844],[130.1812484609936,32.6374712224867],[130.1806328198548,32.63739716012842],[130.1795918158426,32.63653036629095],[130.17887548492521,32.63625928710655],[130.1773507059568,32.63612529021412],[130.1767654410573,32.636517130281995],[130.17628875636683,32.636450964761075],[130.17540953807676,32.63592027306814],[130.17476850144118,32.63580496192411],[130.17405651186561,32.63573768878833],[130.17237772851846,32.63523235647025],[130.17177539890915,32.6348468474679],[130.17098637027047,32.633831913819954],[130.17043682390326,32.63338214607093],[130.16959420099843,32.633071428213285],[130.16871687113252,32.63287372041812],[130.16752746333023,32.63274586317922],[130.16661429656662,32.63235726227106],[130.1662951194238,32.632014120883795],[130.16626021392932,32.63206785039893],[130.16573793354894,32.63238948847441],[130.16550466067594,32.63240939432766],[130.16502910599482,32.63208627639452],[130.16465996856488,32.63124585482932],[130.1644730250815,32.63110699378819],[130.1636892538176,32.63103726513011],[130.16021793601274,32.631382274731045],[130.15908591050157,32.63148765804729],[130.1589724064594,32.63073745003117],[130.15876944337603,32.62929932311482],[130.15875746192611,32.629277369343484],[130.15861397088432,32.62938623052869],[130.15786882595265,32.62858006324839],[130.15701535190436,32.62914438025207],[130.15627359554753,32.62831549897651],[130.15529448425158,32.62721134961387],[130.1540236184976,32.626690197622395],[130.15411422194668,32.625805427707334],[130.1535366618517,32.6257511867545],[130.15321017887874,32.625504851217755],[130.15307906917968,32.624835835804305]],[[130.17633170679522,32.630530091314704],[130.17600262655034,32.63054608988305],[130.17427325079134,32.63016970105955],[130.17600262655034,32.63054608988306],[130.17633170679522,32.630530091314704]],[[130.17681626536285,32.63043033102661],[130.17675570165983,32.6303207488618],[130.17633170679522,32.630530091314704],[130.17681626536285,32.63043033102661]],[[130.16542587860656,32.62595058282918],[130.1658058015901,32.62609585364715],[130.1658058015901,32.62609585364713],[130.16542587860656,32.62595058282918]],[[130.16552326613433,32.629459946882825],[130.16563059748813,32.62964164035114],[130.16559942741574,32.629446191987576],[130.16552326613433,32.629459946882825]],[[130.16559700855888,32.626372608596306],[130.16605007486976,32.6265465525035],[130.1655970085589,32.626372608596306],[130.16569495761195,32.62624277722673],[130.16559700855888,32.626372608596306]],[[130.1659037811909,32.62937398561927],[130.16617792422096,32.629308947667134],[130.16616542023004,32.62920565951948],[130.16613983605333,32.62912375175042],[130.16614614769608,32.629144008836256],[130.1659037811909,32.62937398561927]],[[130.16605007486976,32.6265465525035],[130.16629703757968,32.62662925871881],[130.16631964549185,32.62652863660706],[130.16605007486976,32.6265465525035]],[[130.1666758918531,32.62831531014121],[130.1669484619038,32.627830906594816],[130.1667589197077,32.62809364560017],[130.1666758918531,32.62831531014121]],[[130.17098025350285,32.615434978628635],[130.17098025350285,32.615434978628656],[130.17175213070007,32.61540063338064],[130.17175213070007,32.61540063338064],[130.17098025350285,32.615434978628635]],[[130.1710107701921,32.61584411602374],[130.1710107701921,32.61584411602374],[130.171774514469,32.61582376433884],[130.1710107701921,32.61584411602374]],[[130.17299537154867,32.62588892631772],[130.1730093336169,32.62593566771223],[130.1732329694461,32.62581001674614],[130.17299537154867,32.62588892631772]],[[130.1735249522099,32.622702109364134],[130.17353434499253,32.62272242059463],[130.17353621768288,32.62261091860739],[130.1735249522099,32.622702109364134]]]}},{"type":"Feature","properties":{"KEY_CODE":"42214006001","PREF":"42","CITY":"214","CITY_NAME":"南島原市","S_NAME":"口之津町甲","SETAI":"723"},"geometry":{"type":"Polygon","coordinates":[[[130.17065666997166,32.614241703813846],[130.1709576892069,32.61415932274393],[130.1706856255652,32.61358527247429],[130.1712078492026,32.61330007322217],[130.17095813926798,32.61309018516106],[130.17104808951729,32.61274441218138],[130.17154631361672,32.612814144014266],[130.1717704600959,32.61260408769921],[130.17155412587405,32.61216976779323],[130.17178535701908,32.61215666170089],[130.17137801543885,32.611486037646436],[130.1720659395522,32.61237113885009],[130.172815999448,32.61236712967265],[130.17279337980025,32.61196855359471],[130.1738784048545,32.61133595636887],[130.17413961042718,32.61006543319578],[130.1747860313584,32.60820997787658],[130.17495212656286,32.60750243304962],[130.17475158473036,32.606691877334754],[130.17387839763268,32.606625362520454],[130.1736925538648,32.606098622543215],[130.17344261574155,32.606134658116574],[130.17311407354734,32.605508107383244],[130.17377766643702,32.60524648198123],[130.17365590625752,32.6048519922387],[130.17316395120127,32.60500324788603],[130.17280794426657,32.604353699266916],[130.1734769151761,32.604250427164395],[130.173681643045,32.60389544056631],[130.17457023322552,32.60397719530047],[130.17545526448572,32.60336643487862],[130.17635902537307,32.60300212227131],[130.17689741986965,32.60246409275802],[130.17761409103346,32.60226479496403],[130.1787988601828,32.601551296634824],[130.17923589118956,32.601090211830495],[130.17933651991774,32.600769630669426],[130.18282900697363,32.60185949198053],[130.18367212748362,32.60220897880118],[130.1838108981587,32.6011083688383],[130.18403873026338,32.60044828063493],[130.18442384033295,32.59999359033683],[130.18540920676998,32.59881147077682],[130.18725616903617,32.598908176155916],[130.18955418176498,32.59860565777192],[130.18942096080113,32.599377294126555],[130.1899084101375,32.59969501325433],[130.19028157233296,32.59973333804094],[130.19025866014442,32.60003483083264],[130.18909733199007,32.60032124647143],[130.18931539002693,32.60078874688387],[130.1900318393376,32.60099012516815],[130.19088648763696,32.60074455653761],[130.19174158489227,32.5998309002466],[130.19227366194377,32.598841937763545],[130.19314626223226,32.598748118221955],[130.1943026314861,32.59910366858251],[130.19444081688783,32.598841839342725],[130.19479234129355,32.598983485663545],[130.19443926814225,32.599619694742344],[130.19472707979588,32.599219972222784],[130.19558779923275,32.59906927449144],[130.19574893067124,32.59942554997051],[130.196411865307,32.599589212964396],[130.19642268533548,32.600085148984434],[130.1972168693032,32.60073220607608],[130.1977419151903,32.6008325126996],[130.1978527234794,32.601384892422544],[130.1982936570119,32.601477352769486],[130.1979553933561,32.60197166342352],[130.197471046861,32.6022389718109],[130.19708247229556,32.602932909784656],[130.19739458397115,32.60413679729802],[130.1970401300972,32.60470119970001],[130.19545843469604,32.60538159007333],[130.1954127953917,32.60473630093017],[130.19439521513584,32.604293438192386],[130.19364520604233,32.604397617018876],[130.19217000087608,32.60462446103952],[130.1915786847566,32.605191734046336],[130.19075463947928,32.60538475812628],[130.18994969614187,32.60511006535844],[130.1889696595505,32.60527490497905],[130.18777831300858,32.60599501559655],[130.18702090061043,32.607054134891165],[130.18482296736607,32.609206406291776],[130.18468440385791,32.6092429874042],[130.18423310445618,32.61038186955915],[130.18377610901996,32.61098487126254],[130.1832006856493,32.61082186482299],[130.18273786003977,32.610737716966696],[130.1820666358453,32.610679955388896],[130.1811553184012,32.61063476255865],[130.18005456727406,32.6113985211115],[130.17948419024614,32.61244639647265],[130.17909514836055,32.6127323187788],[130.17875249680188,32.61340301975818],[130.17864694173034,32.61396116002575],[130.17815333079054,32.61565703268914],[130.17742493167336,32.617405951255655],[130.17705395429053,32.618033610861914],[130.17650076039203,32.61726536479307],[130.17521341302472,32.61566582767614],[130.17478345042073,32.61553155833018],[130.1744593337916,32.614813047478044],[130.17453605209866,32.61461409791041],[130.17336897555145,32.61449659524784],[130.17289043692193,32.615068912621346],[130.1722281966502,32.61471852946095],[130.17132389602105,32.61473198975403],[130.17109997921324,32.61434181376029],[130.17065666997166,32.614241703813846]],[[130.1932274870564,32.60132586231393],[130.19346786321356,32.601824833004486],[130.19322748705642,32.6013258623139],[130.1932274870564,32.60132586231393]],[[130.19452054788326,32.60430754188053],[130.19541613267245,32.604688866523794],[130.19543395835606,32.60441015517693],[130.1956234540131,32.604088293747736],[130.19529006828776,32.60418088069179],[130.19452054788326,32.60430754188053]]]}},{"type":"Feature","properties":{"KEY_CODE":"42214007011","PREF":"42","CITY":"214","CITY_NAME":"南島原市","S_NAME":"口之津町乙","SETAI":"322"},"geometry":{"type":"Polygon","coordinates":[[[130.16526522886872,32.59751354877476],[130.16585309672996,32.59696399534729],[130.16573476964786,32.59588956215338],[130.16619757148894,32.59592001343541],[130.1661429776543,32.59521547957853],[130.16631413686858,32.59447857357312],[130.16678056435512,32.59372319292361],[130.1670777609966,32.593964578383535],[130.1671923539622,32.59330046954722],[130.1672658974716,32.59296503349895],[130.1669144383736,32.592351938033715],[130.1670475364086,32.59201217206273],[130.16772720487094,32.5915208468844],[130.1678063908428,32.59127926181055],[130.167298695882,32.59074650414771],[130.16769003363177,32.59078356432543],[130.16768817884713,32.59053321625924],[130.16822903676592,32.59107143253082],[130.1695005922237,32.5907288502846],[130.1701702178216,32.59087126561425],[130.17195475748034,32.59165203002558],[130.1726157649462,32.59157490840351],[130.17260467196468,32.59177787573393],[130.17306242323573,32.59207091353024],[130.1739359740803,32.5923000050825],[130.1740645828834,32.59244286611891],[130.17485609744335,32.59238525578712],[130.1751932004881,32.592480744321804],[130.17512555136,32.59187118558411],[130.17558644480417,32.59165037540383],[130.17594287950374,32.59207682281711],[130.17564651932102,32.59237030577835],[130.1759470193651,32.59300591417494],[130.17668608263696,32.59361542247288],[130.17728779231277,32.59366558936788],[130.17819191754467,32.593110121830655],[130.17876105239623,32.59330524047276],[130.17959368582618,32.593313780974896],[130.17991856905854,32.59345441506847],[130.18039097422277,32.59308877601458],[130.18075310241647,32.59260149436304],[130.18138934065578,32.59239750346539],[130.18161101103294,32.59279500248546],[130.18231529144364,32.592883727560015],[130.18216544190264,32.59326784560614],[130.18248409206714,32.59370039717282],[130.18242408578502,32.59392025761952],[130.18301863808514,32.59414012514512],[130.18307524160534,32.59450399523888],[130.18330183548878,32.59488494343748],[130.1839007835917,32.59512377008494],[130.18422151068376,32.595647684197246],[130.18492361402195,32.59562727235167],[130.18512404808004,32.59507202586873],[130.18607088889317,32.595162968660254],[130.18599418753982,32.5953971527813],[130.18649969233408,32.595330320066374],[130.18659439699593,32.59561933353917],[130.18631049844328,32.59588550700232],[130.18671121419462,32.59604705635288],[130.1867064938605,32.59635087945764],[130.18708149793042,32.59644729396051],[130.1875199521421,32.59622540005916],[130.18822308181208,32.5968896032036],[130.18769489449593,32.597290025117765],[130.1884255485296,32.597889998913516],[130.1881655907722,32.59835419665172],[130.18955418176498,32.59860565777192],[130.18725616903617,32.598908176155916],[130.18540920676998,32.59881147077682],[130.18442384033295,32.59999359033683],[130.18403873026338,32.60044828063493],[130.1838108981587,32.6011083688383],[130.18367212748362,32.60220897880118],[130.18282900697363,32.60185949198053],[130.17933651991774,32.600769630669426],[130.17923589118956,32.601090211830495],[130.1787988601828,32.601551296634824],[130.17761409103346,32.60226479496403],[130.17689741986965,32.60246409275802],[130.17635902537307,32.60300212227131],[130.17545526448572,32.60336643487862],[130.17457023322552,32.60397719530047],[130.173681643045,32.60389544056631],[130.1737120737126,32.60293738256377],[130.17300246534555,32.60294741616524],[130.17282469635404,32.602368988267116],[130.17243293915013,32.602566875562744],[130.17114308917564,32.601600157988564],[130.17051505255236,32.60140859590527],[130.169779507365,32.60090080620256],[130.1694431040175,32.60033656849508],[130.16937793329166,32.59990975190853],[130.16881309786427,32.59931023258201],[130.16727275338246,32.59843734879645],[130.16600517718135,32.59820202076012],[130.16529903025344,32.597961000416745],[130.16526522886872,32.59751354877476]]]}},{"type":"Feature","properties":{"KEY_CODE":"42214008014","PREF":"42","CITY":"214","CITY_NAME":"南島原市","S_NAME":"口之津町丙","SETAI":"479"},"geometry":{"type":"Polygon","coordinates":[[[130.17705395429053,32.618033610861914],[130.17742493167336,32.617405951255655],[130.17815333079054,32.61565703268914],[130.17864694173034,32.61396116002575],[130.17875249680188,32.61340301975818],[130.17909514836055,32.6127323187788],[130.17948419024614,32.61244639647265],[130.18005456727406,32.6113985211115],[130.1811553184012,32.61063476255865],[130.1820666358453,32.610679955388896],[130.18273786003977,32.610737716966696],[130.1832006856493,32.61082186482299],[130.18377610901996,32.61098487126254],[130.18423310445618,32.61038186955915],[130.18468440385791,32.6092429874042],[130.18482296736607,32.609206406291776],[130.18498017244633,32.609728568769434],[130.18604604842244,32.60980998930405],[130.18604047328319,32.6106807308161],[130.18630628018042,32.61113762335364],[130.18679323093252,32.61146983910786],[130.1874974886435,32.61186233749098],[130.18893191936093,32.611340748869345],[130.18988779391861,32.611130882453054],[130.19081529074705,32.61148215750737],[130.19130531427817,32.61155577142704],[130.1912920919978,32.6121001372441],[130.1907383891203,32.61415581557653],[130.19011767738047,32.617204479344494],[130.1904978442066,32.6176036320135],[130.1907773582644,32.61762126392954],[130.1911244054619,32.61758741010206],[130.1914432399411,32.61780931794343],[130.19155166546432,32.61816655850889],[130.19244815324097,32.61886406212756],[130.19291139269623,32.61913484388381],[130.1932994356356,32.619353723357776],[130.19448177390964,32.61991969003442],[130.1967629075625,32.62074831866092],[130.19824416602563,32.62110986232514],[130.1997204202341,32.62144643937762],[130.2008875309813,32.621831216798206],[130.20174203287243,32.62204455095352],[130.20215643064233,32.62263747120712],[130.20418719667956,32.6243668089297],[130.20619082990163,32.62575886698676],[130.20648779396083,32.6257896127624],[130.20702736356145,32.626571234150276],[130.20694284428637,32.62713058345621],[130.20592867606095,32.627372743539425],[130.20545018958376,32.62791280722157],[130.20562220969705,32.628782465936865],[130.20422755584093,32.62910193974467],[130.20388167992613,32.628993613542754],[130.20261483283798,32.62936804973636],[130.20190795462557,32.6294203516937],[130.20099177129666,32.62920782177257],[130.20009091750313,32.62913420071317],[130.1986696937703,32.62968048076785],[130.1980410176342,32.62921207088386],[130.19710858774343,32.6287396297343],[130.1969683396768,32.62816607238824],[130.19657308086818,32.627871999129155],[130.19597943910313,32.62778460244388],[130.19492964381294,32.627844780328836],[130.1944470900639,32.628272130616985],[130.1939130370192,32.62807903368441],[130.1934198044176,32.627651346095725],[130.19277645024317,32.627443098454485],[130.19248111654937,32.62712701151677],[130.1917247467869,32.627108616591705],[130.1914618318314,32.62650842179346],[130.191274362092,32.626690797199906],[130.191274362092,32.626690797199934],[130.1911831147866,32.62678862788881],[130.19098845228288,32.626950398327786],[130.19060147297964,32.627162080838495],[130.19017873144546,32.62748788009982],[130.19026734188253,32.62764299176955],[130.19014198357098,32.62780438150308],[130.18983293319036,32.627989707720076],[130.1897131819933,32.62809491509742],[130.18959284232088,32.62812364915294],[130.18954103245738,32.62804995648835],[130.18935663795804,32.62798209571716],[130.18907920065556,32.627963215319966],[130.18867375220168,32.62775882598826],[130.1884559698392,32.62765799853076],[130.18819644472316,32.627618586489056],[130.18800389461472,32.62766557283868],[130.1874445260293,32.62743651446439],[130.18728826933793,32.62710066970032],[130.1876991642965,32.62683574557417],[130.18802990302376,32.626726817902814],[130.18816660839394,32.625685443198826],[130.1881712417118,32.62550178164132],[130.1881235815189,32.62518066937603],[130.18741515969373,32.62516410160433],[130.18722822308453,32.625154939839824],[130.18714149038308,32.62524467603049],[130.1867442267955,32.62571869981974],[130.18604288582338,32.62556670989529],[130.18581145690106,32.62559153504894],[130.18527305633327,32.625675693826906],[130.18508323235798,32.62565858469553],[130.18498371985962,32.625677267879],[130.1848386482624,32.62562194069228],[130.1845008979009,32.62560080989034],[130.18436836189625,32.62560663886448],[130.18408519721243,32.6256311450726],[130.18397355124512,32.62560878454415],[130.1837170608298,32.625571921787994],[130.18363276431904,32.625582595283404],[130.18345826956775,32.62562687140558],[130.18339499864163,32.62562721488917],[130.1830290014459,32.625493085224264],[130.182449372483,32.625264578924195],[130.18241274502145,32.62524857326308],[130.18163295811078,32.62415848554919],[130.18104968405257,32.62355102476856],[130.18038306288526,32.62322765659599],[130.18018588588995,32.62313981087205],[130.17978428573315,32.62283085924849],[130.17951271347064,32.6224711123725],[130.1790407033953,32.62145191364371],[130.17883385552153,32.62121243077686],[130.17870456724626,32.621228557159235],[130.17836448331985,32.62135984792658],[130.1782268274904,32.62141501525457],[130.17829084983683,32.62079609137203],[130.17830895325727,32.620596717715586],[130.1780862288001,32.62033220319095],[130.1779810255188,32.62004218647917],[130.17771016874042,32.619902490657424],[130.17759679845582,32.619832507551465],[130.17749726657894,32.61969833595729],[130.17731101482676,32.61900790520956],[130.17741248138663,32.61838042802],[130.17705395429053,32.618033610861914]],[[130.189601154552,32.61804549515231],[130.18972715227028,32.61879626633758],[130.19014311069952,32.619552495806744],[130.18972715227028,32.618796266337554],[130.189601154552,32.61804549515231]]]}},{"type":"Feature","properties":{"KEY_CODE":"42214009016","PREF":"42","CITY":"214","CITY_NAME":"南島原市","S_NAME":"口之津町丁","SETAI":"595"},"geometry":{"type":"Polygon","coordinates":[[[130.18963238672208,32.61090457220445],[130.19008022007856,32.61078474244959],[130.19027992317803,32.60945381937617],[130.19075257147088,32.609271217487105],[130.19388102053574,32.60902736903488],[130.19535755121464,32.608919532568656],[130.19857739240342,32.608178113347925],[130.19926469269424,32.608134672158094],[130.20018552115076,32.608846435844164],[130.20061000168374,32.608733850315225],[130.2007793697005,32.60912682083469],[130.20131039435628,32.60843654716712],[130.20181295337673,32.60813227541735],[130.20175551582489,32.609104304427724],[130.20181295337673,32.60813227541736],[130.20203594790573,32.60765113184569],[130.20249442369615,32.60759763942496],[130.20262627318684,32.60697848973287],[130.20234267669346,32.60691398325592],[130.20378116777448,32.60547221091063],[130.20327756926815,32.604947528079244],[130.20377159208672,32.6042464961215],[130.205039915642,32.60476552825063],[130.20543088386344,32.60440525718852],[130.206114676228,32.604661722767716],[130.2079954440202,32.60449952126439],[130.20782033630866,32.6048728910184],[130.2077441628989,32.60516792398763],[130.20774478088416,32.60595627112727],[130.20751016837815,32.60721100789548],[130.2077299664033,32.60771493223702],[130.2081258645333,32.60800291042754],[130.20845893361584,32.60836648520267],[130.20874640273712,32.6085201863012],[130.20874640273715,32.60852018630119],[130.20890764322868,32.608912133167834],[130.20945206932055,32.60958271922933],[130.2100123251154,32.6105074121576],[130.2104187898696,32.61081325249677],[130.2111003982506,32.611469912080835],[130.21221797360323,32.61161274317267],[130.21307868479994,32.611253203460755],[130.2132741585636,32.61188621726388],[130.21380120313398,32.61267749196621],[130.2137805993314,32.61329136878909],[130.21358312304656,32.61401259958035],[130.21357541405595,32.614636055346466],[130.21412710919137,32.61534229053545],[130.21475756050273,32.615869722034766],[130.21474163434078,32.61756366652717],[130.21350936130378,32.61843005794511],[130.21253280495378,32.61929590655471],[130.21166062926662,32.61942589938503],[130.2107169674124,32.61932766640752],[130.2104763178005,32.619415015393685],[130.21015049222947,32.61996502128067],[130.20991595011753,32.62082620161673],[130.20910744433365,32.6213681780491],[130.2081766455509,32.62103495178672],[130.20746785452752,32.621216160039744],[130.2072736374813,32.621492338107885],[130.2068849716708,32.62139140955881],[130.20659657025507,32.62185517006479],[130.20682846709337,32.622273071990705],[130.20673357840252,32.62313345876252],[130.20637077240372,32.62383411403488],[130.20647546123976,32.62422046049199],[130.20625614473133,32.62540397697274],[130.20648779396083,32.6257896127624],[130.20619082990163,32.62575886698676],[130.20418719667956,32.6243668089297],[130.20215643064233,32.62263747120712],[130.20174203287243,32.62204455095352],[130.2008875309813,32.621831216798206],[130.1997204202341,32.62144643937762],[130.19824416602563,32.62110986232514],[130.1967629075625,32.62074831866092],[130.19448177390964,32.61991969003442],[130.1932994356356,32.61935372335779],[130.19291139269623,32.61913484388381],[130.19244815324097,32.61886406212756],[130.19155166546432,32.61816655850889],[130.1914432399411,32.61780931794343],[130.1911244054619,32.61758741010206],[130.1907773582644,32.61762126392954],[130.19049784420665,32.6176036320135],[130.19011767738047,32.617204479344494],[130.1907383891203,32.61415581557653],[130.1912920919978,32.6121001372441],[130.19130531427817,32.61155577142704],[130.19081529074705,32.61148215750737],[130.18988779391861,32.611130882453054],[130.18963238672208,32.61090457220445]],[[130.1992158502726,32.61509495614165],[130.1992523973165,32.615374139857934],[130.19974225839556,32.616578863119095],[130.19925239731654,32.615374139857956],[130.1992158502726,32.61509495614165]],[[130.20007906785847,32.61329160940276],[130.20040528703495,32.61316135871374],[130.20030288210174,32.61320222818389],[130.20007906785847,32.61329160940276]],[[130.20359024817847,32.60929053748772],[130.20370138179345,32.60981371101466],[130.20370138179345,32.60981371101466],[130.20359024817847,32.60929053748772]]]}},{"type":"Feature","properties":{"KEY_CODE":"42214010001","PREF":"42","CITY":"214","CITY_NAME":"南島原市","S_NAME":"南有馬町吉川甲","SETAI":"321"},"geometry":{"type":"Polygon","coordinates":[[[130.1963788042177,32.62934870875635],[130.19710858774343,32.6287396297343],[130.1980410176342,32.62921207088386],[130.1986696937703,32.62968048076785],[130.20009091750313,32.62913420071317],[130.20099177129666,32.62920782177257],[130.20190795462557,32.6294203516937],[130.20261483283798,32.62936804973636],[130.20388167992613,32.628993613542754],[130.20422755584093,32.62910193974467],[130.20562220969705,32.628782465936865],[130.20545018958376,32.62791280722157],[130.20592867606095,32.627372743539425],[130.20694284428637,32.62713058345621],[130.20702736356145,32.626571234150276],[130.20648779396083,32.6257896127624],[130.20625614473133,32.62540397697274],[130.20647546123976,32.62422046049199],[130.20637077240372,32.62383411403488],[130.20673357840252,32.62313345876252],[130.20682846709337,32.622273071990705],[130.20659657025507,32.62185517006479],[130.2068849716708,32.62139140955881],[130.2072736374813,32.621492338107885],[130.20746785452752,32.621216160039744],[130.2081766455509,32.62103495178672],[130.20910744433365,32.6213681780491],[130.20991595011753,32.62082620161673],[130.21015049222947,32.61996502128067],[130.2104763178005,32.619415015393685],[130.2107169674124,32.61932766640752],[130.21166062926662,32.61942589938503],[130.21253280495378,32.61929590655471],[130.21350936130378,32.61843005794511],[130.21474163434078,32.61756366652717],[130.21475756050273,32.615869722034766],[130.21412710919137,32.61534229053545],[130.21357541405595,32.614636055346466],[130.21358312304656,32.61401259958035],[130.2137805993314,32.61329136878909],[130.21380120313398,32.61267749196621],[130.2132741585636,32.61188621726388],[130.21307868479994,32.611253203460755],[130.21221797360323,32.61161274317267],[130.2111003982506,32.611469912080835],[130.2104187898696,32.61081325249677],[130.2100123251154,32.6105074121576],[130.20945206932055,32.60958271922933],[130.20890764322868,32.608912133167834],[130.20874640273715,32.60852018630119],[130.20845893361584,32.60836648520267],[130.2081258645333,32.60800291042754],[130.2077299664033,32.60771493223702],[130.20751016837815,32.60721100789548],[130.20774478088416,32.60595627112727],[130.2077441628989,32.60516792398763],[130.20782033630866,32.6048728910184],[130.2079954440202,32.60449952126439],[130.2094562187912,32.60562907695089],[130.21082219692528,32.60614337425586],[130.21265497344075,32.60600355436952],[130.21713524292616,32.60528671299858],[130.21846638994103,32.60530117653108],[130.21936610543597,32.60549021137994],[130.21992783245767,32.60574595403619],[130.22123260009994,32.606529016118],[130.2234828387351,32.607522890345344],[130.22382059107034,32.60784045617784],[130.22444711725745,32.60886290609568],[130.22551656146982,32.60991450603349],[130.22619446281035,32.610253987305455],[130.2281103807226,32.61045572374764],[130.22941882266096,32.61047386196191],[130.23030297659412,32.610613799404234],[130.2320755867276,32.61114522030546],[130.23262988342412,32.6115432295108],[130.23287615491213,32.61226383942149],[130.23226002126503,32.61289129219896],[130.23214947315657,32.61385256883687],[130.23173170068605,32.61365152917383],[130.23128807245146,32.61373055084763],[130.2311793874961,32.614021415885496],[130.2316735067101,32.61524753452058],[130.23212164476126,32.615220587004266],[130.23218735386138,32.616052541826285],[130.2325706424196,32.617282471546204],[130.23290706517767,32.617836917629965],[130.23288680214955,32.61827226194045],[130.2332397307201,32.61871642256595],[130.23377880482167,32.619098905163675],[130.23503135307465,32.619168739215894],[130.23480467132367,32.61984215268374],[130.23517325058233,32.620600219862354],[130.2349610345955,32.62144435574855],[130.2353979613451,32.62207897522577],[130.23637158928958,32.622791300750514],[130.23611064676663,32.623255559474615],[130.23620900095435,32.62349364287117],[130.2356468215551,32.62379191515666],[130.23391076360107,32.624334219952694],[130.2333096779742,32.6243960975268],[130.2319187168781,32.624860876692786],[130.23127896900007,32.625953162037895],[130.23100861694724,32.626492886841554],[130.2302964173862,32.62841569785021],[130.2299984505176,32.62890875797455],[130.2294154768061,32.629523697302034],[130.2290204478536,32.630738320225724],[130.22913570318283,32.6311310533662],[130.22972003973035,32.63195427095325],[130.22960867948697,32.632164475678806],[130.2290382825272,32.632505353975176],[130.22717820733018,32.63225394476658],[130.22624245502283,32.63283184574742],[130.2250515189126,32.63320616306725],[130.2241509771401,32.63305252216963],[130.22353856339782,32.63305918522898],[130.2229133435622,32.63237506871013],[130.22215774163868,32.63175278197615],[130.2220801339476,32.63079955848975],[130.22172048158077,32.63017154122591],[130.22010559198895,32.62943606842314],[130.21994611321176,32.629275719267525],[130.21988938176236,32.628586535060286],[130.22007938224127,32.62799537014589],[130.21950708264526,32.62784087047524],[130.21787640280294,32.62777848448116],[130.21587199866212,32.62740454822011],[130.21426379852858,32.62767614774545],[130.2122395058825,32.62828868968846],[130.21139605910463,32.628660808843875],[130.21068646061985,32.62880925228306],[130.20990325492065,32.62921972067264],[130.20948808417614,32.62972969315763],[130.20907132236763,32.631501138079074],[130.20851600408912,32.63192682878711],[130.20735088078376,32.63228010216019],[130.20686469977343,32.632542372941494],[130.2064636616749,32.63318076439765],[130.20576468902325,32.63322551019056],[130.2044860925348,32.63316123018133],[130.20393643313596,32.63328333109131],[130.20282183509622,32.633119519891125],[130.2020818771382,32.63254555297162],[130.2017106159777,32.6318334481283],[130.20116869363565,32.631411391745345],[130.20019099502628,32.63126718756672],[130.19991088903856,32.631425182261694],[130.19960356310477,32.63117865096659],[130.19874363681467,32.63085743736627],[130.19821668924897,32.63084788677474],[130.19714599411614,32.63063900229566],[130.1963788042177,32.62934870875635]]]}},{"type":"Feature","properties":{"KEY_CODE":"42214011011","PREF":"42","CITY":"214","CITY_NAME":"南島原市","S_NAME":"南有馬町大江乙","SETAI":"685"},"geometry":{"type":"Polygon","coordinates":[[[130.2290204478536,32.630738320225724],[130.2294154768061,32.629523697302034],[130.2299984505176,32.62890875797455],[130.2302964173862,32.62841569785021],[130.23100861694724,32.626492886841554],[130.23127896900007,32.625953162037895],[130.2319187168781,32.624860876692786],[130.2333096779742,32.6243960975268],[130.23391076360107,32.624334219952694],[130.2356468215551,32.62379191515666],[130.23620900095435,32.62349364287117],[130.2369555198332,32.625017037315054],[130.23778172159905,32.62615243605164],[130.23908986007825,32.62713997324902],[130.23945262658322,32.626909506475826],[130.23915924615622,32.626485343897784],[130.23879582786645,32.62641343261297],[130.2389952199228,32.62604812828418],[130.23943410844862,32.626651935277664],[130.2398101790749,32.62692589906382],[130.23946144446424,32.62731371050202],[130.23990305827255,32.627660594642656],[130.24140883292452,32.62842861231475],[130.2425861385061,32.62879812665271],[130.24300738664917,32.628794126233466],[130.24425178001465,32.629120041716426],[130.2451185652454,32.62906866151068],[130.2455837756785,32.628964210717434],[130.24490010092953,32.62876719190988],[130.2443720085321,32.62676563466897],[130.24657944538436,32.62630437724196],[130.24656605348505,32.62635585117237],[130.24441391782986,32.62679966245978],[130.2448019191907,32.62810045510343],[130.24531898782112,32.627995484082064],[130.24536307001557,32.62817107224998],[130.24677077513797,32.62791022592026],[130.2470228779195,32.62773016817685],[130.24714955352727,32.62695327728579],[130.24733597399907,32.62562164136572],[130.2494919415256,32.62605322623384],[130.24967339568173,32.62667776745541],[130.2509698996341,32.62699304751427],[130.25199767257826,32.627080664492006],[130.25226140061008,32.627545456153285],[130.25279442478583,32.62800518851027],[130.25363357319407,32.62827417286367],[130.2547895027892,32.628501554087904],[130.2554355401569,32.628974180122675],[130.2561185169506,32.630108321683466],[130.25614590676813,32.63043557533777],[130.25719744580974,32.63150483282983],[130.25849577461696,32.63246308107701],[130.25802765750896,32.633073845486265],[130.25785005935236,32.63426259518452],[130.25751648172306,32.63476444327577],[130.25658362206656,32.63562855039242],[130.2558970322677,32.63602514777472],[130.254816833263,32.63635009085688],[130.25351217709172,32.63634990005634],[130.2511952947395,32.63669974195346],[130.25019720074118,32.636268222550385],[130.24963736928686,32.636381984365805],[130.24958777705137,32.636396157506724],[130.24822112187434,32.63663021239663],[130.2477586748435,32.63671038196597],[130.247143067282,32.637097395929956],[130.24676677169526,32.63703418239531],[130.24606848178897,32.63677850647441],[130.24542609352525,32.637160107075026],[130.24520582710176,32.63744807507834],[130.2450180356672,32.637696363493305],[130.24458179275928,32.63776464353467],[130.2424523502493,32.637650178712036],[130.2412270415402,32.63776357819183],[130.24003105113945,32.638101180054996],[130.23996777653133,32.63751441366049],[130.24037870626458,32.637293772556156],[130.24124622889806,32.637292606528526],[130.24128298819375,32.63662976366629],[130.2415556302658,32.6364623143198],[130.24144145363877,32.63593442797521],[130.24180462865786,32.63561881412396],[130.24169427164944,32.635321844219085],[130.24182390419392,32.63454336974907],[130.2422216840177,32.633719985826424],[130.2422464970211,32.63368975678909],[130.24219060745696,32.63370738285933],[130.24197800032485,32.633642025553634],[130.24100740484567,32.63353889919153],[130.23989076580335,32.633809382760376],[130.2394784981959,32.633814766508735],[130.23884272635246,32.63352235940664],[130.23857498398124,32.63338380465203],[130.23799967992343,32.63307275636503],[130.23726833292895,32.63235379180124],[130.23616930211273,32.631072939753885],[130.23437420016046,32.63148683950163],[130.23400796938608,32.631418950144784],[130.23316646665745,32.63175579400936],[130.23241449908696,32.631831581581736],[130.23174093750185,32.631618267245805],[130.22992125897852,32.63195179856288],[130.22960867948697,32.632164475678806],[130.22972003973035,32.63195427095325],[130.22913570318283,32.6311310533662],[130.2290204478536,32.630738320225724]],[[130.24534353805285,32.63145340055602],[130.2455068297337,32.63159646965419],[130.2455092260243,32.63154407513016],[130.24534353805285,32.63145340055602]],[[130.25271712506387,32.63052208699615],[130.2529452767606,32.63068438137558],[130.25291984305923,32.630659453292886],[130.25271712506387,32.63052208699615]]]}},{"type":"Feature","properties":{"KEY_CODE":"42214012022","PREF":"42","CITY":"214","CITY_NAME":"南島原市","S_NAME":"南有馬町白木野丙","SETAI":"195"},"geometry":{"type":"Polygon","coordinates":[[[130.19939516975634,32.649929261014584],[130.1995864484026,32.649627999712536],[130.20072763962946,32.65000469059086],[130.2010517737941,32.65001693816329],[130.20235043385946,32.648748024942726],[130.20244213705845,32.648259030561135],[130.2031548374157,32.64749242989795],[130.20354840036146,32.64735316095604],[130.20406497704602,32.64631059718251],[130.204934831901,32.64563391676504],[130.20539445570273,32.644914411445384],[130.20671278745894,32.64458718579537],[130.20721788295484,32.644369958470214],[130.2078739159399,32.64381100061902],[130.20942325969096,32.643268099098925],[130.20957762715778,32.64283497404136],[130.2095154379268,32.64232222916894],[130.20907097614517,32.641277481329055],[130.2094127501631,32.64098659592689],[130.2102853581508,32.63975035847037],[130.21095723631507,32.639320365736275],[130.21137984085183,32.63878948572946],[130.2114950156199,32.638215501123966],[130.21115036817253,32.636987831332874],[130.21089463080045,32.63677433088349],[130.21076341044878,32.63614552237876],[130.2107143417661,32.6348622522054],[130.21041613166435,32.63410084819945],[130.2096376520875,32.63364308125712],[130.20736742099757,32.633141207172365],[130.2064636616749,32.63318076439765],[130.20686469977343,32.632542372941494],[130.20735088078376,32.63228010216019],[130.20851600408912,32.63192682878711],[130.20907132236763,32.631501138079074],[130.20948808417614,32.62972969315763],[130.20990325492065,32.62921972067264],[130.21068646061985,32.62880925228306],[130.21139605910463,32.628660808843875],[130.2122395058825,32.62828868968846],[130.21426379852858,32.62767614774545],[130.21587199866212,32.62740454822011],[130.21787640280294,32.62777848448116],[130.21950708264526,32.62784087047524],[130.22007938224127,32.62799537014589],[130.21988938176236,32.628586535060286],[130.21994611321176,32.629275719267525],[130.22010559198895,32.62943606842314],[130.22172048158077,32.63017154122591],[130.2220801339476,32.63079955848975],[130.22215774163868,32.63175278197615],[130.2229133435622,32.63237506871013],[130.22353856339782,32.63305918522898],[130.2241509771401,32.63305252216963],[130.2250515189126,32.63320616306725],[130.22624245502283,32.63283184574742],[130.22717820733018,32.63225394476658],[130.2290382825272,32.632505353975176],[130.22960867948697,32.632164475678806],[130.22992125897852,32.63195179856288],[130.23174093750185,32.631618267245805],[130.23241449908696,32.631831581581736],[130.23316646665745,32.63175579400936],[130.23400796938608,32.631418950144784],[130.23437420016046,32.63148683950163],[130.23616930211273,32.631072939753885],[130.23726833292895,32.63235379180123],[130.23799967992343,32.63307275636503],[130.23857498398124,32.63338380465203],[130.23884272635246,32.63352235940664],[130.2394784981959,32.633814766508735],[130.23989076580335,32.633809382760376],[130.24100740484567,32.63353889919153],[130.24197800032485,32.633642025553634],[130.24219060745696,32.63370738285933],[130.2422216840177,32.633719985826424],[130.24182390419392,32.63454336974907],[130.24169427164944,32.635321844219085],[130.24180462865786,32.63561881412396],[130.24144145363877,32.63593442797521],[130.2415556302658,32.6364623143198],[130.24128298819375,32.63662976366629],[130.24124622889806,32.637292606528526],[130.24037870626458,32.637293772556156],[130.23996777653133,32.63751441366049],[130.24003105113945,32.638101180054996],[130.23984340708682,32.639088599003365],[130.23926790172084,32.6406334552709],[130.23892447163072,32.64117696353556],[130.23701352505464,32.6422711323932],[130.23671758958622,32.64292239553879],[130.23704834179642,32.644550132735276],[130.23645470897492,32.64516126265483],[130.23503735937754,32.64605082941944],[130.23442586080435,32.64652693190004],[130.23378194134784,32.64636625950529],[130.2335138211947,32.64685909158831],[130.23270468777145,32.647476540683996],[130.23189464678433,32.647604345013825],[130.23129552976994,32.64735202180054],[130.23037807205316,32.64730596496377],[130.22987742177185,32.64744823114299],[130.22944433341854,32.64782009404489],[130.22814686762172,32.64857406716029],[130.2267424932969,32.6490227404783],[130.225682522177,32.649563533464026],[130.2250578101351,32.649379526461885],[130.2246250042778,32.64932460601515],[130.22391730970978,32.6496110244962],[130.22297913505926,32.64966313823815],[130.22225795517986,32.650076225098914],[130.2210718690561,32.650389290258666],[130.21968724277266,32.650337866778294],[130.21918078832482,32.65060217893135],[130.21839228199147,32.651264537860754],[130.2171680996039,32.651263284822996],[130.21598065917388,32.65094959840913],[130.21491122408426,32.65099217979067],[130.21416946078708,32.65146275654487],[130.2133638121875,32.652238507506304],[130.2129308275227,32.65230933887985],[130.21249816610845,32.65212628910144],[130.21256958160737,32.65229010929011],[130.21153496277185,32.65218824737825],[130.20976328168342,32.652377389901694],[130.20905508539522,32.65265572949269],[130.20855822467655,32.65308924394878],[130.20790938639684,32.65339753596733],[130.20702425855535,32.65352341365123],[130.2062066393397,32.65275316902704],[130.20581501085837,32.652546159565276],[130.2045532099173,32.652129675497484],[130.20429839104253,32.6517702452887],[130.20408313846332,32.650932713394766],[130.2036696216783,32.650427841244856],[130.20316366621782,32.65026387661588],[130.2021422130061,32.65062266030233],[130.20114357080124,32.650778157786355],[130.2006178126412,32.650327587190176],[130.19939516975634,32.649929261014584]]]}},{"type":"Feature","geometry":{"type":"Polygon","coordinates":[[[130.25541959666188,32.637932985533816],[130.2550248110422,32.63781016063051],[130.25463121176386,32.63715275009292],[130.254816833263,32.63635009085688],[130.2558970322677,32.63602514777472],[130.25658362206656,32.63562855039242],[130.25751648172306,32.63476444327577],[130.25785005935236,32.63426259518452],[130.25802765750896,32.633073845486265],[130.25849577461696,32.63246308107701],[130.25901970284872,32.63286540546112],[130.25938233452857,32.63352207138843],[130.25951270626874,32.634410435292885],[130.25932517241768,32.634733557032156],[130.2584743653522,32.63555107215993],[130.25789859189936,32.63669882055409],[130.25794983673936,32.63722854601158],[130.256129169272,32.637882268674645],[130.25616139137344,32.63746490392321],[130.25541959666188,32.637932985533816]]]},"properties":{"KEY_CODE":"42214013034","PREF":"42","CITY":"214","CITY_NAME":"南島原市","S_NAME":"南有馬町浦田丁","SETAI":"42"}},{"type":"Feature","geometry":{"type":"Polygon","coordinates":[[[130.25541959666188,32.637932985533816],[130.2550794138008,32.63847421440241],[130.25526585210596,32.63860438159797],[130.25499703510107,32.63913704662345],[130.2549997899298,32.63949607991664],[130.2541233869787,32.63934344675028],[130.25374966608416,32.63927089892685],[130.25345906286063,32.63916047938152],[130.25317758972844,32.63896690800768],[130.25289227591205,32.63889168179413],[130.2525244745586,32.63883977215848],[130.25221199560931,32.63887143703143],[130.2518134776135,32.63891041327662],[130.25085766088478,32.63866918200325],[130.25057552203347,32.63851463828911],[130.25002587338219,32.63840275887841],[130.24980094875514,32.637899285935944],[130.24993103943018,32.637332655930265],[130.24992677448122,32.637150286228014],[130.24977603463992,32.63677607015343],[130.24963736928686,32.636381984365805],[130.25019720074118,32.636268222550385],[130.2511952947395,32.63669974195346],[130.25351217709172,32.63634990005634],[130.254816833263,32.63635009085688],[130.25463121176386,32.63715275009292],[130.2550248110422,32.63781016063051],[130.25541959666188,32.637932985533816]]]},"properties":{"KEY_CODE":"42214013035","PREF":"42","CITY":"214","CITY_NAME":"南島原市","S_NAME":"南有馬町浦田丁","SETAI":"56"}},{"type":"Feature","geometry":{"type":"Polygon","coordinates":[[[130.25188362203997,32.64041195843732],[130.2515406204021,32.64048878602893],[130.25061075175182,32.64085570072646],[130.2505425452587,32.64091426343655],[130.25036819799593,32.64120611963803],[130.25040440154478,32.641963912874346],[130.24914671076704,32.642013134148776],[130.24789299056215,32.64180824025258],[130.24688298921527,32.64148214480973],[130.24622798451583,32.641198212857674],[130.24578557065612,32.64048266999146],[130.24555102318666,32.63979044220311],[130.24562605272268,32.639509498765946],[130.24545060803442,32.63834176774432],[130.24520582710176,32.637448075078325],[130.24542609352525,32.637160107075026],[130.24606848178897,32.63677850647441],[130.24676677169526,32.63703418239531],[130.247143067282,32.637097395929956],[130.2477586748435,32.63671038196597],[130.24958777705137,32.636396157506724],[130.24963736928686,32.636381984365805],[130.24977603463992,32.63677607015343],[130.24992677448122,32.637150286228014],[130.24993103943018,32.637332655930265],[130.24980094875514,32.637899285935944],[130.25002587338219,32.63840275887841],[130.25057552203347,32.63851463828911],[130.25085766088478,32.63866918200325],[130.2518134776135,32.63891041327662],[130.25221199560931,32.63887143703143],[130.2525244745586,32.63883977215848],[130.25289227591205,32.63889168179413],[130.25317758972844,32.63896690800768],[130.25345906286063,32.63916047938152],[130.25374966608416,32.63927089892685],[130.2541233869787,32.63934344675028],[130.25520151309243,32.63953206934449],[130.25699429534606,32.63865678558271],[130.25764250620338,32.63871523923986],[130.25815257702826,32.63802031566001],[130.25773806808024,32.63881118231876],[130.25826838272863,32.64031643967803],[130.25762040470354,32.64064412570864],[130.25488495745978,32.64187224387554],[130.25409897271012,32.64142212103346],[130.25353250266605,32.64134248256598],[130.2532328516551,32.641186499981174],[130.2533639237808,32.640818812003864],[130.25243487412288,32.64057482576998],[130.25188362203997,32.64041195843732]]]},"properties":{"KEY_CODE":"42214013036","PREF":"42","CITY":"214","CITY_NAME":"南島原市","S_NAME":"南有馬町浦田丁","SETAI":"91"}},{"type":"Feature","geometry":{"type":"Polygon","coordinates":[[[130.2533490270647,32.64425768202276],[130.25273414610788,32.644365550301906],[130.25178037682358,32.644635851114984],[130.2514945670129,32.644752847173606],[130.2510060202539,32.644503123256],[130.24896926581857,32.64395660405872],[130.24755765967487,32.64472750246481],[130.24692886420746,32.64465523084003],[130.24623535018662,32.64479162809624],[130.24565472978068,32.64469426390702],[130.24472960734414,32.64424309818256],[130.24447686106228,32.64353533698784],[130.24499033411075,32.64147524440834],[130.24578557065612,32.64048266999146],[130.24622798451583,32.641198212857674],[130.24688298921527,32.64148214480973],[130.24789299056215,32.64180824025258],[130.24914671076704,32.642013134148776],[130.25040440154478,32.641963912874346],[130.25036819799593,32.64120611963803],[130.2505425452587,32.64091426343655],[130.25061075175182,32.64085570072646],[130.2515406204021,32.64048878602893],[130.25188362203997,32.64041195843732],[130.25243487412288,32.64057482576998],[130.2533639237808,32.640818812003864],[130.2532328516551,32.641186499981174],[130.25353250266605,32.64134248256598],[130.25409897271012,32.64142212103346],[130.25488495745978,32.64187224387554],[130.25762040470352,32.64064412570864],[130.25826838272863,32.64031643967803],[130.25854775874572,32.64099178630654],[130.25908443642547,32.64178580727361],[130.2576917887013,32.64244116513372],[130.2544542002348,32.6439405995847],[130.254195156312,32.64413081507395],[130.2533490270647,32.64425768202276]]]},"properties":{"KEY_CODE":"42214013037","PREF":"42","CITY":"214","CITY_NAME":"南島原市","S_NAME":"南有馬町浦田丁","SETAI":"44"}},{"type":"Feature","geometry":{"type":"Polygon","coordinates":[[[130.24472960734414,32.64424309818256],[130.24448210822337,32.64421067985118],[130.24128443415836,32.64472551006333],[130.2395347188319,32.644620575132684],[130.23704834179642,32.644550132735276],[130.23671758958622,32.64292239553879],[130.23701352505464,32.6422711323932],[130.23892447163072,32.64117696353556],[130.23926790172084,32.6406334552709],[130.23984340708682,32.639088599003365],[130.24003105113945,32.638101180054996],[130.2412270415402,32.63776357819183],[130.2424523502493,32.637650178712036],[130.24458179275928,32.63776464353467],[130.2450180356672,32.637696363493305],[130.24520582710176,32.63744807507834],[130.24545060803442,32.638341767744336],[130.24562605272268,32.639509498765946],[130.24555102318666,32.63979044220311],[130.24578557065612,32.64048266999146],[130.24499033411075,32.64147524440834],[130.24447686106228,32.64353533698784],[130.24472960734414,32.64424309818256]]]},"properties":{"KEY_CODE":"42214013038","PREF":"42","CITY":"214","CITY_NAME":"南島原市","S_NAME":"南有馬町浦丁田","SETAI":"13"}},{"type":"Feature","properties":{"KEY_CODE":"42214014039","PREF":"42","CITY":"214","CITY_NAME":"南島原市","S_NAME":"南有馬町北岡戊","SETAI":"135"},"geometry":{"type":"Polygon","coordinates":[[[130.2250578101351,32.649379526461885],[130.225682522177,32.649563533464026],[130.2267424932969,32.6490227404783],[130.22814686762172,32.64857406716029],[130.22944433341854,32.64782009404489],[130.22987742177185,32.64744823114299],[130.23037807205316,32.64730596496377],[130.23129552976994,32.64735202180054],[130.23189464678433,32.647604345013825],[130.23270468777145,32.647476540683996],[130.2335138211947,32.64685909158831],[130.23378194134784,32.64636625950529],[130.23442586080435,32.64652693190004],[130.23503735937754,32.64605082941944],[130.23645470897492,32.64516126265483],[130.23704834179642,32.644550132735276],[130.2395347188319,32.644620575132684],[130.24128443415836,32.64472551006333],[130.24448210822337,32.64421067985118],[130.24472960734414,32.64424309818256],[130.24565472978068,32.64469426390702],[130.24623535018662,32.64479162809624],[130.24692886420746,32.64465523084003],[130.24755765967487,32.64472750246481],[130.24896926581857,32.64395660405872],[130.2510060202539,32.644503123256],[130.2514945670129,32.644752847173606],[130.2506139391571,32.64538796254948],[130.25178037682358,32.644635851114984],[130.25273414610788,32.644365550301906],[130.2533490270647,32.64425768202276],[130.254195156312,32.64413081507395],[130.2544542002348,32.6439405995847],[130.2576917887013,32.64244116513372],[130.25908443642547,32.64178580727361],[130.25935028126776,32.64209897765265],[130.261669403567,32.6440351020428],[130.265767853895,32.64749852599722],[130.26592406164644,32.64771287354481],[130.26593667284067,32.64836457460359],[130.2654702230163,32.64882175315437],[130.25909166846597,32.650572259651426],[130.25802426969005,32.650942431947975],[130.25609625814081,32.651448458279276],[130.25481871081547,32.651666954433544],[130.25508400174962,32.652121185489705],[130.25819297497046,32.65181296938042],[130.25925769952022,32.65216285689525],[130.2592243180885,32.65256987827954],[130.25953780502604,32.65261307472625],[130.25893465655727,32.65307214688764],[130.25762372382036,32.65351156500962],[130.2573535012152,32.65392015653606],[130.25728102076974,32.654630886652726],[130.25701707131375,32.6551818228985],[130.25633990660103,32.65514014032552],[130.2557027847875,32.65482820641161],[130.25439109015582,32.653817807197036],[130.25413276261924,32.65379829083468],[130.2532310629331,32.65308536583815],[130.25250010703687,32.65274318731881],[130.25213882084267,32.652649850713225],[130.25208559890052,32.65254924628983],[130.251857522429,32.652112150808804],[130.2516331634618,32.65206086298718],[130.25145820251342,32.652091498500155],[130.25054095271133,32.652367333982156],[130.25011386449341,32.652622487930564],[130.25003163637078,32.652668560865266],[130.24990290644135,32.6527407312089],[130.24974870555695,32.652143334058366],[130.24969399656084,32.65124250348638],[130.24950226905702,32.6507885926765],[130.2491940235231,32.65022208770189],[130.24874639469274,32.649978731116185],[130.24790052449916,32.650344863181374],[130.2476850636382,32.65038186356063],[130.24727081906724,32.65030764326451],[130.24685869251618,32.64924263333496],[130.2469829548495,32.648390085219106],[130.247394538643,32.64824479281395],[130.24799491806914,32.64825178933731],[130.24841128201365,32.64799036718211],[130.24971454490574,32.646291442717185],[130.24841128201365,32.647990367182096],[130.24802517208025,32.64821472717555],[130.24657123005042,32.647673882957875],[130.24578999458356,32.64751701629627],[130.24475811655776,32.64761311230674],[130.2429999231433,32.64896181862064],[130.2425758229984,32.6497119716476],[130.24161032571857,32.6510272899827],[130.2412818313747,32.650777925858],[130.24088138974412,32.65084278262701],[130.23993725137137,32.65025013959356],[130.23913462660605,32.65017751263711],[130.23846654766558,32.64972537101327],[130.23795275645543,32.64980874517928],[130.2372356534011,32.64955179185949],[130.23629039814924,32.65004121035889],[130.23556461407452,32.65001605271302],[130.23531610954151,32.65017821136353],[130.23362358230665,32.65040851994086],[130.232701801964,32.650418374272526],[130.23246392772361,32.65059797133326],[130.23142079301613,32.6506259256216],[130.230745805513,32.650754660480835],[130.22957184972756,32.65066038613758],[130.22872477548606,32.65080543294198],[130.22791932004517,32.65080397403973],[130.22678103972754,32.65068265971271],[130.22620494445096,32.65072466967671],[130.22575096991886,32.65058571941731],[130.2250578101351,32.649379526461885]]]}},{"type":"Feature","properties":{"KEY_CODE":"42214015044","PREF":"42","CITY":"214","CITY_NAME":"南島原市","S_NAME":"南有馬町古園己","SETAI":"213"},"geometry":{"type":"Polygon","coordinates":[[[130.17196552863408,32.659995123347606],[130.17236252284852,32.659789603033],[130.17309304125595,32.65942863936588],[130.1747010355552,32.65899258468275],[130.17628945620737,32.65870277057932],[130.1764852805757,32.65868861328776],[130.1768144265692,32.658577817246],[130.17694315852034,32.65855750390377],[130.17744295654853,32.658513350435754],[130.17967333822222,32.658230920820074],[130.18005486912475,32.65823104216191],[130.18026114217423,32.658238662938324],[130.1814269560435,32.65797284045104],[130.1819703744892,32.65790447951441],[130.18276657379596,32.657854366101155],[130.1833521980868,32.65791004984502],[130.18389639441529,32.65794414986072],[130.184956468829,32.65801253328607],[130.18623463139883,32.65789538186059],[130.18778253516686,32.65775941307878],[130.18807844322177,32.657688012326275],[130.18836953983606,32.65766243194205],[130.1888265752972,32.6577558872367],[130.1892794525132,32.65798023042078],[130.1893983214957,32.65802100491438],[130.1898890912262,32.65814696205314],[130.19011539396624,32.658230617788355],[130.19010852049004,32.65819757689092],[130.1908147640359,32.65850390548147],[130.19104971205215,32.658888589441204],[130.1921145708617,32.659240390111066],[130.19333765738608,32.65871900242256],[130.1956295967177,32.65739790972448],[130.1960944586026,32.656839258126766],[130.19592696669133,32.65651525674144],[130.1962613037851,32.656417451198465],[130.19680111904376,32.65454775305866],[130.19672648305922,32.65390049641988],[130.19690009048432,32.65334782088251],[130.19732460149802,32.6525788100849],[130.1973941814778,32.652444600172586],[130.1982569821024,32.65228517181336],[130.19845931093104,32.652118872202394],[130.19882578906223,32.65117150766026],[130.19874767340372,32.650743169654596],[130.19916029423248,32.65038593610007],[130.19939516975634,32.649929261014584],[130.2006178126412,32.650327587190176],[130.20114357080124,32.650778157786355],[130.2021422130061,32.65062266030233],[130.20316366621782,32.65026387661588],[130.2036696216783,32.650427841244856],[130.20408313846332,32.650932713394766],[130.20429839104253,32.6517702452887],[130.2045532099173,32.652129675497484],[130.20581501085837,32.652546159565276],[130.2062066393397,32.65275316902704],[130.20702425855535,32.65352341365123],[130.20790938639684,32.65339753596733],[130.20855822467655,32.65308924394878],[130.20905508539522,32.65265572949269],[130.20976328168342,32.652377389901694],[130.21153496277185,32.65218824737825],[130.21256958160737,32.65229010929011],[130.21249816610845,32.65212628910144],[130.2129308275227,32.65230933887985],[130.2133638121875,32.652238507506304],[130.21416946078708,32.65146275654487],[130.21491122408426,32.65099217979067],[130.21598065917388,32.65094959840913],[130.2171680996039,32.651263284822996],[130.21839228199147,32.651264537860754],[130.21918078832482,32.65060217893135],[130.21968724277266,32.650337866778294],[130.2210718690561,32.650389290258666],[130.22225795517986,32.650076225098914],[130.22297913505926,32.64966313823815],[130.22391730970978,32.6496110244962],[130.2246250042778,32.64932460601515],[130.2250578101351,32.649379526461885],[130.22575096991886,32.65058571941731],[130.22620494445096,32.65072466967671],[130.22678103972754,32.65068265971271],[130.22791932004517,32.65080397403973],[130.22872477548606,32.65080543294198],[130.22957184972756,32.65066038613758],[130.230745805513,32.650754660480835],[130.23142079301613,32.6506259256216],[130.23246392772361,32.65059797133326],[130.232701801964,32.650418374272526],[130.23362358230665,32.65040851994086],[130.23531610954151,32.65017821136353],[130.23556461407452,32.65001605271302],[130.23629039814924,32.65004121035889],[130.2372356534011,32.64955179185949],[130.23795275645543,32.64980874517928],[130.23846654766558,32.64972537101327],[130.23913462660605,32.65017751263711],[130.23993725137137,32.65025013959356],[130.24088138974412,32.65084278262701],[130.2412818313747,32.650777925858],[130.24161032571857,32.6510272899827],[130.2425758229984,32.6497119716476],[130.2429999231433,32.64896181862064],[130.24475811655776,32.64761311230674],[130.24578999458356,32.64751701629627],[130.24657123005042,32.647673882957875],[130.24802517208025,32.64821472717555],[130.24799491806914,32.64825178933731],[130.247394538643,32.64824479281395],[130.2469829548495,32.6483900852191],[130.24685869251618,32.64924263333496],[130.24727081906724,32.65030764326451],[130.24738682759417,32.65048914296036],[130.2476850636382,32.65038186356063],[130.24790052449916,32.650344863181374],[130.2487463946927,32.64997873111617],[130.2491940235231,32.65022208770189],[130.24950226905702,32.6507885926765],[130.24969399656084,32.65124250348638],[130.24974870555695,32.652143334058366],[130.24990290644135,32.6527407312089],[130.24888416870562,32.65387329856475],[130.24880660532114,32.65411995650718],[130.24869206199386,32.65444651505594],[130.24838358625541,32.65512722981853],[130.2481771954971,32.65536524892319],[130.24800394561962,32.65548206762233],[130.2471872509335,32.655636922785156],[130.24677034363077,32.655626230401296],[130.24630458806004,32.65562019409568],[130.24561064682933,32.65536269420442],[130.2449177823689,32.65476158760191],[130.24488347966644,32.65459147250985],[130.24425141899547,32.654322889306194],[130.24303688611724,32.65404175909104],[130.24199064158475,32.653848463197335],[130.24065252197582,32.6535350690513],[130.23966377484018,32.65301004056216],[130.2384695553502,32.65301904664348],[130.2366904931054,32.653671853630414],[130.2358803166731,32.65388084938972],[130.2345131839886,32.65386715445106],[130.23339749636938,32.65378486879075],[130.23216871606218,32.653569018824285],[130.23151950019013,32.653274294013855],[130.23085297383014,32.65298072349499],[130.22986659861104,32.65302788417751],[130.22944122536444,32.653502034962116],[130.22931416022618,32.654172780545714],[130.229346830241,32.65480307282007],[130.22894054878074,32.655857363742015],[130.22814163410874,32.65635132819811],[130.22690158964616,32.65676506157649],[130.22625934028065,32.65667405402906],[130.22516559058678,32.6556893479144],[130.22503698143328,32.6552002656792],[130.2245892291541,32.655247023951105],[130.22365049264636,32.65570238610004],[130.22296633683473,32.65581581148184],[130.22219562259937,32.65580153738569],[130.22107178536723,32.65601543825286],[130.21973910505557,32.65647291921875],[130.21887174089443,32.65627712565517],[130.21819745119643,32.656491492999166],[130.21728614160872,32.65662298317929],[130.21673606734382,32.65681204612473],[130.21627357959397,32.65620216356841],[130.2158782536705,32.656308545012074],[130.21574038591783,32.65677562325631],[130.21487660498022,32.65610693717403],[130.21430839464736,32.65614123693176],[130.21408810529692,32.65656048594428],[130.21415451434564,32.65708987977986],[130.2138470758965,32.657021455277274],[130.21389139976827,32.65634059219533],[130.213377236,32.65582776122381],[130.21285791571358,32.65570441977994],[130.21267967361834,32.65572297266272],[130.211922228316,32.656428941636484],[130.21098424825675,32.65630591896351],[130.2101429263446,32.6564109286771],[130.20923272879728,32.65774572142939],[130.2093689889027,32.658201064734996],[130.20923406182501,32.658443901540075],[130.20876427528654,32.65829919798787],[130.2085056348992,32.65758496012971],[130.20788349589998,32.65705517054504],[130.20749470362446,32.65719068952384],[130.20707292152125,32.65840692807847],[130.2069704972991,32.659088147404766],[130.20640385699627,32.659284301325094],[130.20553758919957,32.65868858809606],[130.20450248273218,32.65957913447201],[130.20359033314347,32.65962281224119],[130.20294922507708,32.659840396178616],[130.20330050466572,32.660210352341494],[130.2029988655854,32.660885635869725],[130.20253852342034,32.66089521787198],[130.20186275704927,32.660397296063195],[130.20159322236665,32.66040581005351],[130.20112018896592,32.661212733718166],[130.20091680162443,32.66142698540266],[130.20058154306184,32.66150955604326],[130.20031597766942,32.66149349179766],[130.1994821080386,32.661463045607036],[130.19909323263883,32.66159152883274],[130.19908180369944,32.661728410486525],[130.1992049024141,32.66209259829954],[130.1991901268075,32.662324222372476],[130.1990027835858,32.6627603059939],[130.1989377455725,32.66346934598897],[130.19898085966364,32.6636795831914],[130.19884162661475,32.66390840982682],[130.1987049489147,32.66393023449569],[130.19826141134655,32.6639712682335],[130.197078577646,32.66440934658007],[130.19659870251516,32.66456636457825],[130.19634997319815,32.664585284580916],[130.19610026717777,32.664477923322465],[130.19577358869256,32.66460601588953],[130.19565372841998,32.664659305926975],[130.19541769510252,32.66470975117773],[130.19529291069466,32.664664822988435],[130.19505137373267,32.66449340915021],[130.19491634041697,32.664399713222906],[130.1944701728514,32.664456741923],[130.1942702261344,32.66449370613124],[130.19398077955154,32.66456276045208],[130.1937647797693,32.66460823090575],[130.19355349252695,32.6645842795161],[130.1933051230177,32.664498604542814],[130.19321433647218,32.66449318677451],[130.19309275802888,32.664561738443375],[130.19257818686867,32.664416234064504],[130.19234255698308,32.66432978194736],[130.19209486970956,32.66433262466035],[130.1919241072113,32.664363047580686],[130.19150409600138,32.664642797882955],[130.1911707536495,32.664625431212],[130.19100282726657,32.664797553850086],[130.19088210782206,32.66497822140812],[130.19078757619053,32.66502213909583],[130.19013182771639,32.665050607356235],[130.18956279191042,32.66557940760709],[130.18944033257333,32.66564760840746],[130.18934100545593,32.66566365108098],[130.18907888580497,32.66560974663137],[130.18894483009473,32.6655285809899],[130.1888097040621,32.665481729163034],[130.188695821405,32.66547904187742],[130.18856418441848,32.66554503594732],[130.1884612796094,32.66560537792915],[130.1883697122726,32.665606970963864],[130.1882185060024,32.665510398286735],[130.18806493851218,32.665448183321104],[130.18780832112927,32.66542742861614],[130.18730196824373,32.66559952860795],[130.18707930828532,32.665716744643],[130.1869402769344,32.665812825933706],[130.18679963021054,32.66582845868688],[130.18639866748472,32.66616797357839],[130.18624902847515,32.66636947360408],[130.18621044064912,32.66649755522371],[130.18628888591084,32.66671355715961],[130.1858889594388,32.66704235501321],[130.1859492320839,32.66724574011583],[130.18599965241344,32.66752773224088],[130.18599928541016,32.66778548494237],[130.1860234013942,32.668200493697974],[130.18596480618757,32.668446763122795],[130.18521430943966,32.66970300349813],[130.1845513023657,32.668974053190496],[130.18381031844507,32.66950193771726],[130.1836561695735,32.670109265944006],[130.18331616458676,32.67059364816278],[130.18280690079698,32.670963864301434],[130.18221801270178,32.671022158121865],[130.18143915028696,32.67056727679161],[130.1811198051995,32.67017288662617],[130.18055845425295,32.66976931029909],[130.179976332065,32.66907987767652],[130.180506003526,32.66898517543911],[130.18096616068397,32.66872560124927],[130.18181014511913,32.66794974627245],[130.18008487886348,32.66743968215384],[130.17892419107773,32.66693440122551],[130.17746462685238,32.66709966867053],[130.17646561468402,32.6670630592715],[130.17599026067683,32.66695282201379],[130.175867418245,32.6662897474652],[130.17479624928632,32.66406563567011],[130.17344699398134,32.662125552907185],[130.17292040064316,32.66156904674095],[130.1720658407621,32.66030644821161],[130.17196552863408,32.659995123347606]],[[130.1918267128699,32.66199877997905],[130.1918267128699,32.66199877997906],[130.19197001101207,32.66128941652778],[130.1918267128699,32.66199877997905]]]}},{"type":"Feature","properties":{"KEY_CODE":"42214016001","PREF":"42","CITY":"214","CITY_NAME":"南島原市","S_NAME":"北有馬町甲折木名","SETAI":"132"},"geometry":{"type":"Polygon","coordinates":[[[130.18521430943966,32.66970300349813],[130.18596480618757,32.668446763122795],[130.1860234013942,32.668200493697974],[130.18599928541016,32.66778548494237],[130.18599965241344,32.66752773224088],[130.1859492320839,32.66724574011583],[130.1858889594388,32.66704235501321],[130.18628888591084,32.66671355715961],[130.18621044064912,32.66649755522371],[130.18624902847515,32.66636947360408],[130.18639866748472,32.66616797357839],[130.18679963021054,32.66582845868688],[130.1869402769344,32.665812825933706],[130.18707930828532,32.665716744643],[130.18730196824373,32.66559952860795],[130.18780832112927,32.66542742861614],[130.18806493851218,32.665448183321104],[130.1882185060024,32.665510398286735],[130.1883697122726,32.665606970963864],[130.1884612796094,32.66560537792915],[130.18856418441848,32.66554503594732],[130.188695821405,32.66547904187742],[130.1888097040621,32.665481729163034],[130.18894483009473,32.6655285809899],[130.18907888580497,32.66560974663137],[130.18934100545593,32.66566365108098],[130.18944033257333,32.66564760840746],[130.18956279191042,32.66557940760709],[130.19013182771639,32.665050607356235],[130.19078757619053,32.66502213909583],[130.19088210782206,32.66497822140812],[130.19100282726657,32.664797553850086],[130.1911707536495,32.664625431212],[130.19150409600138,32.664642797882955],[130.1919241072113,32.664363047580686],[130.19209486970956,32.66433262466035],[130.19234255698308,32.66432978194736],[130.19257818686867,32.664416234064504],[130.19309275802888,32.664561738443375],[130.19321433647218,32.66449318677451],[130.1933051230177,32.664498604542814],[130.19355349252695,32.6645842795161],[130.1937647797693,32.66460823090575],[130.19398077955154,32.66456276045208],[130.1942702261344,32.66449370613124],[130.1944701728514,32.664456741923],[130.19491634041697,32.664399713222906],[130.19505137373267,32.66449340915021],[130.19529291069466,32.664664822988435],[130.19541769510252,32.66470975117773],[130.19565372841998,32.664659305926975],[130.19577358869256,32.66460601588953],[130.19610026717777,32.664477923322465],[130.19634997319815,32.664585284580916],[130.19659870251516,32.66456636457825],[130.197078577646,32.66440934658007],[130.19826141134655,32.6639712682335],[130.1987049489147,32.66393023449569],[130.19884162661475,32.66390840982682],[130.19898085966364,32.6636795831914],[130.1989377455725,32.66346934598897],[130.1990027835858,32.6627603059939],[130.1991901268075,32.662324222372476],[130.1992049024141,32.66209259829954],[130.19908180369944,32.661728410486525],[130.19909323263883,32.66159152883274],[130.1994821080386,32.661463045607036],[130.20031597766942,32.66149349179766],[130.20058154306184,32.66150955604326],[130.20091680162443,32.66142698540266],[130.20112018896592,32.66121273371815],[130.20112018896592,32.66121273371815],[130.20159322236665,32.66040581005351],[130.20186275704927,32.660397296063195],[130.20253852342034,32.66089521787198],[130.2029988655854,32.660885635869725],[130.20330050466572,32.660210352341494],[130.20294922507708,32.659840396178616],[130.20359033314347,32.65962281224119],[130.20450248273218,32.65957913447201],[130.20553758919957,32.65868858809606],[130.20640385699627,32.659284301325094],[130.2069704972991,32.659088147404766],[130.20707292152125,32.65840692807847],[130.20749470362446,32.65719068952384],[130.20788349589998,32.65705517054504],[130.2085056348992,32.65758496012971],[130.20876427528654,32.65829919798787],[130.20923406182501,32.658443901540075],[130.2093689889027,32.658201064734996],[130.20923272879728,32.65774572142939],[130.2101429263446,32.6564109286771],[130.21098424825675,32.65630591896351],[130.211922228316,32.656428941636484],[130.21267967361834,32.65572297266272],[130.21285791571358,32.65570441977994],[130.213377236,32.65582776122381],[130.21389139976827,32.65634059219533],[130.2138470758965,32.657021455277274],[130.21415451434564,32.65708987977986],[130.21408810529692,32.65656048594428],[130.21430839464736,32.65614123693176],[130.21487660498022,32.65610693717403],[130.21574038591783,32.65677562325631],[130.2158782536705,32.656308545012074],[130.21627357959397,32.65620216356841],[130.21673606734382,32.65681204612473],[130.21728614160872,32.65662298317929],[130.21819745119643,32.656491492999166],[130.21887174089443,32.65627712565517],[130.21973910505557,32.65647291921875],[130.22107178536723,32.65601543825286],[130.22219562259937,32.65580153738569],[130.22296633683473,32.65581581148184],[130.22365049264636,32.65570238610004],[130.2245892291541,32.655247023951105],[130.22503698143328,32.6552002656792],[130.22516559058678,32.6556893479144],[130.22625934028065,32.65667405402906],[130.22690158964616,32.65676506157649],[130.22814163410874,32.65635132819811],[130.22894054878074,32.655857363742015],[130.2282273529694,32.65740466578283],[130.22768664339267,32.657656887073706],[130.2271618169329,32.657689940317894],[130.22680580250307,32.65752693059159],[130.22587768734502,32.65762801039586],[130.22524798986655,32.658879090514446],[130.22448871148939,32.65946066148993],[130.2244970233916,32.659903657402985],[130.2242304744585,32.66041679046154],[130.2231336332371,32.660999773540624],[130.22235525239603,32.661810482811646],[130.22131313940068,32.66218123549106],[130.22061031480067,32.66234216329466],[130.21901148350426,32.66292039939106],[130.2177966131694,32.66304207155742],[130.21620762200388,32.66284156962151],[130.21564725434442,32.66288269918325],[130.2147759985945,32.66330498041415],[130.21461146297085,32.66376118153651],[130.2145421167976,32.66491876281973],[130.2139326146019,32.66582328083493],[130.21351066937922,32.6660761334868],[130.21321906507166,32.66634899509385],[130.2131904640296,32.66697516507064],[130.21292556080775,32.667517320879995],[130.2120751569128,32.667740294184995],[130.21195706188223,32.668404908732114],[130.21158850507854,32.66859668772866],[130.2106438843276,32.66967382364425],[130.2102095938467,32.670065174722076],[130.2094702702887,32.67018330163134],[130.2088383466371,32.67108778755334],[130.2077209924353,32.67160626993332],[130.20706013380556,32.671704847467865],[130.2054992844574,32.671448025324196],[130.20401087382578,32.67183574572537],[130.20194365734824,32.672795795998404],[130.20097293010738,32.673014463633145],[130.20047724536894,32.67313593377437],[130.19858607718396,32.67365862941348],[130.1974728841276,32.67390045588814],[130.19631824696862,32.67412829519937],[130.1962561610117,32.67413008206733],[130.19545232400844,32.67404516044115],[130.19541036754242,32.6741241231093],[130.19507403157567,32.67454373328951],[130.1948127774695,32.67472423246231],[130.1943032018609,32.67512049159823],[130.19327729555056,32.67573039027278],[130.1918596589795,32.67427210361328],[130.1914487953828,32.67403010195249],[130.1910129887801,32.67401122002435],[130.1908617875709,32.67395537166951],[130.189643540061,32.673501470255474],[130.18737232248935,32.672295170072644],[130.18695935621227,32.67197151043893],[130.18630061174298,32.671116566373655],[130.18613706812621,32.67090525351628],[130.18608154601307,32.67082245793911],[130.18603133054597,32.67074759302709],[130.1860029370434,32.67070529965689],[130.1859161341211,32.67068826545206],[130.18554317031592,32.66989520259734],[130.18528332479585,32.669801824512824],[130.18522339112874,32.669714120732955],[130.18521430943966,32.66970300349813]],[[130.20096433661905,32.66777313701221],[130.20131850116945,32.66754850009293],[130.201554707901,32.667204927229754],[130.20096433661905,32.66777313701221]],[[130.20219392860315,32.66603439010535],[130.20265008990881,32.66514530707322],[130.2026500899088,32.66514530707322],[130.20219392860315,32.66603439010535]]]}},{"type":"Feature","properties":{"KEY_CODE":"42214017005","PREF":"42","CITY":"214","CITY_NAME":"南島原市","S_NAME":"北有馬町乙坂上下名","SETAI":"128"},"geometry":{"type":"Polygon","coordinates":[[[130.19327729555056,32.67573039027278],[130.1943032018609,32.67512049159823],[130.1948127774695,32.67472423246231],[130.19507403157567,32.67454373328951],[130.19541036754242,32.6741241231093],[130.19545232400844,32.67404516044115],[130.1962561610117,32.67413008206733],[130.19631824696862,32.67412829519937],[130.1974728841276,32.67390045588814],[130.19858607718393,32.67365862941349],[130.20047724536894,32.67313593377437],[130.20097293010738,32.673014463633145],[130.20194365734824,32.672795795998404],[130.20401087382578,32.67183574572537],[130.2054992844574,32.671448025324196],[130.20706013380556,32.671704847467865],[130.2077209924353,32.67160626993332],[130.2088383466371,32.67108778755334],[130.2094702702887,32.67018330163134],[130.2102095938467,32.670065174722076],[130.2106438843276,32.66967382364425],[130.21158850507854,32.66859668772866],[130.21195706188223,32.668404908732114],[130.2120751569128,32.667740294184995],[130.21292556080775,32.667517320879995],[130.2131904640296,32.66697516507064],[130.21321906507166,32.66634899509385],[130.21351066937922,32.6660761334868],[130.2139326146019,32.66582328083493],[130.2145421167976,32.66491876281973],[130.21461146297085,32.66376118153651],[130.2147759985945,32.66330498041415],[130.21564725434442,32.66288269918325],[130.21620762200388,32.66284156962151],[130.2177966131694,32.66304207155742],[130.21901148350426,32.66292039939106],[130.22061031480067,32.66234216329466],[130.22131313940068,32.66218123549106],[130.22235525239603,32.661810482811646],[130.2231336332371,32.660999773540624],[130.2242304744585,32.66041679046154],[130.22459290925423,32.66084879476177],[130.2249854149245,32.66102259051538],[130.22525514940403,32.66162928774603],[130.22520471456835,32.66240850837962],[130.22578296673717,32.66294406145995],[130.22574791304064,32.66328571447886],[130.22529057924297,32.66367782307921],[130.22475896750873,32.66266717995815],[130.22444676642195,32.6622795181197],[130.2241354985266,32.66278283483541],[130.224002505942,32.66349852457666],[130.22360599906216,32.66439183113633],[130.22358988472826,32.66473869443709],[130.22219660965897,32.6671743124396],[130.22197394623808,32.667845562586436],[130.2214106037851,32.667862391881776],[130.2206264861722,32.6682158752502],[130.22030778487624,32.66850444328694],[130.22018207197087,32.66894873452646],[130.22047822444583,32.66961923007286],[130.22056815483245,32.670135171034424],[130.22077244195347,32.67072278173533],[130.22011516185802,32.67170053171014],[130.21953585257762,32.67208788914624],[130.2194663770128,32.672347098449215],[130.21972708924173,32.672845334067134],[130.22052890758098,32.673228520541755],[130.22112040464987,32.67337325973572],[130.22193149195755,32.67428654727227],[130.22229652388046,32.675251567299675],[130.222147518042,32.67575123388302],[130.22221559230405,32.676954928839166],[130.2226148791482,32.677744391659296],[130.2226052679186,32.677988779043034],[130.22257281776476,32.6782626778549],[130.2229391876952,32.67926733086378],[130.22321081755703,32.679989087899315],[130.22323727510945,32.680409267931395],[130.2232404227985,32.68080020320766],[130.2229772860908,32.681134088652534],[130.22308518439897,32.68161241773257],[130.223298425164,32.68215802247073],[130.22370636418404,32.68268404521202],[130.22462772055115,32.68371483267866],[130.2247423303794,32.684197311510964],[130.22510152691208,32.68482333776366],[130.22525098787816,32.68525707280496],[130.22528147407039,32.68608138961909],[130.2252834726341,32.686328778974435],[130.22545614191307,32.6867786540621],[130.2256416323758,32.687206439604054],[130.22571926716435,32.68767958781369],[130.22714961646716,32.68969236473948],[130.22786004460568,32.69016631096564],[130.22830145565712,32.691009589237645],[130.22923779285708,32.69122966819683],[130.22970793193448,32.69204765524961],[130.2304801612437,32.69252471115461],[130.23095922799948,32.693075863417896],[130.23179430651768,32.69434973242427],[130.2327382991879,32.695585504994],[130.23389945239313,32.69742225691857],[130.23468066096518,32.69979779268767],[130.23279186392176,32.69914876995378],[130.2312073019126,32.69837611909785],[130.2309527502592,32.69819086925626],[130.23037477152488,32.697658690353016],[130.23011721340222,32.697585337126995],[130.2294284502399,32.696819221044194],[130.22923359858805,32.69659669998245],[130.2290650292696,32.6963271379261],[130.2288507524206,32.69567999586406],[130.228762347082,32.69555605219679],[130.22853217246862,32.69544737838506],[130.22838282594773,32.69516396335646],[130.22833082446692,32.6948130853772],[130.2283259779997,32.694482716635],[130.22821163843327,32.69432556342157],[130.22791432883835,32.69399351344698],[130.22753456218686,32.69434302650157],[130.22734631607975,32.69480225141346],[130.22710854183575,32.695206738787775],[130.226721474573,32.69573926374628],[130.22665281584713,32.695821707464894],[130.2263841190534,32.695564451339145],[130.22624847553806,32.695274858684904],[130.22620474061884,32.695017177902315],[130.22614863925224,32.69479747261891],[130.22586518301352,32.694302199393825],[130.22564349650676,32.69392383814387],[130.22496484689603,32.69347773912437],[130.22459928364174,32.69337885741865],[130.22421548699876,32.69326098672032],[130.22328177372944,32.6926954152935],[130.22287522068703,32.69226485136541],[130.22169716350788,32.691637649773405],[130.22085599296872,32.69106528333129],[130.2192575217421,32.69043419545575],[130.2185566254923,32.689688034013216],[130.21767740232067,32.689489201454116],[130.2151518968177,32.68951157976172],[130.2147548250978,32.68931318163877],[130.21472510789937,32.68888649023105],[130.2142428245362,32.68851144621892],[130.213353121634,32.68817570533919],[130.2115379687293,32.687384940555496],[130.21040192921535,32.68696429324124],[130.21009750095837,32.68634109951189],[130.20966543371463,32.68582237199009],[130.20752970541423,32.685457735404036],[130.20657637248016,32.68561673307597],[130.20681241598817,32.68508936287404],[130.20573865042965,32.68438120382932],[130.20482678468974,32.683940882642624],[130.20174874110907,32.68266962991505],[130.2011488233959,32.68188676534057],[130.20017933911714,32.68121871257442],[130.19853060440644,32.67993970514999],[130.19813846612163,32.67947554137358],[130.19718338910835,32.678100115988805],[130.19444990913848,32.67696304860857],[130.19393750468194,32.67663252869265],[130.19327729555056,32.67573039027278]],[[130.20695275528914,32.67628437150836],[130.2076803364105,32.675746743699385],[130.2080265182189,32.675648770491655],[130.20943975204287,32.67567284431473],[130.2080265182189,32.67564877049164],[130.20768033641045,32.675746743699385],[130.20695275528914,32.67628437150836]]]}},{"type":"Feature","properties":{"KEY_CODE":"42214018009","PREF":"42","CITY":"214","CITY_NAME":"南島原市","S_NAME":"北有馬町丙西正寺名","SETAI":"218"},"geometry":{"type":"Polygon","coordinates":[[[130.2194663770128,32.672347098449215],[130.21953585257762,32.67208788914624],[130.22011516185802,32.67170053171014],[130.22077244195347,32.67072278173533],[130.22056815483245,32.670135171034424],[130.22047822444583,32.66961923007286],[130.22018207197087,32.66894873452646],[130.22030778487624,32.66850444328694],[130.2206264861722,32.6682158752502],[130.2214106037851,32.667862391881776],[130.22197394623808,32.667845562586436],[130.22219660965897,32.6671743124396],[130.22358988472826,32.66473869443709],[130.22360599906216,32.66439183113633],[130.224002505942,32.66349852457666],[130.2241354985266,32.66278283483541],[130.22444676642195,32.6622795181197],[130.22475896750873,32.66266717995815],[130.22529057924297,32.66367782307921],[130.22574791304064,32.66328571447886],[130.22578296673717,32.66294406145995],[130.22520471456835,32.66240850837962],[130.22525514940403,32.66162928774603],[130.2249854149245,32.66102259051538],[130.22459290925423,32.66084879476177],[130.2242304744585,32.66041679046154],[130.2244970233916,32.659903657402985],[130.22448871148939,32.65946066148993],[130.22524798986655,32.658879090514446],[130.22587768734502,32.65762801039586],[130.22680580250307,32.65752693059159],[130.2271618169329,32.657689940317894],[130.22768664339267,32.657656887073706],[130.2282273529694,32.65740466578283],[130.22894054878074,32.655857363742015],[130.229346830241,32.65480307282007],[130.22931416022618,32.654172780545714],[130.22944122536444,32.653502034962116],[130.22986659861104,32.65302788417751],[130.23085297383014,32.65298072349499],[130.23151950019013,32.653274294013855],[130.23216871606218,32.653569018824285],[130.23339749636938,32.65378486879075],[130.2345131839886,32.65386715445106],[130.2358803166731,32.65388084938972],[130.2366904931054,32.653671853630414],[130.23624534935664,32.6544029094482],[130.23577252080838,32.65570151611522],[130.2356238724696,32.65696658776778],[130.23502915535119,32.657558033778884],[130.2353123632994,32.65801301307702],[130.2347498324356,32.659038714083124],[130.23472450473744,32.65951727021319],[130.23473850186463,32.660283430426986],[130.2344816196726,32.66100425369956],[130.23464782700975,32.66145991878214],[130.23547172646,32.66202488007509],[130.23552758223542,32.66213298063498],[130.23612403534125,32.663286817080994],[130.23616498041372,32.66410626295159],[130.23643054423334,32.66501573422535],[130.2364854220052,32.66601042096179],[130.23665758961593,32.66681405537939],[130.2369853322711,32.667422781462534],[130.23686903976542,32.6682532613088],[130.23696572881917,32.66917583976006],[130.2373725343896,32.670617493950566],[130.23785620497225,32.67159888544094],[130.23774947423487,32.6729536319026],[130.23767455443553,32.67378035259809],[130.23793114600028,32.67399798871218],[130.23819715669092,32.674844154971325],[130.23814095323456,32.67683272002303],[130.23802822234086,32.67702198810759],[130.238692208493,32.677711338676275],[130.23874153771473,32.67802713813429],[130.2384969015202,32.678757811385296],[130.23857441461578,32.6794003515039],[130.23890946461088,32.680160511439695],[130.23890946461094,32.6801605114397],[130.23936404960705,32.68141444391738],[130.24030618893224,32.68338098723029],[130.24026342913646,32.68386258022866],[130.24003112315393,32.684542846349196],[130.24006444713783,32.684977314029126],[130.24039216314875,32.685571662322076],[130.2403857342445,32.68633682756512],[130.24071246265234,32.68783999870906],[130.2409125487474,32.68879547076926],[130.24101111051266,32.68925015846945],[130.24102870651012,32.69012991502487],[130.24115521175992,32.69052789780182],[130.2413160378818,32.690975946777165],[130.24152715788844,32.69184398729578],[130.24161762951954,32.69251878410973],[130.2416536365302,32.69279267093033],[130.24192264886332,32.69396099199604],[130.24228421780248,32.695047283270966],[130.24251249520572,32.69594751499022],[130.24310975549673,32.69677376200672],[130.2431283206434,32.696964015578246],[130.24313518968248,32.697453728508755],[130.24361302255883,32.69855604807207],[130.24369062982944,32.698752572285784],[130.24368494787288,32.69903336100221],[130.24359330620592,32.699256608371705],[130.24384077302264,32.70041898252757],[130.24434921098285,32.70128883211407],[130.244707152445,32.701933281335776],[130.24482435237945,32.70211054694208],[130.24556934625016,32.70345115587979],[130.24598031555652,32.704339540096534],[130.24612428248096,32.70460935928812],[130.2460524658775,32.70484199952036],[130.2460210562154,32.70515471493394],[130.24603099413662,32.705227891000206],[130.24613960007997,32.705624559572584],[130.2459509574333,32.70592741618504],[130.2457657303147,32.70612968063641],[130.24537956403782,32.706891920497824],[130.24502924696765,32.706406232349565],[130.24358558616987,32.70538213702332],[130.242149225955,32.70456204681331],[130.24088154248895,32.70393489575108],[130.24004158898623,32.70338026732303],[130.23935465274786,32.70307296574372],[130.23803868495324,32.70218038968615],[130.23708636055238,32.701838887157784],[130.23624738549256,32.70127562770161],[130.23553656211428,32.70026077864918],[130.23527293783224,32.700066011376066],[130.23468066096518,32.69979779268767],[130.23389945239313,32.69742225691857],[130.2327382991879,32.695585504994],[130.23179430651768,32.69434973242427],[130.23095922799948,32.693075863417896],[130.2304801612437,32.69252471115461],[130.22970793193448,32.69204765524961],[130.22923779285708,32.69122966819683],[130.22830145565712,32.691009589237645],[130.22786004460568,32.69016631096564],[130.22714961646716,32.68969236473948],[130.22571926716435,32.68767958781369],[130.2256416323758,32.687206439604054],[130.22545614191307,32.6867786540621],[130.2252834726341,32.686328778974435],[130.22528147407039,32.68608138961909],[130.22525098787816,32.68525707280495],[130.22510152691208,32.68482333776366],[130.2247423303794,32.684197311510964],[130.22462772055115,32.68371483267866],[130.22370636418404,32.68268404521202],[130.223298425164,32.68215802247073],[130.22308518439897,32.68161241773257],[130.2229772860908,32.681134088652534],[130.22324042279845,32.68080020320766],[130.22323727510945,32.680409267931395],[130.22321081755703,32.679989087899315],[130.2229391876952,32.67926733086378],[130.22257281776476,32.678262677854896],[130.2226052679186,32.677988779043034],[130.2226148791482,32.677744391659296],[130.22221559230405,32.676954928839166],[130.222147518042,32.67575123388302],[130.22229652388046,32.675251567299675],[130.22193149195755,32.67428654727227],[130.22112040464987,32.67337325973572],[130.22052890758098,32.673228520541755],[130.21972708924173,32.672845334067134],[130.2194663770128,32.672347098449215]],[[130.23857468314299,32.681345159034265],[130.23857468314299,32.68134515903428],[130.23869138074042,32.680576004190264],[130.23857468314299,32.681345159034265]],[[130.23863619175455,32.68221916412617],[130.23870981202305,32.6828436909345],[130.23870981202307,32.68284369093449],[130.23863619175455,32.68221916412617]]]}},{"type":"Feature","properties":{"KEY_CODE":"42214019016","PREF":"42","CITY":"214","CITY_NAME":"南島原市","S_NAME":"北有馬町丁今福名","SETAI":"204"},"geometry":{"type":"Polygon","coordinates":[[[130.2344816196726,32.66100425369956],[130.23473850186463,32.660283430426986],[130.23472450473744,32.65951727021319],[130.2347498324356,32.659038714083124],[130.2353123632994,32.65801301307702],[130.23502915535119,32.657558033778884],[130.2356238724696,32.65696658776778],[130.23577252080838,32.65570151611522],[130.23624534935664,32.6544029094482],[130.2366904931054,32.653671853630414],[130.2384695553502,32.65301904664348],[130.23966377484018,32.65301004056216],[130.24065252197582,32.6535350690513],[130.24199064158475,32.653848463197335],[130.24303688611724,32.65404175909104],[130.24425141899547,32.654322889306194],[130.24488347966644,32.65459147250985],[130.2449177823689,32.65476158760191],[130.24561064682933,32.65536269420442],[130.24630458806004,32.65562019409568],[130.2459360463217,32.65585847127712],[130.2455029680334,32.65631887970987],[130.2458246827698,32.65694269134905],[130.24623589350028,32.65740096928511],[130.24654920335755,32.65770286207748],[130.24669835680913,32.657872961348836],[130.24494269285026,32.65859972112002],[130.24433797224046,32.65874069198285],[130.2441696712546,32.6596698303632],[130.24426010580905,32.660645939815595],[130.24445802157112,32.661314731700834],[130.2446583236019,32.66181812356431],[130.24572957444846,32.66250466524414],[130.24606515694953,32.6629390544534],[130.24601562482957,32.66351427951965],[130.2465815348253,32.66456478138639],[130.24654724395165,32.664999433336],[130.24663447324542,32.66671866652495],[130.24711229078602,32.66799020598638],[130.24712150687552,32.66865881823956],[130.2468544289489,32.66921536564181],[130.2474128059304,32.67038613644141],[130.24728786329345,32.671056787348306],[130.24632373953062,32.67239071649617],[130.24629641527184,32.673513130537266],[130.24588234436428,32.67356251756008],[130.24584643952582,32.6742040680513],[130.24586399512765,32.67497426465581],[130.24600866579055,32.675373437684414],[130.24680877409452,32.676098886598176],[130.24742181193687,32.67713547417542],[130.24787607424628,32.67749972053422],[130.2481157558865,32.6783035716166],[130.24843141439794,32.67872768571213],[130.24837135885448,32.679087849768095],[130.24856132316813,32.681021122974975],[130.24848211095144,32.68159163569615],[130.24819635626804,32.682198043009855],[130.24793398831335,32.683482355190016],[130.24745608833442,32.68445475310534],[130.24738596912292,32.68742975037855],[130.24700392951837,32.687892125757635],[130.2469120710207,32.68825646005202],[130.24705577102873,32.68880665299537],[130.24653298968505,32.6898369456371],[130.24647987596384,32.69030271282433],[130.2465819198735,32.69116343034924],[130.24651318630114,32.69202520243033],[130.24678262029155,32.69323803370687],[130.2469456132792,32.69457450904483],[130.2472206892883,32.69494204060951],[130.24734951953513,32.69597914708021],[130.24733406756394,32.69661705027026],[130.24754204169335,32.69728158536047],[130.24810409096088,32.698403996455376],[130.2486433262764,32.700077483339356],[130.2485949804886,32.700545825732384],[130.24855876822937,32.70081023993458],[130.24795536489722,32.70173279199675],[130.24722923071383,32.70265784358753],[130.24691361871768,32.70305112999263],[130.24651218199546,32.703515240213264],[130.2463456118618,32.703816503676656],[130.24612428248096,32.70460935928811],[130.24598031555652,32.704339540096534],[130.24556934625016,32.70345115587979],[130.24482435237945,32.70211054694208],[130.244707152445,32.701933281335776],[130.24434921098285,32.70128883211407],[130.24384077302264,32.70041898252757],[130.24359330620592,32.699256608371705],[130.24368494787288,32.69903336100221],[130.24369062982944,32.698752572285784],[130.24361302255883,32.69855604807207],[130.24313518968248,32.697453728508755],[130.2431283206434,32.696964015578246],[130.24310975549668,32.696773762006735],[130.24251249520572,32.69594751499022],[130.24228421780248,32.695047283270966],[130.24192264886332,32.69396099199604],[130.2416536365302,32.69279267093033],[130.24161762951954,32.69251878410973],[130.24152715788844,32.69184398729578],[130.2413160378818,32.690975946777165],[130.24115521175992,32.69052789780182],[130.24102870651012,32.69012991502487],[130.24101111051266,32.68925015846945],[130.2409125487474,32.68879547076926],[130.24071246265234,32.68783999870906],[130.2403857342445,32.68633682756512],[130.24039216314875,32.685571662322076],[130.24006444713783,32.68497731402913],[130.24003112315393,32.684542846349196],[130.24026342913646,32.68386258022866],[130.24030618893224,32.68338098723029],[130.23936404960705,32.68141444391738],[130.2389094646109,32.6801605114397],[130.23857441461578,32.6794003515039],[130.2384969015202,32.678757811385296],[130.23874153771473,32.67802713813429],[130.238692208493,32.677711338676275],[130.23802822234086,32.67702198810759],[130.23814095323456,32.67683272002303],[130.23819715669092,32.674844154971325],[130.23793114600028,32.67399798871218],[130.23767455443553,32.67378035259809],[130.23774947423487,32.6729536319026],[130.23785620497225,32.67159888544094],[130.2373725343896,32.670617493950566],[130.23696572881917,32.66917583976006],[130.23686903976542,32.6682532613088],[130.2369853322711,32.667422781462534],[130.23665758961593,32.66681405537939],[130.2364854220052,32.66601042096179],[130.23643054423334,32.66501573422535],[130.23616498041372,32.66410626295159],[130.23612403534125,32.663286817080994],[130.23552758223542,32.66213298063498],[130.23547172646,32.66202488007509],[130.23464782700975,32.66145991878214],[130.2344816196726,32.66100425369956]]]}},{"type":"Feature","properties":{"KEY_CODE":"42214020021","PREF":"42","CITY":"214","CITY_NAME":"南島原市","S_NAME":"北有馬町戊谷川名","SETAI":"224"},"geometry":{"type":"Polygon","coordinates":[[[130.2441696712546,32.6596698303632],[130.24433797224046,32.65874069198285],[130.24494269285026,32.65859972112002],[130.24669835680913,32.657872961348836],[130.24654920335755,32.65770286207748],[130.24623589350028,32.65740096928511],[130.2458246827698,32.65694269134905],[130.2455029680334,32.65631887970987],[130.2459360463217,32.65585847127712],[130.24630458806004,32.6556201940957],[130.24677034363077,32.655626230401296],[130.2471872509335,32.655636922785156],[130.24800394561962,32.65548206762233],[130.2481771954971,32.65536524892319],[130.24838358625541,32.65512722981853],[130.24869206199386,32.65444651505594],[130.2488137276935,32.654656337846696],[130.24880660532114,32.65411995650718],[130.24888416870562,32.65387329856475],[130.24990290644135,32.6527407312089],[130.2500316363708,32.65266856086527],[130.25011386449341,32.652622487930564],[130.25054095271133,32.652367333982156],[130.25145820251342,32.652091498500155],[130.2516331634618,32.65206086298718],[130.251857522429,32.652112150808804],[130.25208559890052,32.65254924628983],[130.25213882084267,32.652649850713225],[130.25250010703687,32.65274318731881],[130.2532310629331,32.65308536583815],[130.25413276261924,32.65379829083468],[130.25439109015582,32.653817807197036],[130.2557027847875,32.65482820641161],[130.25633990660103,32.65514014032552],[130.25701707131375,32.6551818228985],[130.2565599601355,32.65570940421078],[130.2561278657498,32.65642983690514],[130.2559231225334,32.65807410774744],[130.25590655882078,32.65880035323636],[130.25583724672725,32.65940383687296],[130.25535756544386,32.65991443217771],[130.25537002926285,32.66034848085413],[130.255546355808,32.66158215723723],[130.25534959078777,32.66215336894774],[130.2556655892437,32.662750733530885],[130.25650002208607,32.66334493817719],[130.25643039278233,32.663662251002556],[130.25573903425934,32.66431855470893],[130.25561432569233,32.66467290513835],[130.25582790092724,32.66551017501509],[130.2557477247673,32.665801835771],[130.25498602153485,32.66668302167407],[130.254712998941,32.66720988514256],[130.25458596159916,32.667814037956454],[130.2545943989967,32.669030131592116],[130.25433740446957,32.669681669948176],[130.2534308653255,32.67027938074665],[130.2530038297528,32.67088622514624],[130.25280996858393,32.6715475018588],[130.2522054904482,32.67273922039209],[130.25193362657294,32.6740042917217],[130.251486558246,32.67474866948145],[130.2522314250122,32.67533942827088],[130.25165380390067,32.676678545674385],[130.25162579331325,32.67748226884462],[130.2511641804167,32.67875069460255],[130.25078148041925,32.679445931106955],[130.25051404610957,32.680736901697024],[130.25017579498362,32.68154906974907],[130.24986264423276,32.681906063624076],[130.24911230403097,32.682161645494524],[130.24885939698856,32.68206187988927],[130.24886231891597,32.68128363203522],[130.24856132316813,32.681021122974975],[130.24837135885448,32.679087849768095],[130.24843141439794,32.67872768571213],[130.2481157558865,32.6783035716166],[130.24787607424628,32.67749972053422],[130.24742181193687,32.67713547417542],[130.24680877409452,32.676098886598176],[130.24600866579055,32.675373437684414],[130.24586399512765,32.67497426465581],[130.24584643952582,32.6742040680513],[130.24588234436428,32.67356251756008],[130.24629641527184,32.673513130537266],[130.24632373953062,32.67239071649617],[130.24728786329345,32.671056787348306],[130.2474128059304,32.67038613644141],[130.2468544289489,32.66921536564181],[130.24712150687552,32.66865881823956],[130.24711229078602,32.66799020598638],[130.24663447324542,32.66671866652495],[130.24654724395165,32.664999433336],[130.2465815348253,32.66456478138639],[130.24601562482957,32.66351427951965],[130.24606515694953,32.6629390544534],[130.24572957444846,32.66250466524414],[130.2446583236019,32.66181812356431],[130.24445802157112,32.661314731700834],[130.24426010580905,32.660645939815595],[130.2441696712546,32.6596698303632]]]}},{"type":"Feature","properties":{"KEY_CODE":"42214021027","PREF":"42","CITY":"214","CITY_NAME":"南島原市","S_NAME":"北有馬町己田平名","SETAI":"186"},"geometry":{"type":"Polygon","coordinates":[[[130.24647987596384,32.69030271282433],[130.24653298968505,32.6898369456371],[130.24705577102873,32.68880665299537],[130.2469120710207,32.68825646005202],[130.24700392951837,32.687892125757635],[130.24738596912292,32.68742975037855],[130.24745608833442,32.68445475310534],[130.24793398831335,32.683482355190016],[130.24819635626804,32.682198043009855],[130.24848211095144,32.68159163569615],[130.24856132316813,32.681021122974975],[130.24886231891597,32.68128363203522],[130.24885939698856,32.68206187988927],[130.24911230403097,32.682161645494524],[130.24986264423276,32.681906063624076],[130.25017579498362,32.68154906974907],[130.25051404610957,32.680736901697024],[130.25078148041925,32.679445931106955],[130.2511641804167,32.67875069460255],[130.25162579331325,32.67748226884462],[130.25165380390067,32.676678545674385],[130.2522314250122,32.67533942827088],[130.251486558246,32.67474866948145],[130.25193362657294,32.6740042917217],[130.2522054904482,32.67273922039209],[130.25280996858393,32.6715475018588],[130.2530038297528,32.67088622514624],[130.2534308653255,32.67027938074665],[130.25433740446957,32.669681669948176],[130.2545943989967,32.669030131592116],[130.25458596159916,32.667814037956454],[130.254712998941,32.66720988514256],[130.25498602153485,32.66668302167407],[130.2557477247673,32.665801835771],[130.25582790092724,32.66551017501509],[130.25561432569233,32.66467290513835],[130.25573903425934,32.66431855470893],[130.25643039278233,32.663662251002556],[130.25650002208607,32.66334493817719],[130.2556655892437,32.662750733530885],[130.25534959078777,32.66215336894774],[130.255546355808,32.66158215723723],[130.25537002926285,32.66034848085413],[130.25535756544386,32.65991443217771],[130.25583724672725,32.65940383687296],[130.25590655882078,32.65880035323636],[130.2559231225334,32.65807410774744],[130.2561278657498,32.65642983690514],[130.2565599601355,32.65570940421078],[130.25701707131375,32.6551818228985],[130.25728102076974,32.654630886652726],[130.2573535012152,32.65392015653606],[130.25762372382036,32.65351156500962],[130.25893465655727,32.65307214688764],[130.25953780502604,32.65261307472625],[130.2612443524995,32.653188172021935],[130.26243902229675,32.65314398454606],[130.2645386254375,32.65238692519394],[130.2649540019849,32.65243452567529],[130.26437367351622,32.653657069566485],[130.26394031711075,32.654171249277105],[130.2639499198671,32.65436109263102],[130.26400839266077,32.65472627494349],[130.26385079124722,32.654987267644124],[130.26389102639592,32.65515571907542],[130.26381251802198,32.65540464262369],[130.2638480502591,32.65567661566596],[130.26387352802743,32.655803801757955],[130.26386840134396,32.65587689150475],[130.26381147598124,32.65596005280871],[130.2638486765173,32.656271644026404],[130.26389125202792,32.65653934714932],[130.26372034899308,32.656764490850186],[130.26371416772875,32.65677199623022],[130.2633052020152,32.657385750804146],[130.262861997806,32.65877696522321],[130.26260637087228,32.66082174594696],[130.26244210186363,32.66136990233905],[130.26239981039012,32.661677467444825],[130.26261796531404,32.66213383435248],[130.26265229570646,32.662391937083264],[130.26260218249544,32.66343904887508],[130.26255215658136,32.663856285854614],[130.26219420358566,32.66420374056659],[130.26172756290785,32.66487758504406],[130.2615666934635,32.66536608530693],[130.26162496867113,32.665579870446436],[130.2615243852857,32.665978109606584],[130.26151107849637,32.666276446985044],[130.26158828593717,32.666581846186325],[130.2615688713852,32.66723198592672],[130.26154569971462,32.66742713655145],[130.26151936152496,32.66805628881667],[130.26137943978154,32.66835345620535],[130.2612901045472,32.66847633626088],[130.26114220890915,32.66862827965494],[130.26104822831888,32.66874354306256],[130.26086516875262,32.669012296346615],[130.26080092754208,32.66916757288354],[130.26088355916596,32.66931618461845],[130.26089533422618,32.66937920286566],[130.2609050942071,32.66999281250821],[130.26089902445653,32.6700827119024],[130.26085196890946,32.67039845134352],[130.26085298854235,32.67051888536838],[130.26087816925593,32.671092295192295],[130.261075118151,32.67144132711735],[130.26100489012669,32.671558106469156],[130.26084038479874,32.67173565808999],[130.26070237376663,32.672277998181634],[130.26070569660806,32.67263123112569],[130.26049858531235,32.67323701085622],[130.26049907425016,32.673294778630634],[130.26055265021327,32.67345420831666],[130.26053700678983,32.67350527546291],[130.2603499865768,32.673739184827205],[130.26019418296463,32.67382343841278],[130.25993824477698,32.67397452731369],[130.25982010946447,32.67425737411492],[130.2597054406623,32.674635347164646],[130.25943017835127,32.67553571926317],[130.259487616312,32.676280275006505],[130.25939790980865,32.67656664840156],[130.25977352660954,32.67738719818506],[130.2600007430761,32.67761102571723],[130.26029147621617,32.67808567042085],[130.26065334680112,32.67849056021016],[130.26062620249206,32.67891513533284],[130.26078141466064,32.67910473651385],[130.26069669381238,32.679980068233796],[130.26077676483706,32.68033635889044],[130.2605347683846,32.68100529807281],[130.2605206997808,32.681390270112665],[130.26057403856694,32.68156047883471],[130.2604931630538,32.681758766036026],[130.26054429422064,32.682130696966496],[130.26063779934975,32.68263704162963],[130.26067106090332,32.68281688412353],[130.26067386565907,32.68314817308929],[130.2604440114178,32.68341193372283],[130.26036173206248,32.68370061972965],[130.26006486237304,32.684019105332325],[130.26012671111562,32.68452543021192],[130.26004764170793,32.68471106128651],[130.2601021341809,32.68502741774527],[130.26007677456258,32.68542707664526],[130.2597450954423,32.686072677529275],[130.25968659683784,32.686306866356524],[130.259815900666,32.68678111438156],[130.25990333549183,32.68690482837009],[130.25987646164728,32.68730329935815],[130.25986515462196,32.6874933806065],[130.25984614690532,32.6875999860679],[130.2597651316401,32.687881233709035],[130.259491679585,32.68848854341934],[130.2591862093235,32.68887602056337],[130.25899380928374,32.689107989567084],[130.258673517561,32.6893191399773],[130.25855297301493,32.689438019087305],[130.25827783666625,32.68981752525397],[130.2577021479419,32.69045779763839],[130.25733124854318,32.6908729655184],[130.25734663574474,32.69104780811367],[130.2573386395692,32.691216345481195],[130.2573252469634,32.691297730037356],[130.25727503940234,32.69140987736917],[130.2571947497057,32.691501529423256],[130.2570263203124,32.69163320217877],[130.25675236295783,32.69177826320632],[130.25620177455087,32.69198808391737],[130.255702218537,32.69205513806496],[130.2553977451412,32.692247232549185],[130.25513296384648,32.69246346294497],[130.25492370203378,32.693070727435945],[130.2547449067712,32.69348663264556],[130.25469808725762,32.69362581251492],[130.25463341700896,32.69393101830327],[130.2544878151829,32.694113134995675],[130.25415310539984,32.69451557025397],[130.25399198297836,32.69475460022093],[130.25380553386188,32.694904518542884],[130.25360687468924,32.69499948654821],[130.25338644859588,32.69516133761441],[130.25319808268037,32.69546097780431],[130.25301886592362,32.695709132230824],[130.2529296720666,32.69588280617574],[130.25288247266562,32.69610674144073],[130.2524824733219,32.69686393926917],[130.25240614192836,32.69691219904049],[130.25222175715476,32.69693134135876],[130.25180843849472,32.69711238310213],[130.25150053866284,32.697276552288734],[130.25125829923158,32.69751155562421],[130.2504331453719,32.697803274980004],[130.24967437527044,32.698253323310716],[130.24904280072192,32.69899114560338],[130.2488832678692,32.69930406424427],[130.2486433262764,32.700077483339356],[130.24810409096088,32.698403996455376],[130.24754204169335,32.69728158536047],[130.24733406756394,32.69661705027026],[130.24734951953513,32.69597914708021],[130.2472206892883,32.69494204060951],[130.2469456132792,32.69457450904483],[130.24678262029155,32.69323803370687],[130.24651318630114,32.69202520243033],[130.2465819198735,32.69116343034924],[130.24647987596384,32.69030271282433]]]}},{"type":"Feature","geometry":{"type":"Polygon","coordinates":[[[130.28163704610375,32.6662748038581],[130.27881718982678,32.66686803784099],[130.27819473365605,32.666817502871446],[130.27815652760182,32.667457126611744],[130.27735788956832,32.66756922482333],[130.27653041350732,32.66788238933021],[130.27619599590398,32.66828898969274],[130.27590939479126,32.66911237020923],[130.2753961247306,32.6695464911633],[130.27516137611826,32.6702697567444],[130.2745979278724,32.67041973618402],[130.27458579271408,32.67134330512755],[130.2749206593205,32.671761596684625],[130.27497978844022,32.67221554618974],[130.27418433846265,32.672907290128265],[130.27414258689595,32.673718986071705],[130.27384946372854,32.6746792629124],[130.27319774336598,32.67516527479505],[130.27295018034695,32.67598073598781],[130.272516523709,32.676427393521124],[130.27212208035152,32.6764346094842],[130.27166909609667,32.676881348699794],[130.27199636964684,32.678016654791385],[130.27154953418045,32.67843323952165],[130.27180257872448,32.67884824010235],[130.27162400710336,32.679035791553375],[130.2719310267109,32.67946955312221],[130.27256305966623,32.67986031183316],[130.2726928581128,32.68025965271415],[130.27317608154857,32.68030599844973],[130.2732647460811,32.68082342517369],[130.27208246440972,32.681255492714754],[130.2714189268268,32.680960847257914],[130.27108926690067,32.68106425331571],[130.26992790214038,32.682052507486276],[130.26902359174468,32.68239787766513],[130.26885737250217,32.68266746388608],[130.26818463165068,32.6828168182042],[130.26733626803673,32.68327695473339],[130.26730653048497,32.68358956066191],[130.2665427157463,32.683698354102326],[130.26578866241695,32.684180413965414],[130.26554916331165,32.684611567930745],[130.2640874797538,32.68611132762309],[130.26425295342878,32.68651592017251],[130.2637913521086,32.687105216036635],[130.26349898565448,32.687022027340845],[130.26305333786706,32.687567964459596],[130.2621888506872,32.6875293564124],[130.26167726755,32.68766889129826],[130.26115608509042,32.6880325960059],[130.26079903955434,32.688044482265326],[130.2599667027777,32.68761105624053],[130.2597651316401,32.687881233709035],[130.25984614690532,32.6875999860679],[130.25986515462196,32.6874933806065],[130.25987646164728,32.68730329935815],[130.25990333549183,32.68690482837009],[130.259815900666,32.68678111438156],[130.25968659683784,32.686306866356524],[130.2597450954423,32.686072677529275],[130.26007677456258,32.68542707664526],[130.2601021341809,32.68502741774527],[130.26004764170793,32.68471106128651],[130.26012671111562,32.68452543021192],[130.26006486237304,32.684019105332325],[130.26036173206248,32.68370061972965],[130.2604440114178,32.68341193372283],[130.26067386565907,32.68314817308929],[130.26067106090332,32.68281688412353],[130.26063779934975,32.68263704162963],[130.26054429422064,32.682130696966496],[130.2604931630538,32.681758766036026],[130.26057403856694,32.68156047883471],[130.2605206997808,32.681390270112665],[130.2605347683846,32.68100529807281],[130.26077676483706,32.68033635889044],[130.26069669381238,32.679980068233796],[130.26078141466064,32.67910473651385],[130.26062620249206,32.67891513533284],[130.26065334680106,32.67849056021014],[130.26029147621617,32.67808567042085],[130.2600007430761,32.67761102571723],[130.25977352660954,32.67738719818506],[130.25939790980865,32.67656664840156],[130.259487616312,32.676280275006505],[130.25943017835127,32.67553571926313],[130.2597054406623,32.674635347164646],[130.25982010946447,32.67425737411492],[130.25993824477698,32.67397452731369],[130.26019418296463,32.67382343841278],[130.2603499865768,32.673739184827205],[130.26053700678983,32.67350527546291],[130.26055265021327,32.67345420831666],[130.26049907425016,32.673294778630634],[130.26049858531235,32.67323701085622],[130.26070569660806,32.67263123112569],[130.26070237376663,32.672277998181634],[130.26084038479874,32.67173565808999],[130.26100489012669,32.671558106469156],[130.261075118151,32.67144132711735],[130.26087816925593,32.671092295192295],[130.26085298854235,32.67051888536838],[130.26085196890946,32.67039845134352],[130.26089902445653,32.6700827119024],[130.2609050942071,32.66999281250821],[130.26089533422618,32.66937920286566],[130.26088355916596,32.66931618461845],[130.26080092754208,32.66916757288354],[130.26086516875262,32.669012296346615],[130.26104822831888,32.66874354306256],[130.26114220890915,32.66862827965494],[130.2612901045472,32.66847633626088],[130.26137943978154,32.66835345620535],[130.26151936152496,32.66805628881667],[130.26154569971462,32.66742713655145],[130.2615688713852,32.66723198592672],[130.26158828593717,32.666581846186325],[130.26151107849637,32.666276446985044],[130.2615243852857,32.665978109606584],[130.26162496867113,32.665579870446436],[130.2615666934635,32.66536608530693],[130.26172756290785,32.66487758504406],[130.26219420358566,32.66420374056659],[130.26255215658136,32.663856285854614],[130.26260218249544,32.66343904887508],[130.26265229570646,32.662391937083264],[130.26261796531404,32.66213383435248],[130.26239981039012,32.661677467444825],[130.26244210186363,32.66136990233905],[130.26260637087228,32.66082174594696],[130.262861997806,32.65877696522321],[130.2633052020152,32.657385750804146],[130.26371416772875,32.65677199623022],[130.26372034899308,32.656764490850186],[130.26389125202792,32.65653934714932],[130.2638486765173,32.656271644026404],[130.26381147598124,32.65596005280871],[130.26386840134396,32.65587689150475],[130.2638735280274,32.65580380175797],[130.2638480502591,32.65567661566596],[130.26381251802198,32.65540464262369],[130.26389102639592,32.65515571907542],[130.26385079124722,32.654987267644124],[130.26400839266077,32.65472627494349],[130.2639499198671,32.65436109263102],[130.26394031711075,32.654171249277105],[130.26437367351622,32.653657069566485],[130.26496709603097,32.65250570674028],[130.26637331048488,32.652769017891394],[130.26642215883018,32.65264729731675],[130.2708821921675,32.65367177096779],[130.27130095495784,32.65338412271579],[130.27137652366767,32.65401120429862],[130.27188211956613,32.65403184398278],[130.2718118697729,32.65354993070469],[130.272964919382,32.65411998511846],[130.27441601336014,32.654026616555086],[130.27566466726088,32.654099865073505],[130.27657922286045,32.65402027936485],[130.2801823453624,32.653111122492184],[130.28053548811292,32.652577516975676],[130.2808539150302,32.65292043233869],[130.2817191324882,32.65290564884993],[130.28273900595383,32.65271943915797],[130.2833058972909,32.65072006042323],[130.28370611019278,32.65082391122984],[130.28317377520492,32.65282201920644],[130.2830254899899,32.6542056922351],[130.28302025703096,32.65516566184651],[130.2824257602868,32.655074746670664],[130.28206809153565,32.655604901084715],[130.28196320923118,32.656100334004684],[130.28208745427222,32.65674204276671],[130.28207483302495,32.65828166022359],[130.28211522281703,32.661351786644836],[130.28228389837105,32.66162267904604],[130.28223544266075,32.66284327823137],[130.28229930135717,32.66396341973372],[130.28163704610375,32.6662748038581]]]},"properties":{"KEY_CODE":"422140220","PREF":"42","CITY":"214","CITY_NAME":"南島原市","S_NAME":"西有家町","SETAI":"301"}},{"type":"Feature","geometry":{"type":"Polygon","coordinates":[[[130.29903872906718,32.65907774886068],[130.29902935337861,32.659335062896325],[130.29854762719603,32.65962503943273],[130.2982245704144,32.65959739694972],[130.29806577247936,32.65929063695741],[130.2973104185899,32.658740166981524],[130.2959649779485,32.65904339942962],[130.29569768789193,32.65866313939355],[130.29506782152248,32.65891930938232],[130.29487541929788,32.6593043480581],[130.29422321822602,32.65844561638041],[130.29353019906395,32.65998439955205],[130.29305717445723,32.660423588293405],[130.29213057022852,32.66052232470315],[130.2913567711126,32.66340508918763],[130.292700143816,32.66409666621081],[130.29236436595662,32.66543670208534],[130.29156680684648,32.66601866066411],[130.29129171389636,32.66642845123037],[130.29029978428574,32.66677902841463],[130.28986119080892,32.667399086228784],[130.28915727088156,32.66802510669973],[130.28864949206127,32.668317535239936],[130.28791903171836,32.668244409612115],[130.28703010893477,32.668729159883384],[130.2865813504351,32.66877082422638],[130.28563001703182,32.66933088006543],[130.28419025001966,32.66817931730397],[130.28163704610375,32.6662748038581],[130.28229930135717,32.66396341973372],[130.28223544266075,32.66284327823137],[130.28228389837105,32.66162267904604],[130.28211522281703,32.661351786644836],[130.28207483302495,32.65828166022359],[130.28208745427222,32.65674204276671],[130.28196320923118,32.656100334004684],[130.28206809153565,32.655604901084715],[130.2824257602868,32.655074746670664],[130.28302025703096,32.65516566184651],[130.2830254899899,32.6542056922351],[130.28317377520492,32.65282201920644],[130.28370611019278,32.65082391122984],[130.28411365408726,32.650908975017146],[130.28384099542458,32.65187416619244],[130.28508571554377,32.65212917927232],[130.2848136651918,32.65316323579198],[130.28536095681548,32.65324749144701],[130.28576577633316,32.65187313402934],[130.28646868661747,32.65084888322803],[130.28779420953882,32.65151630858261],[130.2882788891015,32.65092728927565],[130.2886893001041,32.65112003880998],[130.28826749281384,32.65175614792236],[130.29006615358986,32.652642284912666],[130.2902676170182,32.65213158599561],[130.29002788324448,32.65184012382468],[130.29047274325805,32.650625778945695],[130.28907155341471,32.64987706486775],[130.2908312562662,32.650740329228285],[130.2904188576355,32.651904944909454],[130.29214393330088,32.65212980373392],[130.29223329703328,32.65241428507858],[130.29272278669015,32.652393371442315],[130.29267728240686,32.65284306513954],[130.2929296227553,32.65286253737524],[130.29312985898932,32.652271457250784],[130.29287424427562,32.65153048395107],[130.29318070288537,32.65151142865705],[130.29333181936946,32.65205555340627],[130.2937443380785,32.65207006684645],[130.29336578445984,32.65237529107996],[130.29345249902113,32.652859234603135],[130.29405581264015,32.65282646517853],[130.29438611943104,32.65263127079716],[130.29428026771444,32.65239494307576],[130.29480785078147,32.65221783795925],[130.29604923334588,32.652307091413114],[130.29692649005017,32.652223504223564],[130.2979313234218,32.65197058212762],[130.299185627438,32.65155692768331],[130.29979812090994,32.65156550387388],[130.30069584422787,32.65130387917872],[130.3018888960023,32.651700030821516],[130.3017244260223,32.651998874886196],[130.30097683372736,32.65290361186094],[130.30070668264239,32.653203092820036],[130.30033232396042,32.65364044158528],[130.30002279586486,32.65413909612014],[130.29974687218606,32.65475529588255],[130.2995290856633,32.655494662131986],[130.29910221887943,32.65652026465194],[130.299045574842,32.65668784243872],[130.2989248429201,32.6568410315454],[130.29859153259846,32.65727100286361],[130.2985013055716,32.65758631981747],[130.29867578945155,32.65858189159636],[130.29903872906718,32.65907774886068]],[[130.29091480970658,32.652685765762556],[130.2915132045429,32.652614679000735],[130.29152233322233,32.65205242329547],[130.29046144478576,32.65195617599329],[130.2901632795551,32.65264495032427],[130.29091480970658,32.652685765762556]]]},"properties":{"KEY_CODE":"422140230","PREF":"42","CITY":"214","CITY_NAME":"南島原市","S_NAME":"西有家町","SETAI":"1191"}},{"type":"Feature","geometry":{"type":"Polygon","coordinates":[[[130.2982885399526,32.67072674685672],[130.29813569048466,32.67102742361006],[130.2975960133295,32.67139452892389],[130.29661776391106,32.67139316114977],[130.29614082991736,32.672366068901795],[130.29544465745664,32.672954072701984],[130.2917081910778,32.671424300594985],[130.28563001703182,32.66933088006543],[130.2865813504351,32.66877082422638],[130.28703010893477,32.668729159883384],[130.28791903171836,32.668244409612115],[130.28864949206127,32.668317535239936],[130.28915727088156,32.66802510669973],[130.28986119080892,32.667399086228784],[130.29029978428574,32.66677902841463],[130.29129171389636,32.66642845123037],[130.29156680684648,32.66601866066411],[130.29236436595662,32.66543670208534],[130.292700143816,32.66409666621081],[130.2913567711126,32.66340508918763],[130.29213057022852,32.66052232470315],[130.29305717445723,32.660423588293405],[130.29353019906395,32.65998439955205],[130.29422321822602,32.65844561638041],[130.29487541929788,32.6593043480581],[130.29506782152248,32.65891930938232],[130.29569768789193,32.65866313939355],[130.2959649779485,32.65904339942962],[130.2973104185899,32.658740166981524],[130.29806577247936,32.65929063695741],[130.2982245704144,32.65959739694972],[130.29854762719603,32.65962503943273],[130.29902935337861,32.659335062896325],[130.29903872906718,32.65907774886068],[130.29918521264884,32.65924502091041],[130.29935804089274,32.659471480731725],[130.29963609403654,32.659964424581986],[130.2997138420698,32.66013769776076],[130.2999409594093,32.66057787889777],[130.30008071710444,32.660774852528306],[130.30020816176784,32.66089870457908],[130.3004445833147,32.661176222317835],[130.30075744473982,32.66175115764137],[130.30048922172494,32.66277677965382],[130.30055275650614,32.66387063524361],[130.30083280601696,32.66458516934287],[130.30071351318742,32.66511625659],[130.3002604333168,32.66567127535817],[130.2999876955169,32.66583522846925],[130.2998464851463,32.66585972926735],[130.2996333578019,32.66597402088251],[130.29945403446007,32.66606815908062],[130.29879059291346,32.6667035949727],[130.29868258564517,32.66692197905868],[130.29856808908912,32.66719775168857],[130.29853187389065,32.667340435311914],[130.2985094517321,32.667451398836754],[130.2983935014217,32.66782613092914],[130.29832083450526,32.66791631352373],[130.29822971158117,32.6684326722396],[130.29834807100823,32.66915553124428],[130.29833864904649,32.66989625305314],[130.29832148841024,32.67003698315892],[130.2982885399526,32.67072674685672]]]},"properties":{"KEY_CODE":"422140240","PREF":"42","CITY":"214","CITY_NAME":"南島原市","S_NAME":"西有家町","SETAI":"245"}},{"type":"Feature","geometry":{"type":"Polygon","coordinates":[[[130.262324603895,32.724686778879594],[130.26128580842433,32.7247766149575],[130.2605742520195,32.72470285362507],[130.2591071829728,32.72467724082431],[130.2559087183408,32.72411372873343],[130.2528739948504,32.7246275982162],[130.25171141657515,32.72454559242343],[130.25130071868196,32.72422849331323],[130.25098659963672,32.723649401776626],[130.2504870472721,32.72324025769623],[130.24997959797182,32.72260271760793],[130.24931636718486,32.72157185594318],[130.24895476217648,32.72120271180084],[130.24839533191104,32.720875909309974],[130.24780403521711,32.72014385907673],[130.24779592174409,32.719457529473694],[130.24792352401906,32.71909751719591],[130.2486272857955,32.71851230265417],[130.24872687213704,32.718061150213835],[130.24834816310334,32.71720540942845],[130.24832562968703,32.71706104650243],[130.2482689078215,32.71636232558607],[130.24830633057485,32.71612231797315],[130.248741176082,32.715360389686175],[130.2487402904575,32.71525383619993],[130.24820314296616,32.713661798199254],[130.24821629399128,32.71334866545039],[130.24849219856637,32.712414514475874],[130.2490145508182,32.71151596277669],[130.24902272748415,32.71133673534183],[130.2483237525313,32.7101030114545],[130.2476745784176,32.709355583257754],[130.24548549969597,32.7079027222813],[130.24548788620808,32.707848706758014],[130.24537956403782,32.706891920497824],[130.2457657303147,32.70612968063641],[130.2459509574333,32.70592741618504],[130.24613960007997,32.705624559572584],[130.24603099413662,32.705227891000206],[130.2460210562154,32.70515471493394],[130.2460524658775,32.70484199952036],[130.24612428248096,32.70460935928812],[130.2463456118618,32.703816503676656],[130.24651218199546,32.703515240213264],[130.24691361871768,32.70305112999263],[130.24722923071383,32.70265784358753],[130.24795536489722,32.70173279199675],[130.24855876822934,32.7008102399346],[130.2485949804886,32.700545825732384],[130.2488832678692,32.69930406424427],[130.24904280072192,32.69899114560338],[130.24967437527044,32.698253323310716],[130.2504331453719,32.697803274980004],[130.25125829923158,32.69751155562421],[130.25150053866284,32.697276552288734],[130.25180843849472,32.69711238310213],[130.25222175715476,32.69693134135876],[130.25240614192836,32.69691219904049],[130.2524824733219,32.69686393926917],[130.25288247266562,32.69610674144073],[130.2529296720666,32.69588280617574],[130.25301886592362,32.695709132230824],[130.25319808268037,32.69546097780431],[130.25338644859588,32.69516133761441],[130.25360687468924,32.69499948654821],[130.25380553386188,32.694904518542884],[130.25399198297836,32.69475460022093],[130.25415310539984,32.69451557025397],[130.2544878151829,32.694113134995675],[130.25463341700896,32.69393101830327],[130.25469808725762,32.69362581251492],[130.2547449067712,32.69348663264556],[130.25492370203378,32.693070727435945],[130.25513296384648,32.69246346294497],[130.2553977451412,32.692247232549185],[130.255702218537,32.69205513806496],[130.25620177455087,32.69198808391737],[130.25675236295783,32.69177826320632],[130.2570263203124,32.69163320217877],[130.2571947497057,32.691501529423256],[130.25727503940234,32.69140987736917],[130.2573252469634,32.691297730037356],[130.2573386395692,32.691216345481195],[130.25734663574474,32.69104780811367],[130.25733124854318,32.6908729655184],[130.2577021479419,32.69045779763839],[130.25827783666625,32.68981752525397],[130.25855297301493,32.689438019087305],[130.258673517561,32.6893191399773],[130.25899380928374,32.689107989567084],[130.2591862093235,32.68887602056337],[130.259491679585,32.68848854341934],[130.2597651316401,32.687881233709035],[130.2599667027777,32.68761105624053],[130.26079903955434,32.688044482265326],[130.26115608509042,32.6880325960059],[130.26167726755,32.68766889129826],[130.2621888506872,32.6875293564124],[130.26305333786706,32.687567964459596],[130.26349898565448,32.687022027340845],[130.2637913521086,32.687105216036635],[130.26425295342878,32.68651592017251],[130.2640874797538,32.68611132762309],[130.26554916331165,32.684611567930745],[130.26578866241695,32.684180413965414],[130.2665427157463,32.683698354102326],[130.26730653048497,32.68358956066191],[130.26733626803673,32.68327695473339],[130.26818463165068,32.6828168182042],[130.26885737250217,32.68266746388608],[130.26902359174468,32.68239787766513],[130.26992790214038,32.682052507486276],[130.27108926690067,32.68106425331571],[130.2714189268268,32.680960847257914],[130.27208246440972,32.681255492714754],[130.2732647460811,32.68082342517369],[130.27317608154857,32.68030599844973],[130.2726928581128,32.68025965271415],[130.27256305966623,32.67986031183316],[130.2719310267109,32.67946955312221],[130.27162400710336,32.679035791553375],[130.27180257872448,32.67884824010235],[130.27154953418045,32.67843323952165],[130.27199636964684,32.678016654791385],[130.27166909609667,32.676881348699794],[130.27212208035152,32.6764346094842],[130.272516523709,32.676427393521124],[130.27295018034695,32.67598073598781],[130.27319774336598,32.67516527479505],[130.27384946372854,32.6746792629124],[130.27414258689595,32.673718986071705],[130.27418433846265,32.672907290128265],[130.27497978844022,32.67221554618974],[130.2749206593205,32.671761596684625],[130.27458579271408,32.67134330512755],[130.2745979278724,32.67041973618402],[130.27516137611826,32.6702697567444],[130.2753961247306,32.6695464911633],[130.27590939479126,32.66911237020923],[130.27619599590398,32.66828898969274],[130.27653041350732,32.66788238933021],[130.27735788956832,32.66756922482333],[130.27815652760182,32.667457126611744],[130.27819473365605,32.666817502871446],[130.27881718982678,32.66686803784099],[130.28163704610375,32.6662748038581],[130.28419025001966,32.66817931730397],[130.28563001703182,32.66933088006543],[130.2917081910778,32.671424300594985],[130.29544465745664,32.672954072701984],[130.29522468641687,32.673192221013466],[130.29514547186486,32.67326796516512],[130.29492602606783,32.673376934943256],[130.29455384870766,32.67343385599185],[130.29426049520782,32.6734933048772],[130.29395435368522,32.67371797578697],[130.29364404926315,32.67408516257305],[130.2936430332112,32.674395019310815],[130.2935715031422,32.67459633141751],[130.29344615166136,32.67460772633784],[130.29323023578743,32.674541138987195],[130.2924779133203,32.674120071351936],[130.29219259384408,32.67408956896834],[130.29185078123842,32.67441717918969],[130.29133807195143,32.675346792244],[130.29097965823397,32.67655512695472],[130.29075488260185,32.67743462797842],[130.29041499438054,32.67752828469553],[130.28975418585972,32.6771425567119],[130.28935414555482,32.676778929678534],[130.2889546345113,32.67601864852089],[130.28866435015976,32.67583060155804],[130.2881152871615,32.675837429377665],[130.28623646349425,32.67735111365483],[130.28544290453002,32.67782730135604],[130.2849800324602,32.678195420393024],[130.28417982440183,32.679170938055044],[130.28345608988866,32.679534725681364],[130.28292505142952,32.679622893917234],[130.28279390874027,32.679620258345636],[130.28244073639715,32.67970048411574],[130.28165509508037,32.67970878821294],[130.28126684642163,32.68024005771378],[130.28159795280393,32.68097708582546],[130.28138527972928,32.6814191619528],[130.2810638650251,32.68132960626997],[130.28069736440668,32.68113186731325],[130.2804434777114,32.68098087661855],[130.2801277707401,32.681098097925954],[130.27957932649306,32.68164057121026],[130.2788232096637,32.68181815096045],[130.2778238589521,32.68258649893843],[130.27743859259218,32.68325459356327],[130.2776708837119,32.68439699802353],[130.2776378133376,32.684744501570194],[130.27716960994545,32.684838950214726],[130.27651547915767,32.68475144061177],[130.27626282278726,32.6852072828751],[130.27640369539932,32.6857386846756],[130.2752637315249,32.686040674306035],[130.274739438402,32.686472015229086],[130.27497182317757,32.687056188055884],[130.27550389924056,32.68739192635091],[130.27506904935262,32.68809977264175],[130.27500015347985,32.6884765214478],[130.27517255092488,32.68894333711242],[130.2756115415462,32.689177914846795],[130.27574305356765,32.68955004568039],[130.27535211303874,32.68994079430177],[130.27496868828666,32.6899379097734],[130.274146418306,32.68942768390643],[130.27298842332814,32.68949920318739],[130.27289953391943,32.69068134980397],[130.27186373197787,32.69110973209544],[130.27113062320964,32.691182012009335],[130.27020825222684,32.69114022296745],[130.26988595780892,32.69142697022561],[130.27005083701255,32.69241931137588],[130.2695874322703,32.692612022803004],[130.26844189281496,32.69227322025482],[130.26795787754813,32.69209191179498],[130.2676057986278,32.69201388919448],[130.26742630635601,32.6921268663536],[130.26733566950594,32.692332614761355],[130.26699618799736,32.69246175056213],[130.2666585272269,32.692355315679606],[130.26584561560455,32.69199075087828],[130.26563547538746,32.6917920149835],[130.2654622769983,32.69170489945206],[130.26514237275939,32.69179502078901],[130.26501407857714,32.691795802514214],[130.2645882286848,32.69169328083166],[130.26409524176708,32.6917098440243],[130.26319968813172,32.692030533961095],[130.2629421124487,32.6928288540407],[130.26270746560323,32.69305065733966],[130.26215271301805,32.693202047919726],[130.2616384100071,32.69341772646678],[130.26130924951954,32.69367501031275],[130.26120056312055,32.694063338387984],[130.26120536559333,32.69415820979567],[130.2612542449638,32.69437159864551],[130.2615150665932,32.69486882559531],[130.26168563766117,32.69473392903158],[130.26175162429007,32.69463570432098],[130.2620547832582,32.69448510289635],[130.26225713262727,32.69438425351698],[130.26243548339633,32.6943025719546],[130.26256230855077,32.69430465496717],[130.26259593473074,32.69447751951757],[130.26253152862756,32.6946638714165],[130.26247623158685,32.69472567826893],[130.26240794804326,32.69484769467704],[130.26244033382298,32.695080626764785],[130.26251603968674,32.69522463075097],[130.26257183467413,32.69542775924495],[130.26267242531833,32.69551972298188],[130.26284268963047,32.69565314682693],[130.2629922604565,32.695733751562315],[130.26334121602272,32.69600195760975],[130.2633969192307,32.696380618641804],[130.26337235890995,32.696480917071355],[130.26334281336986,32.696582619637596],[130.26338633868664,32.69673396916097],[130.26325733537593,32.69687777204581],[130.26322249887343,32.696955235242946],[130.26319617511592,32.69704405945937],[130.263156231208,32.69711866512754],[130.26312755543674,32.697529332074055],[130.2629873299866,32.69754878398171],[130.2629317523239,32.69757772557368],[130.26289428927308,32.697748166954284],[130.26296672263803,32.69810527410186],[130.26307540231502,32.69856086616298],[130.26314443841875,32.69872350810549],[130.26315605995794,32.69889506072275],[130.2631464774858,32.69896377511076],[130.26318627183028,32.69906794404112],[130.26329083558,32.6992246296474],[130.26335490865898,32.699607571908736],[130.26300742557203,32.69991717569875],[130.26268608784335,32.69992057219325],[130.26262698194873,32.69993664223313],[130.26261677811996,32.69999102322583],[130.26267167649328,32.70001932870495],[130.2627740329001,32.70002381460589],[130.26301690463637,32.70023891061558],[130.26304644862088,32.70033313704765],[130.26327836875572,32.70055340638247],[130.26329096463473,32.70064343874212],[130.26318026458836,32.70074566930803],[130.26306273293096,32.70084794185144],[130.26306207818723,32.70071172617459],[130.2630322801156,32.70065646051361],[130.2629098847685,32.70057854348577],[130.26282810488266,32.700514682522325],[130.26273825085605,32.70045175012225],[130.26272368177803,32.70056107548837],[130.26275247126713,32.70077257611228],[130.26281941275224,32.70108110422381],[130.26296734795147,32.701370575769054],[130.26320728453544,32.70154359266194],[130.26328089566437,32.70164611164175],[130.263461079178,32.70194539077701],[130.26351124886963,32.70208380689689],[130.2635488687756,32.70212792856745],[130.26355078965668,32.702157964384526],[130.26352791665647,32.70225106576614],[130.2635947799903,32.702353626146206],[130.2637130630062,32.70253597777152],[130.26382039382145,32.70262543311927],[130.2639601543009,32.70275615404701],[130.26399944240913,32.70280026432647],[130.26437594692766,32.703315728179845],[130.2647073517379,32.70349533569111],[130.26478623196206,32.70351169319956],[130.26491410000025,32.70353698194226],[130.26510125021977,32.70406648579243],[130.26431380116895,32.70516100013357],[130.26436666404032,32.705753355467024],[130.26416924595466,32.70688874685306],[130.2644276337658,32.707299353298254],[130.2643360760724,32.70778213717079],[130.2645055409464,32.70822023266965],[130.26387983555168,32.70808396520657],[130.2635086918441,32.7082801948908],[130.2629939250439,32.70882481901965],[130.2622089476778,32.708694883052644],[130.26174330040445,32.70826127625598],[130.26195399271725,32.7079313215423],[130.26164737944544,32.70784698407433],[130.26110631019654,32.70829746000965],[130.26059829450998,32.708893233126894],[130.26124037656191,32.70939918484057],[130.26142819395247,32.71113047727239],[130.2617162382452,32.71136277195742],[130.2610448835304,32.71188056432641],[130.26047020142005,32.71185794335203],[130.26068780055783,32.712274712607744],[130.26110341971477,32.712506061870116],[130.26174030416473,32.7124537099724],[130.26208752732103,32.71281529762785],[130.26212177870647,32.71347514547022],[130.26200026010267,32.71418173448915],[130.26226150357815,32.71489920758997],[130.26272317517817,32.71540047312858],[130.26282687037016,32.7158362448251],[130.26272988763836,32.71641875791392],[130.26319677634376,32.7173669225473],[130.26323656455037,32.717921654186355],[130.26298548431112,32.71837579011239],[130.26385325900625,32.71886351076289],[130.26421412181003,32.71933545496605],[130.26424981378747,32.71977975767261],[130.26382731115862,32.72031308004029],[130.26330826678796,32.72036204187631],[130.2635998690922,32.721303204484535],[130.26387584803888,32.721719438202605],[130.26439035294442,32.72169440580888],[130.26549354020426,32.721380538287164],[130.26580675877017,32.72148101119439],[130.26569318441486,32.7223734658533],[130.26523351974564,32.7230255475233],[130.26541403634567,32.72326960869621],[130.2651967114218,32.72386088605653],[130.26456902164267,32.72393598209273],[130.26427993333093,32.72403761457765],[130.26279837968215,32.724584046132556],[130.262324603895,32.724686778879594]]]},"properties":{"KEY_CODE":"422140250","PREF":"42","CITY":"214","CITY_NAME":"南島原市","S_NAME":"西有家町","SETAI":"257"}},{"type":"Feature","geometry":{"type":"Polygon","coordinates":[[[130.26956312954758,32.72367092281795],[130.26857182938403,32.72386429399172],[130.26710876230402,32.7238097070652],[130.2651967114218,32.72386088605653],[130.26541403634567,32.72326960869621],[130.26523351974564,32.7230255475233],[130.26569318441486,32.7223734658533],[130.26580675877017,32.72148101119439],[130.26549354020426,32.721380538287164],[130.26439035294442,32.72169440580888],[130.26387584803888,32.721719438202605],[130.2635998690922,32.721303204484535],[130.26330826678796,32.72036204187631],[130.26382731115862,32.72031308004029],[130.26424981378747,32.71977975767261],[130.26421412181003,32.71933545496605],[130.26385325900625,32.71886351076289],[130.26298548431112,32.71837579011239],[130.26323656455037,32.717921654186355],[130.26319677634376,32.7173669225473],[130.26272988763836,32.71641875791392],[130.26282687037016,32.7158362448251],[130.26272317517817,32.71540047312858],[130.26226150357815,32.71489920758997],[130.26200026010267,32.71418173448915],[130.26212177870647,32.71347514547022],[130.26208752732103,32.71281529762785],[130.26174030416473,32.7124537099724],[130.26110341971477,32.712506061870116],[130.26068780055783,32.712274712607744],[130.26047020142005,32.71185794335203],[130.2610448835304,32.71188056432641],[130.2617162382452,32.71136277195742],[130.26142819395247,32.71113047727239],[130.26124037656191,32.70939918484057],[130.26059829450998,32.708893233126894],[130.26110631019654,32.70829746000965],[130.26164737944544,32.70784698407433],[130.26195399271725,32.7079313215423],[130.26174330040445,32.70826127625598],[130.2622089476778,32.708694883052644],[130.2629939250439,32.70882481901965],[130.2635086918441,32.7082801948908],[130.26387983555168,32.70808396520657],[130.2645055409464,32.70822023266965],[130.2643360760724,32.70778213717079],[130.2644276337658,32.707299353298254],[130.26416924595466,32.70688874685306],[130.26436666404032,32.705753355467024],[130.26431380116895,32.70516100013357],[130.26510125021977,32.70406648579243],[130.26491410000025,32.70353698194226],[130.26478623196206,32.70351169319956],[130.2647073517379,32.70349533569111],[130.26437594692766,32.703315728179845],[130.26399944240913,32.70280026432647],[130.2639601543009,32.70275615404701],[130.26382039382145,32.70262543311927],[130.2637130630062,32.70253597777152],[130.2635947799903,32.702353626146206],[130.26352791665647,32.70225106576614],[130.26355078965668,32.702157964384526],[130.2635488687756,32.70212792856745],[130.26351124886963,32.70208380689689],[130.263461079178,32.70194539077701],[130.26328089566437,32.70164611164175],[130.26320728453544,32.70154359266194],[130.26296734795147,32.701370575769054],[130.26281941275224,32.70108110422381],[130.26275247126713,32.70077257611228],[130.26272368177803,32.70056107548837],[130.26273825085605,32.70045175012225],[130.26282810488266,32.700514682522325],[130.2629098847685,32.70057854348577],[130.2630322801156,32.70065646051361],[130.26306207818723,32.70071172617459],[130.26306273293096,32.70084794185144],[130.26318026458836,32.70074566930803],[130.26329096463473,32.70064343874212],[130.26327836875572,32.70055340638247],[130.26304644862088,32.70033313704765],[130.26301690463637,32.70023891061558],[130.2627740329001,32.70002381460589],[130.26267167649328,32.70001932870495],[130.26261677811996,32.69999102322583],[130.26262698194873,32.69993664223313],[130.26268608784335,32.69992057219325],[130.26300742557203,32.69991717569875],[130.26335490865898,32.699607571908736],[130.26329083558,32.6992246296474],[130.26318627183028,32.69906794404112],[130.2631464774858,32.69896377511076],[130.26315605995794,32.69889506072275],[130.26314443841875,32.69872350810549],[130.26307540231502,32.69856086616298],[130.26296672263803,32.69810527410186],[130.26289428927308,32.697748166954284],[130.2629317523239,32.69757772557368],[130.2629873299866,32.69754878398171],[130.26312755543674,32.697529332074055],[130.263156231208,32.69711866512754],[130.26319617511592,32.69704405945937],[130.26322249887343,32.696955235242946],[130.26325733537593,32.69687777204581],[130.26338633868664,32.69673396916097],[130.26334281336986,32.696582619637596],[130.26337235890995,32.696480917071355],[130.2633969192307,32.696380618641804],[130.26334121602272,32.69600195760975],[130.2629922604565,32.695733751562315],[130.26284268963047,32.69565314682693],[130.26267242531833,32.69551972298188],[130.26257183467413,32.69542775924495],[130.26251603968674,32.69522463075097],[130.26244033382298,32.695080626764785],[130.26240794804326,32.69484769467704],[130.26247623158685,32.69472567826893],[130.26253152862756,32.6946638714165],[130.26259593473074,32.69447751951757],[130.26256230855077,32.69430465496717],[130.26243548339633,32.6943025719546],[130.26225713262727,32.69438425351698],[130.2620547832582,32.69448510289635],[130.26175162429007,32.69463570432098],[130.26168563766117,32.69473392903158],[130.2615150665932,32.69486882559531],[130.2612542449638,32.69437159864551],[130.26120536559333,32.69415820979567],[130.26120056312055,32.694063338387984],[130.26130924951954,32.69367501031277],[130.2616384100071,32.69341772646678],[130.26215271301805,32.693202047919726],[130.26270746560323,32.69305065733966],[130.2629421124487,32.6928288540407],[130.26319968813172,32.692030533961095],[130.26409524176708,32.6917098440243],[130.2645882286848,32.69169328083166],[130.26501407857714,32.691795802514214],[130.26514237275939,32.69179502078901],[130.2654622769983,32.69170489945206],[130.26563547538746,32.6917920149835],[130.26584561560455,32.69199075087828],[130.2666585272269,32.692355315679606],[130.26699618799736,32.69246175056213],[130.26733566950594,32.692332614761355],[130.26742630635601,32.6921268663536],[130.2676057986278,32.69201388919448],[130.26795787754813,32.69209191179498],[130.26844189281496,32.69227322025482],[130.2695874322703,32.692612022803004],[130.27005083701255,32.69241931137588],[130.26988595780892,32.69142697022561],[130.27020825222684,32.69114022296745],[130.27113062320964,32.691182012009335],[130.27186373197787,32.69110973209544],[130.27289953391943,32.69068134980397],[130.27298842332814,32.68949920318739],[130.274146418306,32.68942768390643],[130.27496868828666,32.6899379097734],[130.27535211303874,32.68994079430177],[130.27574305356765,32.68955004568039],[130.2756115415462,32.689177914846795],[130.27517255092488,32.68894333711242],[130.27500015347985,32.6884765214478],[130.27506904935262,32.68809977264175],[130.27550389924056,32.68739192635091],[130.27497182317757,32.687056188055884],[130.274739438402,32.686472015229086],[130.2752637315249,32.686040674306035],[130.27640369539932,32.6857386846756],[130.27626282278726,32.6852072828751],[130.27651547915767,32.68475144061177],[130.27716960994545,32.684838950214726],[130.2776378133376,32.684744501570194],[130.2776708837119,32.68439699802353],[130.27743859259218,32.68325459356327],[130.2778238589521,32.68258649893843],[130.2788232096637,32.68181815096045],[130.27957932649306,32.68164057121026],[130.2801277707401,32.681098097925954],[130.2804434777114,32.68098087661855],[130.28069736440668,32.68113186731325],[130.2810638650251,32.68132960626997],[130.28138527972928,32.6814191619528],[130.28159795280393,32.68097708582546],[130.28126684642163,32.68024005771378],[130.28165509508037,32.67970878821294],[130.28244073639715,32.67970048411574],[130.28279390874027,32.679620258345636],[130.28292505142952,32.679622893917234],[130.28345608988863,32.6795347256814],[130.28417982440183,32.679170938055044],[130.2849800324602,32.678195420393024],[130.28544290453002,32.67782730135604],[130.28623646349425,32.67735111365483],[130.2881152871615,32.675837429377665],[130.28866435015976,32.67583060155804],[130.2889546345113,32.6760186485209],[130.28935414555482,32.676778929678534],[130.28975418585972,32.6771425567119],[130.29041499438054,32.67752828469553],[130.29075488260185,32.67743462797842],[130.29097965823397,32.67655512695472],[130.29133807195143,32.675346792244],[130.29185078123842,32.67441717918969],[130.29219259384408,32.67408956896834],[130.2924779133203,32.674120071351936],[130.29323023578743,32.674541138987195],[130.29344615166136,32.67460772633784],[130.2935715031422,32.67459633141751],[130.2936430332112,32.674395019310815],[130.29364404926315,32.67408516257305],[130.29395435368522,32.67371797578697],[130.29426049520782,32.6734933048772],[130.29455384870766,32.67343385599185],[130.29492602606783,32.673376934943256],[130.29514547186486,32.67326796516512],[130.29522468641687,32.673192221013466],[130.29544465745664,32.672954072701984],[130.29614082991736,32.672366068901795],[130.29661776391106,32.67139316114977],[130.2975960133295,32.67139452892389],[130.29813569048466,32.67102742361006],[130.2982885399526,32.67072674685672],[130.298294168205,32.670750876266496],[130.29848151880645,32.67097812632589],[130.298743931264,32.67133808993105],[130.29878669633052,32.67152014820813],[130.2987595535935,32.67173749061132],[130.29872150412135,32.6718145616773],[130.29866802613776,32.67206793193365],[130.298670388695,32.672090039521095],[130.29867601172342,32.672423348402056],[130.29875258586708,32.6725949770025],[130.2987642560104,32.672642704717575],[130.29878511688887,32.672712566459126],[130.29882284525962,32.67273074910979],[130.29905203853008,32.67316672989924],[130.29902711919303,32.673315472157455],[130.29892660677393,32.673637727884895],[130.29888862039266,32.673721984755346],[130.29862061486168,32.67425370297715],[130.29848252004462,32.674959740045004],[130.29833536657046,32.675236427630686],[130.29813830107412,32.67531454422217],[130.29762110040335,32.67581452192713],[130.2976212890224,32.67585460817159],[130.29625807210957,32.67589327035171],[130.2960087954909,32.67617158761824],[130.29566894142323,32.67701244241873],[130.2950204577492,32.67729839386687],[130.2945826419036,32.67765036154633],[130.2949138400294,32.678158200945965],[130.29491617096585,32.67898836805895],[130.29441237551734,32.67951097126306],[130.29300626466613,32.68026739934387],[130.2925139187502,32.68080619523998],[130.29239455453026,32.68136634573808],[130.2921795645006,32.68153041302726],[130.29136115813967,32.6814643785793],[130.29127541305775,32.68174630799521],[130.29152469598955,32.682280391973315],[130.29158113430864,32.68323270092847],[130.29128316278403,32.68399402658746],[130.29141755886423,32.684688163130296],[130.29126293050456,32.68507666312046],[130.2906957062068,32.68512849551925],[130.2899404666221,32.68494531322428],[130.2895275329534,32.68505411754997],[130.28910630854108,32.68536756675578],[130.28824664016875,32.685627228452525],[130.2881039244716,32.685807813998274],[130.28833546602633,32.686162360262685],[130.28814255019537,32.68655683878713],[130.28763589498982,32.68684816988187],[130.287214819199,32.6868372468833],[130.28697283277276,32.6868510923696],[130.2864756912947,32.686630516568364],[130.28635432332203,32.686422630144335],[130.2861914313928,32.686143705170046],[130.28606931601442,32.686040938290276],[130.28587607622282,32.685950594340675],[130.28565132185028,32.68591473057965],[130.28536428715577,32.68610297831452],[130.285390253045,32.68631977557457],[130.28532952988186,32.68671342309336],[130.28539685492876,32.68707576751328],[130.2852934418774,32.68717814819019],[130.28492672646357,32.68741776166012],[130.28479126826932,32.6875135088913],[130.28463108540018,32.68753487006908],[130.2844053932994,32.68746733969224],[130.28376532968895,32.68762953595139],[130.28344950651814,32.68757274808103],[130.2828641838733,32.68787927315035],[130.28257620280988,32.687957896478835],[130.2824071848553,32.68818947193946],[130.28237245568104,32.68830519629922],[130.2822179419364,32.688556830233],[130.28163347721318,32.688953736201334],[130.28156690779244,32.68929768072792],[130.28163225622205,32.68948309429797],[130.28151195573344,32.68973197858229],[130.28051859369754,32.68983308701137],[130.28025260066488,32.68997937807742],[130.28016383385557,32.69022404924789],[130.27973720516485,32.690954477704544],[130.27953088760808,32.691199840896644],[130.27879420948435,32.691321922004136],[130.2784376761802,32.691500438773055],[130.27824715291948,32.691723122667696],[130.27813524362193,32.69201894428742],[130.2783961070405,32.69226011041881],[130.27844571016988,32.692427058397776],[130.27823588771363,32.6928939462384],[130.27854266273292,32.693183054282734],[130.2783796326564,32.69344456314332],[130.27804994368813,32.69364549282685],[130.2777199797195,32.693814789294926],[130.27768554093703,32.694773304253005],[130.27788155670322,32.694808374860436],[130.27814831499532,32.695123023239205],[130.27848307514753,32.69642883615882],[130.27859680410046,32.697110852527416],[130.2786447442057,32.6973067663703],[130.27888404808294,32.698104851638895],[130.2788812711704,32.69974377364071],[130.27866259811984,32.70001827201169],[130.27868570598358,32.700722549398336],[130.27842830154137,32.70090281077972],[130.27920785416234,32.70202353370133],[130.2801538644044,32.70322459195446],[130.28035837668472,32.70338152367193],[130.28042951498213,32.70357095196785],[130.28045226339583,32.70372450370028],[130.2806726229613,32.703854212479946],[130.28076485660867,32.70401624564005],[130.28060800152096,32.70441513569655],[130.28059827437173,32.704532709918084],[130.28065906172588,32.70461434056387],[130.28066053665694,32.70462105908287],[130.28076617877238,32.704782162529085],[130.28060859397334,32.705106728914366],[130.28038887028328,32.70565506859363],[130.28041577578622,32.7062967775083],[130.28033228704786,32.706527834367954],[130.28032499264978,32.7069256718562],[130.28026785389082,32.70730273604869],[130.28011626219322,32.70739693758618],[130.27974738290987,32.708023732836594],[130.27984863872868,32.70861045092922],[130.28040503721,32.70961729072858],[130.2809464840738,32.710225672077854],[130.28175676173953,32.71109131399387],[130.28216790339468,32.711356409787],[130.28260733105043,32.71185466628486],[130.28341858334113,32.713612988872775],[130.2829607500627,32.71386343954763],[130.28034003392895,32.71633597560537],[130.27899559369698,32.717449224841914],[130.2778853128759,32.71845765918366],[130.27740194675565,32.719104515610326],[130.27654439141165,32.7199762664485],[130.2761047674768,32.71994804443244],[130.27575862900528,32.72051546392623],[130.2754489976423,32.7214501032888],[130.27474609445625,32.721355507423915],[130.27292420756496,32.72139496565792],[130.27192537255843,32.721881623380256],[130.2716860543519,32.722196624968376],[130.27096024999153,32.723160200920965],[130.2708283885863,32.72335284411957],[130.27028804526128,32.72337873082176],[130.26992193983463,32.723488178273136],[130.26956312954758,32.72367092281795]]]},"properties":{"KEY_CODE":"422140260","PREF":"42","CITY":"214","CITY_NAME":"南島原市","S_NAME":"西有家町","SETAI":"151"}},{"type":"Feature","geometry":{"type":"Polygon","coordinates":[[[130.29779921479124,32.700046479259726],[130.29779723559193,32.70072376773718],[130.29740534433472,32.70123760822319],[130.297493536441,32.701700989641296],[130.29820450388556,32.70193013313453],[130.29847186811182,32.70227386738183],[130.29852140438084,32.70333687949779],[130.29877893698236,32.703474105034346],[130.2990934025855,32.7047359443991],[130.29880235887816,32.70500943525961],[130.29819832271204,32.70487913742031],[130.29788323708277,32.7051293175771],[130.29754102562043,32.705899476731425],[130.29751583932946,32.7066374328542],[130.29670940120664,32.706941010169125],[130.2964079288504,32.70729027117644],[130.29551889343173,32.70716089391886],[130.2946395590566,32.70692201593262],[130.29438686394957,32.70703083966319],[130.29373110710856,32.70806343650797],[130.29328887288943,32.708214963865316],[130.29212035169414,32.70890838544733],[130.2909198696943,32.70905053745192],[130.29027381854814,32.70931857459085],[130.2898064236758,32.70962357021377],[130.2890483708571,32.709778590502296],[130.28775358294914,32.71034389388339],[130.28653465299692,32.71073305307377],[130.28630375558237,32.711211457734585],[130.28595048520305,32.71166675868849],[130.28562509686526,32.712090088747196],[130.28457961394474,32.712963059613806],[130.28341858334113,32.713612988872775],[130.28260733105043,32.71185466628486],[130.28216790339468,32.711356409787],[130.28175676173953,32.71109131399387],[130.2809464840738,32.710225672077854],[130.28040503721,32.70961729072858],[130.27984863872868,32.70861045092922],[130.27974738290987,32.708023732836594],[130.28011626219322,32.70739693758618],[130.28026785389082,32.70730273604869],[130.28032499264978,32.7069256718562],[130.28033228704786,32.706527834367954],[130.28041577578622,32.7062967775083],[130.28038887028328,32.70565506859363],[130.28060859397334,32.705106728914366],[130.28076617877238,32.704782162529085],[130.28066053665694,32.70462105908287],[130.28065906172588,32.70461434056387],[130.28059827437173,32.704532709918084],[130.28060800152096,32.70441513569655],[130.28076485660867,32.70401624564005],[130.2806726229613,32.703854212479946],[130.28045226339583,32.70372450370028],[130.28042951498213,32.70357095196785],[130.28035837668472,32.70338152367193],[130.2801538644044,32.70322459195446],[130.27920785416234,32.70202353370133],[130.27842830154137,32.70090281077972],[130.27868570598358,32.700722549398336],[130.27866259811984,32.70001827201169],[130.2788812711704,32.69974377364071],[130.27888404808294,32.698104851638895],[130.2786447442057,32.6973067663703],[130.27859680410046,32.697110852527416],[130.27848307514753,32.69642883615882],[130.27814831499532,32.695123023239205],[130.27788155670322,32.694808374860436],[130.27768554093703,32.694773304253005],[130.2777199797195,32.693814789294926],[130.27804994368813,32.69364549282685],[130.2783796326564,32.69344456314332],[130.27854266273292,32.693183054282734],[130.27823588771363,32.6928939462384],[130.27844571016988,32.692427058397776],[130.2783961070405,32.69226011041881],[130.27813524362193,32.69201894428742],[130.27824715291948,32.691723122667696],[130.2784376761802,32.691500438773055],[130.27879420948435,32.691321922004136],[130.27953088760808,32.691199840896644],[130.27973720516485,32.690954477704544],[130.28016383385557,32.69022404924789],[130.28025260066488,32.68997937807742],[130.28051859369754,32.68983308701137],[130.28151195573344,32.68973197858229],[130.28163225622205,32.68948309429797],[130.28156690779244,32.68929768072792],[130.28163347721318,32.688953736201334],[130.2822179419364,32.688556830233],[130.28237245568104,32.68830519629922],[130.2824071848553,32.68818947193946],[130.28257620280988,32.687957896478835],[130.2828641838733,32.68787927315035],[130.28344950651814,32.68757274808103],[130.28376532968895,32.68762953595139],[130.2844053932994,32.68746733969224],[130.28463108540018,32.68753487006908],[130.28479126826932,32.6875135088913],[130.28492672646357,32.68741776166012],[130.2852934418774,32.68717814819019],[130.28539685492876,32.68707576751328],[130.28532952988186,32.68671342309336],[130.285390253045,32.68631977557457],[130.28536428715577,32.68610297831452],[130.28565132185028,32.68591473057965],[130.28587607622282,32.685950594340675],[130.28606931601442,32.686040938290276],[130.2861914313928,32.686143705170046],[130.28635432332203,32.686422630144335],[130.2864756912947,32.686630516568364],[130.28697283277276,32.6868510923696],[130.287214819199,32.6868372468833],[130.28763589498982,32.68684816988187],[130.28814255019532,32.68655683878713],[130.28833546602633,32.686162360262685],[130.2881039244716,32.685807813998274],[130.28824664016875,32.685627228452525],[130.28910630854108,32.68536756675578],[130.2895275329534,32.68505411754997],[130.2899404666221,32.68494531322428],[130.2906957062068,32.68512849551925],[130.29126293050456,32.68507666312046],[130.29141755886423,32.684688163130296],[130.29128316278403,32.68399402658746],[130.29158113430864,32.68323270092847],[130.29152469598955,32.682280391973315],[130.29127541305775,32.68174630799521],[130.29136115813967,32.6814643785793],[130.2921795645006,32.68153041302726],[130.29239455453026,32.68136634573808],[130.2925139187502,32.68080619523998],[130.29300626466613,32.68026739934387],[130.29441237551734,32.67951097126306],[130.29491617096585,32.67898836805895],[130.2949138400294,32.678158200945965],[130.2945826419036,32.67765036154633],[130.2950204577492,32.67729839386687],[130.29566894142323,32.67701244241873],[130.2960087954909,32.67617158761824],[130.29625807210957,32.67589327035171],[130.2976212890224,32.67585460817159],[130.2976179778143,32.67600744110247],[130.29773607359527,32.676230165529326],[130.29794717795752,32.6765606899695],[130.2979370089323,32.67721772294783],[130.29800202615905,32.67732566581378],[130.29844485795283,32.67759715439235],[130.29879246083445,32.67796066012699],[130.29890695864393,32.67822747398178],[130.29881037753853,32.678627663281404],[130.2986761598543,32.67884188389952],[130.29845970016422,32.67926992565446],[130.29822135485273,32.67948480956142],[130.29810009054154,32.67980727040114],[130.29799526934437,32.680180457867806],[130.2977688760719,32.68038166688775],[130.29766210227334,32.68053473607154],[130.29763120212752,32.68066703237127],[130.29826565192755,32.68086276604133],[130.2988726935676,32.681133210903745],[130.2995014444121,32.68159652058899],[130.29951573220728,32.681704399388586],[130.29914432631017,32.681964553041425],[130.29907278105637,32.682022568923934],[130.29866389308899,32.682424747218896],[130.298512943332,32.68248143650046],[130.29811518763185,32.68286170170447],[130.29756822303872,32.68294140943124],[130.2972873557447,32.68343590639031],[130.29746531538908,32.683634545769074],[130.2976055835336,32.68365059914538],[130.29813015400498,32.68364726361437],[130.29883307471218,32.683886592765134],[130.29901474003458,32.68450179359055],[130.29893024160538,32.684912086553624],[130.29919752493223,32.685252398194336],[130.2994610755391,32.68561305871596],[130.29921607208524,32.68598034201638],[130.29890276932494,32.68633115054974],[130.2989317479695,32.68643255867672],[130.2990854864024,32.68661391181816],[130.2993111081274,32.68676539373964],[130.2995710056408,32.687173496121495],[130.29965818880993,32.68751495783391],[130.29962131051394,32.687874153921406],[130.29951444130532,32.68801708166718],[130.2990491894782,32.68837900773788],[130.29847469058242,32.68862647045749],[130.29769437322125,32.68914278849928],[130.2972021165809,32.689176419385866],[130.2970789714212,32.68973931477668],[130.29692696687545,32.69021439693166],[130.2968922077055,32.690353446327386],[130.29709128687293,32.69112770217504],[130.29727257055387,32.6912484374099],[130.2978687359037,32.69118709077418],[130.2980377922395,32.691290991259336],[130.2980402580569,32.691568668126465],[130.29797112897472,32.69171205840676],[130.2976493070579,32.69210026125712],[130.29753487642364,32.69237787044306],[130.2975174659009,32.69266920109685],[130.29754819402635,32.692977171418],[130.29816409608344,32.69333559799537],[130.29867810505988,32.69348809846006],[130.29912977360712,32.693844182812455],[130.29919931656872,32.69400969322761],[130.2991308332759,32.694413089067794],[130.2990356525459,32.69452208890805],[130.2987365976049,32.694669585574545],[130.29878244686816,32.69486910059982],[130.29886391937083,32.695017591653155],[130.29893289920818,32.695569124038975],[130.2988799917574,32.69592504312411],[130.29848818698414,32.69600542522316],[130.2980606294036,32.69611312378345],[130.29797872935745,32.696357486163514],[130.29812545642565,32.69664777529046],[130.2982622872417,32.69672479096665],[130.2985975484981,32.69704100420648],[130.29865482519784,32.69717608700292],[130.29838634920236,32.6976146472355],[130.298058239198,32.69764382515662],[130.29787711043616,32.69760777782714],[130.29758471936262,32.6977372285235],[130.29763500583212,32.698248546930564],[130.2978059614756,32.698546221547076],[130.29803831153316,32.69921701646731],[130.29821403511815,32.699403799811584],[130.2981440723206,32.69964128740955],[130.29794932358598,32.69983574711285],[130.29779921479124,32.700046479259726]]]},"properties":{"KEY_CODE":"422140270","PREF":"42","CITY":"214","CITY_NAME":"南島原市","S_NAME":"西有家町","SETAI":"177"}},{"type":"Feature","properties":{"KEY_CODE":"42214028026","PREF":"42","CITY":"214","CITY_NAME":"南島原市","S_NAME":"有家町尾上名","SETAI":"348"},"geometry":{"type":"Polygon","coordinates":[[[130.27037408167757,32.728870862619],[130.27050089507156,32.72843879521557],[130.2709316606117,32.72804302824819],[130.27103982633363,32.72763308902048],[130.27123951333394,32.72721439704875],[130.27128603067476,32.72676899204003],[130.27148098164494,32.725838295418335],[130.27144689360634,32.72543088593471],[130.27148822010736,32.72479873538467],[130.27168534808766,32.72444209376796],[130.27173779861405,32.72432893610928],[130.27181444529808,32.72392788983913],[130.27186043633762,32.72384860854644],[130.27201765765724,32.72350348328314],[130.2719514110798,32.72278737856729],[130.2716860543519,32.722196624968376],[130.27192537255843,32.721881623380256],[130.27292420756496,32.72139496565792],[130.27474609445625,32.721355507423915],[130.2754489976423,32.7214501032888],[130.27575862900528,32.72051546392623],[130.2761047674768,32.71994804443244],[130.27654439141165,32.7199762664485],[130.27740194675565,32.719104515610326],[130.2778853128759,32.71845765918366],[130.27899559369698,32.717449224841914],[130.28034003392895,32.71633597560537],[130.2829607500627,32.71386343954763],[130.28341858334113,32.713612988872775],[130.28457961394474,32.712963059613806],[130.28562509686526,32.712090088747196],[130.28595048520305,32.71166675868849],[130.28630375558237,32.711211457734585],[130.28653465299692,32.71073305307377],[130.28775358294914,32.71034389388339],[130.2890483708571,32.709778590502296],[130.2898064236758,32.70962357021377],[130.29027381854814,32.70931857459085],[130.2909198696943,32.70905053745192],[130.29212035169414,32.70890838544733],[130.29328887288943,32.708214963865316],[130.29373110710856,32.70806343650797],[130.29438686394957,32.70703083966319],[130.2946395590566,32.70692201593262],[130.29551889343173,32.70716089391886],[130.2964079288504,32.70729027117644],[130.29670940120664,32.706941010169125],[130.29751583932946,32.7066374328542],[130.29754102562043,32.705899476731425],[130.29788323708277,32.7051293175771],[130.29819832271204,32.70487913742031],[130.29880235887816,32.70500943525961],[130.2990934025855,32.7047359443991],[130.29877893698236,32.703474105034346],[130.29852140438084,32.70333687949779],[130.29847186811182,32.70227386738183],[130.29820450388556,32.70193013313453],[130.297493536441,32.701700989641296],[130.29740534433472,32.70123760822319],[130.29779723559193,32.70072376773718],[130.29779921479124,32.700046479259726],[130.29794932358598,32.69983574711285],[130.2981440723206,32.69964128740955],[130.29821403511815,32.699403799811584],[130.29803831153316,32.69921701646731],[130.2978059614756,32.698546221547076],[130.29763500583212,32.698248546930564],[130.29758471936262,32.6977372285235],[130.29787711043616,32.69760777782714],[130.298058239198,32.69764382515662],[130.29838634920236,32.6976146472355],[130.29865482519784,32.69717608700292],[130.2985975484981,32.69704100420648],[130.2982622872417,32.69672479096665],[130.29812545642565,32.69664777529046],[130.29797872935745,32.696357486163514],[130.2980606294036,32.69611312378345],[130.29848818698414,32.69600542522316],[130.2988799917574,32.69592504312411],[130.29893289920818,32.695569124038975],[130.29886391937083,32.695017591653155],[130.29878244686816,32.69486910059982],[130.2987365976049,32.694669585574545],[130.2990356525459,32.69452208890805],[130.2991308332759,32.694413089067794],[130.29919931656872,32.69400969322761],[130.29912977360712,32.693844182812455],[130.29867810505988,32.69348809846006],[130.29816409608344,32.69333559799537],[130.29754819402635,32.692977171418],[130.2975174659009,32.69266920109685],[130.29753487642364,32.69237787044306],[130.2976493070579,32.69210026125712],[130.29797112897472,32.69171205840676],[130.2980402580569,32.691568668126465],[130.2980377922395,32.691290991259336],[130.2978687359037,32.69118709077418],[130.29727257055387,32.6912484374099],[130.29709128687293,32.69112770217504],[130.2968922077055,32.690353446327386],[130.29692696687545,32.69021439693166],[130.2970789714212,32.68973931477668],[130.2972021165809,32.689176419385866],[130.29769437322125,32.68914278849925],[130.29847469058242,32.688626470457486],[130.2990491894782,32.68837900773788],[130.29951444130532,32.68801708166718],[130.29962131051394,32.687874153921406],[130.29965818880993,32.68751495783391],[130.2995710056408,32.687173496121495],[130.2993111081274,32.68676539373964],[130.2990854864024,32.68661391181816],[130.2989317479695,32.68643255867672],[130.29890276932494,32.68633115054974],[130.29921607208524,32.68598034201638],[130.2994610755391,32.68561305871596],[130.29919752493223,32.685252398194336],[130.29893024160538,32.684912086553624],[130.29901474003458,32.68450179359055],[130.29883307471218,32.683886592765134],[130.29813015400498,32.68364726361437],[130.2976055835336,32.68365059914538],[130.29746531538908,32.683634545769074],[130.2972873557447,32.68343590639031],[130.29756822303872,32.68294140943124],[130.29811518763185,32.68286170170447],[130.298512943332,32.68248143650046],[130.29866389308899,32.682424747218896],[130.29907278105637,32.682022568923934],[130.29914432631017,32.681964553041425],[130.29951573220728,32.681704399388586],[130.2995014444121,32.68159652058899],[130.2988726935676,32.681133210903745],[130.29826565192755,32.68086276604133],[130.29763120212752,32.68066703237127],[130.29766210227334,32.68053473607154],[130.2977688760719,32.68038166688775],[130.29799526934437,32.680180457867806],[130.29810009054154,32.67980727040114],[130.29822135485273,32.67948480956142],[130.29845970016422,32.67926992565446],[130.2986761598543,32.67884188389952],[130.29881037753853,32.678627663281404],[130.29890695864393,32.67822747398178],[130.29879246083445,32.67796066012699],[130.29844485795283,32.67759715439235],[130.29800202615905,32.67732566581378],[130.2979370089323,32.67721772294783],[130.29794717795752,32.6765606899695],[130.29773607359527,32.676230165529326],[130.2976179778143,32.67600744110247],[130.2976212890224,32.67585460817159],[130.29762110040335,32.67581452192713],[130.29813830107412,32.67531454422217],[130.29833536657046,32.675236427630686],[130.2991459529248,32.67503766448682],[130.29978745541416,32.67509413203336],[130.3008010915188,32.674966524946996],[130.30237786593176,32.674982167709736],[130.3025399575216,32.67490592395693],[130.30248334925537,32.67423765856562],[130.30279614998827,32.67431333110966],[130.3034933305001,32.67450448007777],[130.30353249366533,32.674515220980226],[130.3041861267605,32.67418653013738],[130.30600829497976,32.67501135435465],[130.30720282461317,32.675632461441346],[130.30911263303912,32.67629364901061],[130.31060564351338,32.67694805434963],[130.31120450727335,32.67721570250274],[130.31194483919762,32.677807706443964],[130.3124102233289,32.67827375792729],[130.31249697965478,32.67836062610347],[130.31307851001822,32.68010204907439],[130.31318525253673,32.68086133517429],[130.3134177861297,32.68103948193406],[130.31335711602088,32.68147009827573],[130.3136029149147,32.68185292968371],[130.31306010638434,32.68400379229188],[130.31310561683028,32.684319971938606],[130.31309041014504,32.6856244748028],[130.31325217843138,32.686240031245646],[130.31382154743187,32.68729331404429],[130.31387704464922,32.6891096699362],[130.31383154821603,32.689836659040196],[130.31389561371813,32.692599854125255],[130.3137748570835,32.69364662605631],[130.3132103637902,32.694575166393584],[130.31309195984014,32.69499823249877],[130.3130373537671,32.6962019389233],[130.3126717493726,32.697557094899835],[130.31273884827635,32.69862946017292],[130.31226477446285,32.69961881679732],[130.3120418991841,32.70011826471297],[130.3117743239076,32.70062279214948],[130.31153406381398,32.70177218239612],[130.3111813903297,32.70281049023908],[130.3106673262692,32.70370266273773],[130.30967364125632,32.704680360067705],[130.30945297273732,32.705085273326475],[130.30918658228094,32.705548746635635],[130.30856327767418,32.70726969007389],[130.30819164030422,32.708706349415564],[130.30811552343934,32.709193146595446],[130.30779008650293,32.71019054471857],[130.30773808469982,32.710366204060655],[130.3074595725885,32.710911286086315],[130.3070195751456,32.7115414410745],[130.30667795909707,32.71223356003684],[130.3062706740383,32.71305616563763],[130.30579834299485,32.71432066940579],[130.30561740546634,32.714802098859664],[130.30537926650604,32.71510334571442],[130.30519473936607,32.715389416639944],[130.30493154804535,32.71575989945006],[130.30378132913586,32.71649525835458],[130.30353753238722,32.716854726609206],[130.30343382143488,32.71718587586305],[130.30348661119447,32.717292464400224],[130.30335966435877,32.717597624219415],[130.30333779680515,32.71769646572384],[130.30322408671714,32.71803715337235],[130.3031368162384,32.71842704064147],[130.30308752903315,32.71861919263373],[130.3029398202704,32.71896071370657],[130.30219174841426,32.719369841592616],[130.30203378779396,32.71953450682546],[130.30193853763208,32.719703596468555],[130.30159390167574,32.71990636695269],[130.30115014834593,32.72037772736575],[130.3007130567429,32.72074636167113],[130.30022917824343,32.7209804849637],[130.3001613569526,32.72103868553449],[130.2999772546631,32.72167526862675],[130.29976239086446,32.72227352818641],[130.29934992216175,32.72285381070411],[130.298311422233,32.72304653894145],[130.29680675286207,32.723755681798934],[130.29624365226053,32.72447809848565],[130.29573743194285,32.72476371009405],[130.29371959428323,32.72490477463654],[130.2932152614225,32.7252351737032],[130.29296523508734,32.72564294035004],[130.2918434182112,32.72633829867053],[130.29149060187655,32.72644206239214],[130.28893607102967,32.728161924129125],[130.28850402564734,32.72895345308297],[130.28812551294556,32.7293404615879],[130.28793680820073,32.72990016976373],[130.28664350970618,32.7308391540889],[130.28560500173418,32.731911921438495],[130.28414498281265,32.73287451451112],[130.28364235161845,32.733407972024246],[130.28325095767084,32.73444282949152],[130.28262919926928,32.7351011537321],[130.2818022610081,32.73441803974555],[130.281154587628,32.734399523476725],[130.28068394795187,32.73385257709749],[130.2805794243966,32.73385322926048],[130.2801017500524,32.73393393469153],[130.2795927815477,32.73408755975588],[130.2791073881154,32.73421093531518],[130.27840418861823,32.73386426110868],[130.27734082985162,32.733028383881035],[130.27653680258382,32.73199026628686],[130.27572503809748,32.73142359461234],[130.27563987629722,32.73137815089342],[130.27547850846727,32.73129196271107],[130.27506973275197,32.73111671754086],[130.27367957850623,32.73090465873501],[130.27295405477545,32.73070853227796],[130.27242848931357,32.73044296484125],[130.27174928798996,32.730106122323335],[130.27123100818307,32.729852762512984],[130.2706874452423,32.72943062329795],[130.27037408167757,32.728870862619]],[[130.29937877866453,32.69953458188929],[130.299674501709,32.69937378211993],[130.2999639179919,32.699158584544264],[130.299674501709,32.69937378211992],[130.29937877866453,32.69953458188929]],[[130.3017013110788,32.70307672948697],[130.3020342054769,32.703049448122805],[130.3017013110788,32.703076729486966],[130.3017013110788,32.70307672948697]],[[130.30302572775815,32.704179702665556],[130.3036245765005,32.70428904975776],[130.3037349203317,32.70398401645478],[130.3036245765005,32.70428904975775],[130.30302572775815,32.704179702665556]],[[130.30331545565966,32.70295976673705],[130.3034379151591,32.7027327543402],[130.303404670508,32.70262122781317],[130.30331545565966,32.70295976673705]],[[130.30363834742653,32.69727366512775],[130.30388835912328,32.69693981323436],[130.30376565542667,32.69643988362265],[130.30388835912325,32.69693981323434],[130.30363834742653,32.69727366512775]]]}},{"type":"Feature","properties":{"KEY_CODE":"42214029001","PREF":"42","CITY":"214","CITY_NAME":"南島原市","S_NAME":"有家町久保名","SETAI":"157"},"geometry":{"type":"Polygon","coordinates":[[[130.29822971158117,32.6684326722396],[130.29832083450526,32.66791631352373],[130.2983935014217,32.66782613092914],[130.2985094517321,32.667451398836754],[130.29853187389065,32.667340435311914],[130.29868258564517,32.66692197905866],[130.29879059291346,32.6667035949727],[130.29945403446007,32.66606815908062],[130.2996333578019,32.66597402088251],[130.2998464851463,32.66585972926735],[130.2999876955169,32.66583522846925],[130.3002604333168,32.66567127535817],[130.30036833053572,32.66575956856602],[130.300676075544,32.66589812385289],[130.30103657356375,32.665927457940974],[130.30115949160967,32.6659252642965],[130.30154988033053,32.665981601181535],[130.30182107400617,32.66605595803775],[130.3019315093403,32.666484692103204],[130.3030908904196,32.66689932423448],[130.30284180730894,32.66796826153137],[130.30282906271958,32.66871449782926],[130.3030376870655,32.66812383462401],[130.30404896580475,32.668357497744324],[130.30433056874236,32.668868019044396],[130.30421301390118,32.66984294368453],[130.30385422960805,32.67020306702231],[130.30344434337397,32.67095984747455],[130.30278752297335,32.67078901026688],[130.30272308844556,32.67041972376652],[130.30139222508745,32.67053672378239],[130.3013498305693,32.6699572067343],[130.300401745746,32.669834186980694],[130.29835814875517,32.66949353085098],[130.29834807100823,32.66915553124428],[130.29822971158117,32.6684326722396]]]}},{"type":"Feature","properties":{"KEY_CODE":"42214030014","PREF":"42","CITY":"214","CITY_NAME":"南島原市","S_NAME":"有家町山川名","SETAI":"642"},"geometry":{"type":"Polygon","coordinates":[[[130.2982885399526,32.67072674685672],[130.29832148841024,32.67003698315892],[130.29833864904649,32.66989625305314],[130.29835814875517,32.66949353085098],[130.300401745746,32.669834186980694],[130.3013498305693,32.6699572067343],[130.30139222508745,32.67053672378239],[130.30272308844556,32.67041972376652],[130.30278752297335,32.67078901026688],[130.30344434337397,32.67095984747455],[130.30385422960805,32.67020306702231],[130.30421301390118,32.66984294368453],[130.30433056874236,32.668868019044396],[130.30404896580475,32.668357497744324],[130.3030376870655,32.66812383462401],[130.30282906271958,32.66871449782926],[130.30284180730894,32.66796826153137],[130.3030908904196,32.66689932423448],[130.3030739909042,32.66590222241206],[130.3032490880097,32.665633844321725],[130.30350661233902,32.66453258549032],[130.30439920509423,32.66304918118291],[130.30532538118973,32.66185983396678],[130.305548880565,32.661678291992935],[130.30712958894074,32.66198500267727],[130.31161106210354,32.66286594388596],[130.31305863179344,32.6631271535945],[130.31306034724068,32.663123514797846],[130.3169284068857,32.66389371281935],[130.31745352333897,32.66402904949556],[130.31745033030347,32.664199562547935],[130.3169675316771,32.664248284534075],[130.31565348174274,32.66489881047845],[130.3142070599415,32.66550329564191],[130.3136954260649,32.66580853023067],[130.31387585949477,32.66631679456346],[130.31388451194223,32.667271283637234],[130.31366480852168,32.66847756484463],[130.31364475929738,32.669270518304934],[130.31404186592738,32.670129704430096],[130.3144001354455,32.67051740100763],[130.31348810087843,32.67041270629079],[130.3117144980973,32.670108634224555],[130.3110979487878,32.66994272412288],[130.31090507126314,32.67230034120253],[130.310815138329,32.67471273931286],[130.31060564351338,32.67694805434963],[130.30911263303912,32.67629364901061],[130.30720282461317,32.675632461441346],[130.30600829497976,32.67501135435465],[130.3041861267605,32.67418653013738],[130.30353249366533,32.674515220980226],[130.3034933305001,32.67450448007777],[130.30279614998827,32.67431333110969],[130.30321824861295,32.67331718346169],[130.30279614998827,32.67431333110966],[130.30248334925537,32.67423765856562],[130.3025399575216,32.67490592395693],[130.30237786593176,32.674982167709736],[130.3008010915188,32.674966524946996],[130.29978745541416,32.67509413203336],[130.2991459529248,32.67503766448682],[130.29833536657046,32.675236427630686],[130.29848252004462,32.674959740045004],[130.29862061486165,32.67425370297716],[130.29888862039266,32.673721984755346],[130.29892660677393,32.673637727884895],[130.29902711919303,32.673315472157455],[130.29905203853008,32.67316672989924],[130.29882284525962,32.67273074910979],[130.29878511688887,32.672712566459126],[130.2987642560104,32.672642704717575],[130.29875258586708,32.6725949770025],[130.29867601172342,32.672423348402056],[130.298670388695,32.672090039521095],[130.29866802613776,32.67206793193365],[130.29872150412135,32.6718145616773],[130.2987595535935,32.67173749061132],[130.29878669633052,32.67152014820813],[130.298743931264,32.67133808993105],[130.29848151880645,32.67097812632589],[130.298294168205,32.670750876266496],[130.2982885399526,32.67072674685672]],[[130.3027245037979,32.67216548829646],[130.3027245037979,32.67216548829646],[130.30273217804873,32.671653110067034],[130.30273217804873,32.67165311006701],[130.30273217804873,32.67165311006701],[130.3027245037979,32.67216548829646]],[[130.30285672261695,32.672177584479385],[130.30338559741543,32.672225969167386],[130.30338559741543,32.67222596916737],[130.30285672261695,32.672177584479385]],[[130.30643933183973,32.671597820886],[130.30646383007726,32.67130144678995],[130.30646383007726,32.67130144678995],[130.30643933183973,32.671597820886]]]}},{"type":"Feature","properties":{"KEY_CODE":"42214031005","PREF":"42","CITY":"214","CITY_NAME":"南島原市","S_NAME":"有家町中須川名","SETAI":"224"},"geometry":{"type":"Polygon","coordinates":[[[130.2985013055716,32.65758631981747],[130.29859153259846,32.65727100286361],[130.2989248429201,32.6568410315454],[130.299045574842,32.65668784243872],[130.29910221887943,32.65652026465194],[130.2995290856633,32.655494662131986],[130.29974687218606,32.65475529588255],[130.30002279586486,32.65413909612014],[130.30033232396042,32.65364044158528],[130.30070668264239,32.653203092820036],[130.30097683372736,32.65290361186094],[130.3017244260223,32.651998874886196],[130.3018888960023,32.651700030821516],[130.3025639608536,32.65194519158645],[130.3039330651422,32.6530564735711],[130.30415920733208,32.6535079225752],[130.30495311097957,32.654113762853335],[130.30603446182974,32.654361377344834],[130.3052608121737,32.65585095646104],[130.30482231751876,32.656751139148675],[130.30446827481907,32.657485289941626],[130.30309540080262,32.65996124451036],[130.30290893210525,32.66035365370476],[130.3032526623759,32.66046671498217],[130.30351355524294,32.66039692042184],[130.3033684059569,32.66125636989832],[130.305548880565,32.661678291992935],[130.30532538118973,32.66185983396678],[130.30439920509423,32.66304918118291],[130.30350661233902,32.66453258549032],[130.3032490880097,32.665633844321725],[130.3030739909042,32.66590222241206],[130.3030908904196,32.66689932423448],[130.3019315093403,32.666484692103204],[130.30182107400617,32.66605595803775],[130.30154988033053,32.665981601181535],[130.30115949160967,32.6659252642965],[130.30103657356375,32.665927457940974],[130.300676075544,32.66589812385289],[130.30036833053572,32.66575956856602],[130.3002604333168,32.66567127535817],[130.30071351318742,32.66511625659],[130.30083280601696,32.66458516934287],[130.30055275650614,32.66387063524361],[130.30048922172494,32.66277677965382],[130.30075744473982,32.66175115764137],[130.3004445833147,32.661176222317835],[130.30020816176784,32.66089870457908],[130.30008071710444,32.660774852528306],[130.2999409594093,32.66057787889777],[130.2997138420698,32.66013769776076],[130.29963609403654,32.659964424581986],[130.29935804089274,32.659471480731725],[130.29918521264884,32.65924502091041],[130.29867578945155,32.65858189159636],[130.2985013055716,32.65758631981747]]]}},{"type":"Feature","properties":{"KEY_CODE":"42214032009","PREF":"42","CITY":"214","CITY_NAME":"南島原市","S_NAME":"有家町小川名","SETAI":"178"},"geometry":{"type":"Polygon","coordinates":[[[130.30290893210525,32.66035365370476],[130.30309540080262,32.65996124451036],[130.30446827481907,32.657485289941626],[130.30482231751876,32.656751139148675],[130.3052608121737,32.65585095646104],[130.30603446182974,32.654361377344834],[130.30698270757634,32.654355295733346],[130.30809435636027,32.654516676433786],[130.3087025884846,32.655002578415015],[130.30946121481585,32.655366332785995],[130.30936003081246,32.65565312271535],[130.30893659974737,32.65587177956683],[130.30914034608602,32.656144347466835],[130.30982615810282,32.65579232581031],[130.31024280345198,32.65577315577945],[130.31074984322026,32.65614542528294],[130.31091531552795,32.6558771364787],[130.31156651300685,32.65614737498377],[130.312071672193,32.655361751763316],[130.31275766356072,32.65570397166777],[130.3125022444112,32.65609077969405],[130.31316531321093,32.65641144659593],[130.31381083976027,32.65542031847497],[130.31310892847847,32.656650323716725],[130.31343499950617,32.65672641530638],[130.31458525779516,32.65741259025797],[130.31484345680173,32.65781917992377],[130.3154501099383,32.65825295802235],[130.31399240292237,32.66016307413112],[130.31354582679697,32.66076039645098],[130.31279771895285,32.66229272507089],[130.31335774941593,32.6625054574649],[130.31306034724068,32.663123514797846],[130.31305863179344,32.6631271535945],[130.31161106210354,32.66286594388596],[130.30712958894074,32.66198500267727],[130.305548880565,32.661678291992935],[130.3033684059569,32.66125636989832],[130.30351355524294,32.66039692042184],[130.3032526623759,32.66046671498217],[130.30290893210525,32.66035365370476]]]}},{"type":"Feature","properties":{"KEY_CODE":"42214033038","PREF":"42","CITY":"214","CITY_NAME":"南島原市","S_NAME":"有家町蒲河名","SETAI":"278"},"geometry":{"type":"Polygon","coordinates":[[[130.31060564351338,32.67694805434963],[130.310815138329,32.67471273931286],[130.31090507126314,32.67230034120253],[130.3110979487878,32.66994272412288],[130.3117144980973,32.670108634224555],[130.31348810087843,32.67041270629079],[130.3144001354455,32.67051740100763],[130.31404186592738,32.670129704430096],[130.31364475929738,32.669270518304934],[130.31366480852168,32.66847756484463],[130.31388451194223,32.667271283637234],[130.31387585949477,32.66631679456346],[130.3136954260649,32.66580853023067],[130.3142070599415,32.66550329564191],[130.31565348174274,32.66489881047845],[130.3169675316771,32.664248284534075],[130.31745033030347,32.664199562547935],[130.31745352333897,32.66402904949556],[130.3169284068857,32.66389371281935],[130.31306034724068,32.663123514797846],[130.31335774941593,32.6625054574649],[130.31279771895285,32.66229272507089],[130.31354582679697,32.66076039645098],[130.31399240292237,32.66016307413112],[130.3154501099383,32.65825295802235],[130.3160440116455,32.6582176110793],[130.31688356446224,32.65840748148041],[130.3177112636018,32.65895048962724],[130.31860619277856,32.65932111844674],[130.3187579152028,32.6591088823893],[130.31930698338277,32.65927998724255],[130.3196734432857,32.65909886301851],[130.3198804571132,32.65999840642597],[130.32064553775302,32.66011078445546],[130.32073319893664,32.659888150127955],[130.3216976661229,32.65982826868596],[130.32182119626157,32.66057610877753],[130.32148644373078,32.66131010867748],[130.32101174376575,32.66168635508125],[130.32111606088367,32.66220081085357],[130.32136965528042,32.66347258855206],[130.3206285449188,32.664281453521085],[130.3205153882447,32.66466734745552],[130.32024309641002,32.6647654332794],[130.32201175433224,32.66522085449254],[130.32266995968203,32.665308026329654],[130.32271620954674,32.66556479910231],[130.3230811917949,32.66596559968117],[130.3228698971052,32.666374892687614],[130.32201033760535,32.6666474236316],[130.32114764665602,32.66720667028584],[130.3204226309296,32.668039770883524],[130.32027316500523,32.66906471571416],[130.3202196753594,32.671303435867856],[130.3206436222085,32.67127262388564],[130.3204139298528,32.6713678607106],[130.32081775927372,32.672078466388996],[130.32084672655031,32.67275862233953],[130.32071935030538,32.67376711649329],[130.3204773677414,32.67468653546985],[130.32050568455648,32.676951984190985],[130.3202253579418,32.67700517748336],[130.32043432148055,32.677737663411364],[130.32043984697077,32.67888120559884],[130.32076914006544,32.679987070927595],[130.32044589328964,32.681092030593156],[130.3202577192858,32.68214622404006],[130.31997013974703,32.68251220864963],[130.31949861536935,32.6831254187485],[130.31932039819011,32.6840024247229],[130.31898319156446,32.68506864951179],[130.3184540627846,32.685578592543145],[130.31821824789796,32.6868573446441],[130.31795072202553,32.68749768081613],[130.3171297821435,32.68885732576327],[130.3163972627239,32.68991907571654],[130.31587150629016,32.69081433386126],[130.31564324259074,32.69148745165703],[130.31549142664042,32.69197291320695],[130.31533911047214,32.69240331782036],[130.31471929646952,32.692979886548684],[130.3137748570835,32.69364662605631],[130.31389561371813,32.692599854125255],[130.31383154821603,32.689836659040196],[130.31387704464922,32.6891096699362],[130.31382154743187,32.68729331404429],[130.31325217843138,32.686240031245646],[130.31309041014504,32.6856244748028],[130.31310561683028,32.684319971938606],[130.31306010638434,32.68400379229188],[130.3136029149147,32.68185292968371],[130.31335711602088,32.68147009827573],[130.3134177861297,32.68103948193406],[130.31318525253673,32.68086133517429],[130.31307851001822,32.68010204907439],[130.31249697965478,32.67836062610347],[130.3124102233289,32.67827375792729],[130.31194483919762,32.677807706443964],[130.31120450727335,32.67721570250274],[130.31060564351338,32.67694805434963]]]}},{"type":"Feature","properties":{"KEY_CODE":"42214034048","PREF":"42","CITY":"214","CITY_NAME":"南島原市","S_NAME":"有家町石田名","SETAI":"232"},"geometry":{"type":"Polygon","coordinates":[[[130.3163972627239,32.68991907571654],[130.3171297821435,32.68885732576327],[130.31795072202553,32.68749768081613],[130.31821824789796,32.6868573446441],[130.3184540627846,32.685578592543145],[130.31898319156446,32.68506864951179],[130.31932039819011,32.6840024247229],[130.31949861536935,32.6831254187485],[130.31997013974703,32.68251220864963],[130.3202577192858,32.68214622404006],[130.32044589328964,32.681092030593156],[130.32076914006544,32.679987070927595],[130.32043984697077,32.67888120559884],[130.32043432148055,32.677737663411364],[130.3202253579418,32.67700517748336],[130.32050568455648,32.676951984190985],[130.3204773677414,32.67468653546985],[130.32071935030538,32.67376711649329],[130.32084672655031,32.67275862233953],[130.32081775927372,32.672078466388996],[130.3204139298528,32.6713678607106],[130.3206436222085,32.67127262388564],[130.3202196753594,32.671303435867856],[130.32027316500523,32.66906471571416],[130.3204226309296,32.668039770883524],[130.32114764665602,32.66720667028584],[130.32201033760535,32.6666474236316],[130.3228698971052,32.666374892687614],[130.3230811917949,32.66596559968117],[130.32271620954674,32.66556479910231],[130.32266995968203,32.665308026329654],[130.32373860933956,32.66515177962601],[130.32509813491222,32.66475531610489],[130.3255040998559,32.66473053005654],[130.32563452368208,32.664440438698215],[130.3266994807958,32.663894244308935],[130.32774800591136,32.66361773087383],[130.3282988299967,32.66409232413106],[130.32831689266374,32.66440676871621],[130.3296091838256,32.665056227303566],[130.32987913514708,32.665526255207354],[130.32979454100857,32.665781211979215],[130.3305638051581,32.66611553168479],[130.33205082126568,32.66729008840423],[130.3325407206753,32.66692092401144],[130.3341801964663,32.66531807571246],[130.33429012457808,32.66530769461228],[130.3325599232585,32.666952887332755],[130.33240405559155,32.66732625231313],[130.33189177247309,32.667734067262025],[130.33225078047062,32.66798844962826],[130.3329402061366,32.66744465367214],[130.33275007869528,32.667815041007394],[130.33341471916174,32.66828885941016],[130.33520102935685,32.66655021754973],[130.33560809710963,32.66661690659628],[130.33300113644074,32.6691721316669],[130.3321133686281,32.668771788403426],[130.33123006010905,32.66896862209271],[130.33153713949818,32.66897585594718],[130.33215509432412,32.66978604203267],[130.33203315459923,32.66998365305936],[130.33248059610287,32.670126913654755],[130.33289218926393,32.66962951726903],[130.3337127826118,32.66996168186382],[130.33406729396702,32.670241806078884],[130.33347251291937,32.671624302774546],[130.3334429920938,32.672203571628366],[130.33314373243752,32.672743519910355],[130.33292750838078,32.67319305650601],[130.332538606511,32.673426710566616],[130.33228253528603,32.674025900595986],[130.33192606362132,32.67414629910129],[130.33154351750346,32.67474262533046],[130.33045479816275,32.67537683048097],[130.3302312195657,32.67571763400034],[130.32930744811222,32.67626591673815],[130.32872567654042,32.676759031674926],[130.32800550811368,32.67742893508594],[130.32726801239411,32.677846874254115],[130.32702981250117,32.678973384817496],[130.32627788337774,32.67924759623956],[130.32650738115137,32.67962967208757],[130.3260193845482,32.68009075272106],[130.3241328229335,32.6812877283713],[130.3239771395506,32.68121590041383],[130.32355486393712,32.681605877979045],[130.32328736590426,32.68212422823963],[130.3227923658817,32.68267971727943],[130.32230561154518,32.68302739147525],[130.3214069689954,32.68416990818053],[130.3208234225153,32.68441122814374],[130.32037500007823,32.68506395461991],[130.32068482953292,32.685338774568365],[130.32016153717117,32.685839458200576],[130.32005815394845,32.686224351273204],[130.3196649289887,32.68633425871144],[130.319794867551,32.686661157384464],[130.31934663727353,32.68733645986552],[130.31925587587997,32.68837673584694],[130.3197216625284,32.68927225674618],[130.31923513394875,32.68985125309365],[130.31893776869651,32.69024294359556],[130.31843958920354,32.69042113235894],[130.3180216491202,32.69082033582244],[130.3178369233193,32.69090995977352],[130.31731554467765,32.69074497477936],[130.31710497083108,32.69058469129015],[130.3163972627239,32.68991907571654]]]}},{"type":"Feature","properties":{"KEY_CODE":"42214035058","PREF":"42","CITY":"214","CITY_NAME":"南島原市","S_NAME":"有家町大苑名","SETAI":"186"},"geometry":{"type":"Polygon","coordinates":[[[130.31925587587997,32.68837673584694],[130.31934663727353,32.68733645986552],[130.319794867551,32.686661157384464],[130.3196649289887,32.68633425871144],[130.32005815394845,32.686224351273204],[130.32016153717117,32.685839458200576],[130.32068482953292,32.685338774568365],[130.32037500007823,32.68506395461991],[130.3208234225153,32.68441122814374],[130.3214069689954,32.68416990818053],[130.32230561154518,32.68302739147525],[130.3227923658817,32.68267971727943],[130.32328736590426,32.68212422823963],[130.32355486393712,32.681605877979045],[130.3239771395506,32.68121590041383],[130.3241328229335,32.6812877283713],[130.3260193845482,32.68009075272106],[130.32650738115137,32.67962967208757],[130.32627788337774,32.67924759623956],[130.32702981250117,32.678973384817496],[130.32726801239411,32.677846874254115],[130.32800550811368,32.67742893508594],[130.32872567654042,32.676759031674926],[130.32930744811222,32.67626591673815],[130.3302312195657,32.67571763400034],[130.33045479816275,32.67537683048097],[130.33154351750346,32.67474262533046],[130.33192606362132,32.67414629910129],[130.33228253528603,32.674025900595986],[130.332538606511,32.673426710566616],[130.33292750838078,32.67319305650601],[130.33314373243752,32.672743519910355],[130.3334429920938,32.672203571628366],[130.33347251291937,32.671624302774546],[130.33406729396702,32.670241806078884],[130.33464814701307,32.6704627976334],[130.33450562859096,32.670748999929394],[130.33529808137746,32.67126913012519],[130.33659045443588,32.67183288375383],[130.33687320506982,32.6717046119755],[130.33736084827126,32.671129021014984],[130.3381483964248,32.67115787089656],[130.3388264620236,32.67118258623059],[130.3387656732458,32.6716300390114],[130.33953291373876,32.67157975900169],[130.33965058041008,32.67134539400479],[130.34011381113845,32.67151870886694],[130.34065934568181,32.671648671521424],[130.34102576289575,32.67248574986947],[130.3413449292962,32.672644277456094],[130.34160919867858,32.67246409106885],[130.34181970036175,32.672643669901255],[130.34181214646156,32.67330391605081],[130.3408080412095,32.6732782286943],[130.34044315899277,32.67340614258048],[130.33954801659326,32.67389855348534],[130.33886279124212,32.6749727156121],[130.33873771923805,32.67555635708328],[130.33803792916618,32.67680395878828],[130.33769927751212,32.67704007952339],[130.3367412315286,32.67863644560399],[130.33642049716192,32.67929608056557],[130.3357578365405,32.68003964606877],[130.33462634346125,32.682237607366865],[130.3339568354411,32.6838460453662],[130.32979618269002,32.68188387257207],[130.32882438890013,32.682763439108584],[130.32828473930587,32.68351450202955],[130.32842580736045,32.68368114607357],[130.3274440832795,32.68430900626566],[130.32799016260353,32.684491654893506],[130.32719535985052,32.68492880022212],[130.3263672311532,32.68562965429639],[130.3257206308518,32.685859529178586],[130.3241060481363,32.686841993992374],[130.32307319434187,32.68768973038543],[130.32185342686986,32.68831806762282],[130.32062023644002,32.68900291991492],[130.32008796435898,32.689214732129756],[130.3197216625284,32.68927225674618],[130.31925587587997,32.68837673584694]]]}},{"type":"Feature","properties":{"KEY_CODE":"42214036066","PREF":"42","CITY":"214","CITY_NAME":"南島原市","S_NAME":"有家町原尾名","SETAI":"280"},"geometry":{"type":"Polygon","coordinates":[[[130.30312879848603,32.71859312681783],[130.3031368162384,32.71842704064147],[130.30322408671714,32.71803715337235],[130.30333779680515,32.71769646572384],[130.30335966435877,32.717597624219415],[130.30348661119447,32.717292464400224],[130.30343382143488,32.71718587586305],[130.30353753238722,32.716854726609206],[130.30378132913586,32.71649525835458],[130.30493154804535,32.71575989945006],[130.30519473936607,32.715389416639944],[130.30537926650604,32.71510334571442],[130.30561740546634,32.714802098859664],[130.30579834299485,32.71432066940579],[130.3062706740383,32.71305616563763],[130.30667795909707,32.71223356003684],[130.3070195751456,32.7115414410745],[130.3074595725885,32.710911286086315],[130.30773808469982,32.710366204060655],[130.30779008650293,32.71019054471857],[130.30811552343934,32.709193146595446],[130.30819164030422,32.708706349415564],[130.30856327767418,32.70726969007389],[130.30918658228094,32.705548746635635],[130.30945297273732,32.705085273326475],[130.30967364125632,32.704680360067705],[130.3106673262692,32.70370266273773],[130.3111813903297,32.70281049023908],[130.31153406381398,32.70177218239612],[130.3117743239076,32.70062279214948],[130.3120418991841,32.70011826471297],[130.31226477446285,32.69961881679732],[130.31273884827635,32.69862946017292],[130.3126717493726,32.697557094899835],[130.3130373537671,32.6962019389233],[130.31309195984014,32.69499823249877],[130.3132103637902,32.694575166393584],[130.3137748570835,32.69364662605631],[130.31471929646952,32.692979886548684],[130.31533911047214,32.69240331782036],[130.31549142664042,32.69197291320695],[130.3160180549758,32.69222037209212],[130.31549142664042,32.69197291320692],[130.31564324259074,32.69148745165703],[130.31587150629016,32.69081433386126],[130.3163972627239,32.68991907571657],[130.31710497083108,32.69058469129015],[130.31731554467765,32.69074497477936],[130.3178369233193,32.69090995977352],[130.3180216491202,32.69082033582244],[130.31843958920354,32.69042113235894],[130.31893776869651,32.69024294359553],[130.31923513394875,32.68985125309365],[130.3197216625284,32.68927225674618],[130.32008796435898,32.689214732129756],[130.32062023644002,32.689002919914955],[130.32185342686986,32.68831806762282],[130.32307319434187,32.68768973038543],[130.3241060481363,32.686841993992374],[130.3257206308518,32.685859529178586],[130.3263672311532,32.68562965429639],[130.32719535985052,32.68492880022212],[130.32799016260353,32.684491654893506],[130.3274440832795,32.68430900626566],[130.32842580736045,32.68368114607357],[130.32828473930587,32.68351450202955],[130.32882438890013,32.682763439108584],[130.32979618269002,32.68188387257207],[130.3339568354411,32.6838460453662],[130.33462634346125,32.682237607366865],[130.3357578365405,32.68003964606877],[130.33642049716192,32.67929608056557],[130.3367412315286,32.67863644560399],[130.33769927751212,32.67704007952339],[130.33803792916618,32.67680395878828],[130.33873771923805,32.67555635708328],[130.33886279124212,32.6749727156121],[130.33954801659326,32.67389855348534],[130.34044315899277,32.67340614258048],[130.3408080412095,32.6732782286943],[130.34181214646156,32.67330391605081],[130.34181970036175,32.672643669901255],[130.34160919867858,32.67246409106885],[130.34129867657333,32.67225943139904],[130.34108840880495,32.67153530069137],[130.34193092577593,32.67161649117846],[130.34280496897057,32.671879264520506],[130.34359557131538,32.671904255277006],[130.34445118242718,32.67210151538169],[130.34442972279706,32.67215777296428],[130.34365148086184,32.673723200224224],[130.34335645100845,32.6741135751729],[130.3433339091596,32.674143421422635],[130.3434180765147,32.67455527639814],[130.34347088744084,32.67478592939389],[130.34344292512372,32.67504569225789],[130.34335983684588,32.675183276581855],[130.34315410205235,32.67552965500245],[130.3432325296607,32.67562325093932],[130.34338525182568,32.67572490794931],[130.34367295675406,32.67583992423772],[130.34379826223835,32.67589611269633],[130.3441749963763,32.67621304088046],[130.34428494568618,32.67642527451221],[130.34431198618242,32.676749623800035],[130.34431451380354,32.677018341415895],[130.34415101825678,32.67748085615749],[130.34407069729568,32.67804542389024],[130.34406140632035,32.67815588251026],[130.34412157468407,32.67858431687086],[130.3442659423407,32.67886945485006],[130.34433643231102,32.679989634499],[130.34438398267915,32.680582594826866],[130.34387461210582,32.681250314310084],[130.3434717130151,32.681760103160194],[130.34335878978357,32.68260791188986],[130.34298068118812,32.68302601387836],[130.3425793650488,32.683386182943465],[130.34232458721598,32.68355144749638],[130.34199184325786,32.68355748323329],[130.34110135082352,32.68402361151181],[130.34098638485943,32.68423690146103],[130.34093449141974,32.68446037208151],[130.34045916485942,32.68492498231323],[130.33856856649518,32.68665155518136],[130.33822900007118,32.68689216483299],[130.33757770318314,32.68732190753606],[130.3373872660172,32.687331384911865],[130.33697548900022,32.687691011434595],[130.33638189399596,32.68833390620079],[130.33605014763913,32.688772186762016],[130.33575385683278,32.68914431991273],[130.33555850469693,32.68941439910658],[130.33532777303745,32.689750586625856],[130.33483388156068,32.690214809578876],[130.33446546080157,32.690527110399685],[130.33352570808518,32.69135483151805],[130.33239487591763,32.69226997741271],[130.3318601289519,32.69280596872154],[130.33175360329764,32.692953745109605],[130.33124564822285,32.69379377490988],[130.33093341111925,32.694500583725564],[130.33072224055812,32.694991806481475],[130.33057159015905,32.69523407218485],[130.329842703051,32.69618801102792],[130.3293991258792,32.696595346405196],[130.32868604147015,32.69707801050876],[130.32819908305115,32.697434898622554],[130.32763855245395,32.698154261488234],[130.32744823570954,32.69836088741097],[130.32708991467211,32.698645659641436],[130.3269961702483,32.69872613576302],[130.32655710452104,32.69902852228501],[130.3263505225302,32.69931511286872],[130.32632759832447,32.699386562188735],[130.32582808009195,32.69972072992871],[130.3253679978344,32.69994909792393],[130.32487198892255,32.700175795186745],[130.32429290258696,32.70030221790318],[130.32404639353035,32.70026962714664],[130.32383664186332,32.70019315025816],[130.32344041431452,32.700033984126485],[130.3228673709301,32.700083389065],[130.32276275936638,32.70007836682475],[130.32254313687562,32.7000341530572],[130.32246874430098,32.70001752156263],[130.32242820072847,32.70001208029978],[130.32238443387334,32.70006443311133],[130.32232500612588,32.70020816001382],[130.32224044892,32.700364874823514],[130.3219123534879,32.70045900366182],[130.32169033504903,32.70052679125871],[130.32151408618955,32.700615661691536],[130.32126725377685,32.70063985958309],[130.3212312888702,32.70064319463227],[130.32119384429532,32.7006851132104],[130.32082933406545,32.70129093576128],[130.32054489146086,32.70166778662059],[130.32023219104445,32.70183374365386],[130.32013807115527,32.701819459231466],[130.320085232881,32.70182723783879],[130.3199609806171,32.70191689219221],[130.31977978905493,32.702094669894514],[130.31972412819843,32.70214033505595],[130.31953097779765,32.70228613374379],[130.3194325084339,32.702370687823475],[130.31927804653958,32.70252859833974],[130.31817428836325,32.70303645208891],[130.31721978630569,32.70325449983018],[130.31659989205437,32.7035345099626],[130.31614883166569,32.70401886598679],[130.31601440048897,32.70426365482775],[130.3157702848989,32.70496485882401],[130.3156123784857,32.70513920387562],[130.3157589955039,32.70540141574378],[130.3161253435126,32.70561726600514],[130.3156703364099,32.705732001825574],[130.31564737994492,32.70636129361154],[130.31564435181645,32.70660624813772],[130.3156536914175,32.706616122065874],[130.31564262737393,32.70671009180009],[130.3154614277505,32.706852125924016],[130.31529193538825,32.706980397798866],[130.3152544103888,32.7069956842045],[130.3151833238019,32.70707760907333],[130.31475338565386,32.70722842561934],[130.3145540329705,32.70738135581393],[130.31427710388303,32.707451757339],[130.31395703802403,32.70765420617139],[130.31396066417147,32.70765888492837],[130.3129085882436,32.708132127316915],[130.3126674149225,32.70820387871771],[130.31209768591629,32.708359605287285],[130.31191884085996,32.70846808100846],[130.31165130105927,32.708711273985855],[130.3115724194433,32.70876096067572],[130.31095078154118,32.70902879121696],[130.3104089107663,32.70934529742549],[130.31014180511278,32.70963767911765],[130.30956230575137,32.710477585709626],[130.30947392810893,32.71064807326107],[130.3094172153401,32.710809407505735],[130.30901786227844,32.71110264378392],[130.30860448668167,32.71158821882064],[130.308217521241,32.71208257879989],[130.30791881316583,32.71239303097708],[130.30724467473604,32.713296109000865],[130.30681584621706,32.71383542838955],[130.30628639392336,32.714361987934055],[130.3060560167665,32.71462727388229],[130.30559335549552,32.715363555931354],[130.30535984506847,32.71553993300207],[130.30514552283802,32.715755919699035],[130.30459448295423,32.71617280777998],[130.30441647084146,32.71623754835681],[130.30390649219657,32.71704365693972],[130.30348224010612,32.71796845148623],[130.30312879848603,32.71859312681783]],[[130.32362371593334,32.69464329878843],[130.32382808247084,32.694852016348904],[130.32386333934997,32.69481708629445],[130.32362371593334,32.69464329878843]]]}},{"type":"Feature","geometry":{"type":"Polygon","coordinates":[[[130.34183051395345,32.68834138572102],[130.3420160636305,32.68812099741503],[130.3411724112389,32.688264881571754],[130.34026479181395,32.68886565313765],[130.33959790427926,32.689151573966356],[130.33912781594057,32.689538791713716],[130.33780473873162,32.68999130682548],[130.3372671622471,32.69028959856206],[130.33635242380768,32.689600358125276],[130.33629286333914,32.68951134923981],[130.33583285660083,32.68904804812565],[130.33605014763913,32.688772186762016],[130.33638189399596,32.68833390620079],[130.33697548900022,32.687691011434595],[130.3373872660172,32.687331384911865],[130.33757770318314,32.68732190753606],[130.33822900007118,32.68689216483299],[130.33856856649518,32.68665155518136],[130.34045916485942,32.68492498231323],[130.34093449141974,32.68446037208151],[130.34098638485943,32.68423690146103],[130.34110135082352,32.68402361151181],[130.34199184325786,32.68355748323329],[130.34232458721598,32.68355144749638],[130.3425793650488,32.683386182943465],[130.34298068118812,32.68302601387836],[130.34335878978357,32.68260791188986],[130.3434717130151,32.681760103160194],[130.34387461210582,32.681250314310084],[130.34438398267915,32.680582594826845],[130.34433643231102,32.679989634499],[130.3442659423407,32.67886945485006],[130.34412157468407,32.67858431687086],[130.34406140632035,32.67815588251026],[130.34407069729568,32.67804542389024],[130.34415101825678,32.67748085615749],[130.34431451380354,32.677018341415895],[130.34431198618242,32.676749623800035],[130.34428494568618,32.67642527451221],[130.3441749963763,32.67621304088046],[130.34379826223835,32.67589611269633],[130.34367295675406,32.67583992423772],[130.34338525182568,32.67572490794931],[130.3432325296607,32.67562325093932],[130.34315410205235,32.67552965500245],[130.34335983684588,32.675183276581855],[130.34344292512372,32.67504569225789],[130.34347088744084,32.67478592939389],[130.3434180765147,32.67455527639814],[130.3433339091596,32.674143421422635],[130.34335645100845,32.6741135751729],[130.34365148086184,32.673723200224245],[130.34442972279706,32.67215777296428],[130.34445118242718,32.67210151538169],[130.34493666284374,32.67218610486524],[130.3456201662968,32.67299951194644],[130.34622255195785,32.67334454022793],[130.34743107066083,32.673697245788894],[130.34875357797821,32.674502510962434],[130.34914240068298,32.67510096545917],[130.34906814643358,32.67606572181219],[130.34946183950674,32.67668499560528],[130.35017281510207,32.67733871604973],[130.3506453116198,32.678484422433485],[130.3505516241301,32.678803995311625],[130.35091730076084,32.67956018295569],[130.3515206678905,32.680486237102826],[130.3511409608577,32.68066906638194],[130.35182536259404,32.680695068330905],[130.35250078288652,32.680001881558844],[130.35295824731227,32.68036833019569],[130.35236749580233,32.68100320973393],[130.35316525423895,32.681518748019],[130.3531116586916,32.681717400333675],[130.35354992124624,32.681858635839696],[130.35369455961091,32.68159807001571],[130.3543554796542,32.68207123818836],[130.3546752612019,32.68207807842515],[130.35496020722465,32.68246010245848],[130.35450068324357,32.68277325761771],[130.3539224357016,32.68360275346737],[130.35340329361173,32.68391993836978],[130.35307640726123,32.68451702490796],[130.35329807854117,32.685640322671894],[130.35328033188216,32.686237068610005],[130.35365935593956,32.6870421207347],[130.3518570397352,32.68766280140774],[130.35113224987285,32.68772348478411],[130.34955315565253,32.68765433145734],[130.34881641926322,32.68737620445749],[130.34655331518067,32.68746849563621],[130.34430920246731,32.688022464656854],[130.34317661263162,32.68842989553718],[130.3424468981695,32.68858876879704],[130.34183051395345,32.68834138572102]]]},"properties":{"KEY_CODE":"422140370","PREF":"42","CITY":"214","CITY_NAME":"南島原市","S_NAME":"布津町","SETAI":"356"}},{"type":"Feature","geometry":{"type":"Polygon","coordinates":[[[130.34947796312423,32.701108379020255],[130.34837067781038,32.700919674492965],[130.3467820901887,32.701177078374144],[130.3457702556458,32.70106339658831],[130.34598159618952,32.700579926627],[130.34596665955476,32.69934493802077],[130.3454668775697,32.69918165026398],[130.3442704951681,32.69925206035305],[130.34383157359406,32.6991633184339],[130.3418500212179,32.699860813361816],[130.341709163931,32.69946365833659],[130.3420725227986,32.69936586027691],[130.34202864078418,32.697791789424656],[130.3419486487381,32.69758614258248],[130.34295976503776,32.697307576553904],[130.3423684786479,32.69616039933299],[130.34235553945834,32.69581917223595],[130.34199481944776,32.695555875083386],[130.34094531309384,32.69418466843318],[130.34064329063622,32.69391601067407],[130.3410029528593,32.69343430904227],[130.33995452681137,32.69259437879262],[130.33963125880692,32.69200339676144],[130.33891017078145,32.692394371100846],[130.33859716532066,32.69178623373856],[130.33836077167405,32.69164817522683],[130.33864634364912,32.691127414869136],[130.3394637715788,32.690678308440525],[130.33950487808616,32.69037853810599],[130.34003752044194,32.6897397704094],[130.34108926860515,32.6887460334523],[130.34183051395345,32.68834138572102],[130.3424468981695,32.68858876879704],[130.34317661263162,32.68842989553718],[130.34430920246731,32.688022464656854],[130.34655331518067,32.68746849563621],[130.34881641926322,32.68737620445749],[130.34955315565253,32.68765433145734],[130.35113224987285,32.68772348478411],[130.3518570397352,32.68766280140774],[130.35365935593956,32.6870421207347],[130.35406037887432,32.687803625235155],[130.35504723721485,32.68869636860162],[130.35598685178604,32.68928852351441],[130.35566733246978,32.68932952318297],[130.35571177362286,32.68978004525383],[130.35608647064558,32.69017938395408],[130.35636500340726,32.689919486008655],[130.3564255208629,32.68952939984099],[130.3568101334983,32.68945614481758],[130.35753927254152,32.69048853669766],[130.3569564081548,32.69081839923221],[130.35704376486007,32.69105948855769],[130.35679895984802,32.69165046050059],[130.3570597325234,32.692394100152676],[130.35729829174346,32.69265997621818],[130.35759718821114,32.69235107744587],[130.3580775745277,32.69322492140659],[130.35771912158302,32.69402440139784],[130.35767800929042,32.69492900911831],[130.35751414496315,32.69526277204796],[130.356299228254,32.69633833187151],[130.35597488609193,32.696777003624014],[130.35525979555672,32.69722605686556],[130.35425023825388,32.69763847110199],[130.3533897607428,32.6978084917072],[130.35218738514882,32.698352542974796],[130.3505087693755,32.699860592396455],[130.34947796312423,32.701108379020255]]]},"properties":{"KEY_CODE":"422140380","PREF":"42","CITY":"214","CITY_NAME":"南島原市","S_NAME":"布津町","SETAI":"479"}},{"type":"Feature","geometry":{"type":"Polygon","coordinates":[[[130.30687639361486,32.72258850264504],[130.30596244811127,32.72256977663286],[130.30554668867418,32.72320602133423],[130.3050609686696,32.72356043358437],[130.30425584508856,32.72374467204364],[130.30285181803893,32.72438736554426],[130.30157457142784,32.724622823353016],[130.30087615434496,32.72489591894396],[130.29908010071452,32.72544462018577],[130.2974559179449,32.726081767996554],[130.29350490375208,32.72716072878681],[130.29213965196112,32.72759643455976],[130.2899447558882,32.728216444162875],[130.28944509302093,32.72885331853595],[130.28936187684033,32.72953119587846],[130.2887732281822,32.730134935949195],[130.2867881834088,32.731776131615604],[130.28542761680654,32.73358481917849],[130.28529155406397,32.734589838106494],[130.2855122629428,32.7349680824797],[130.28644839084683,32.73597860693611],[130.2865554203271,32.73661472733009],[130.2864064763836,32.73780352133517],[130.2865095314504,32.737986558256125],[130.28744019517418,32.73857919205336],[130.28739503670985,32.73859124187042],[130.286402142559,32.738829153619314],[130.28516565939168,32.73919975024541],[130.28417429575478,32.73956703124212],[130.28342232181032,32.73983691722456],[130.28216223116357,32.73849083104203],[130.28182304996645,32.73797634531218],[130.2817504876646,32.73793373553268],[130.28113598798916,32.737927435672006],[130.28090223095018,32.73790633576629],[130.2803530206475,32.73770103547707],[130.27992732263684,32.73710003824007],[130.27988713949355,32.73680268002821],[130.27994711274195,32.73669209993389],[130.2802289863835,32.736390121420584],[130.28046167963458,32.73608823979894],[130.28063919991712,32.735778246584125],[130.28069579640726,32.735375923912976],[130.28050716222293,32.73498360477547],[130.28056907932276,32.73460839033568],[130.2805082840348,32.734116956131466],[130.28068394795187,32.73385257709749],[130.281154587628,32.734399523476725],[130.2818022610081,32.73441803974555],[130.28262919926928,32.7351011537321],[130.28325095767084,32.73444282949152],[130.28364235161845,32.733407972024246],[130.28414498281265,32.73287451451112],[130.28560500173418,32.731911921438495],[130.28664350970618,32.7308391540889],[130.28793680820073,32.72990016976373],[130.28812551294556,32.7293404615879],[130.28850402564734,32.72895345308297],[130.28893607102967,32.728161924129125],[130.29149060187655,32.72644206239214],[130.2918434182112,32.72633829867053],[130.29296523508734,32.72564294035004],[130.2932152614225,32.7252351737032],[130.29371959428323,32.72490477463654],[130.29573743194285,32.72476371009405],[130.29624365226053,32.72447809848565],[130.29680675286207,32.723755681798934],[130.298311422233,32.72304653894145],[130.29934992216175,32.72285381070411],[130.29976239086446,32.72227352818641],[130.2999772546631,32.72167526862675],[130.3001613569526,32.72103868553449],[130.30022917824343,32.7209804849637],[130.3007130567429,32.72074636167113],[130.30115014834593,32.72037772736575],[130.30159390167574,32.71990636695269],[130.30193853763208,32.719703596468555],[130.30203378779396,32.71953450682546],[130.30219174841426,32.719369841592616],[130.3029398202704,32.71896071370657],[130.30308752903315,32.71861919263373],[130.30312879848603,32.71859312681783],[130.30348224010612,32.71796845148623],[130.30390649219657,32.71704365693974],[130.30441647084146,32.71623754835681],[130.30459448295423,32.71617280777998],[130.30514552283802,32.715755919699035],[130.30535984506847,32.71553993300207],[130.30559335549552,32.715363555931354],[130.3060560167665,32.71462727388229],[130.30628639392336,32.714361987934055],[130.30681584621706,32.71383542838955],[130.30724467473604,32.713296109000865],[130.30791881316583,32.71239303097708],[130.308217521241,32.71208257879989],[130.30860448668167,32.71158821882064],[130.30901786227844,32.71110264378392],[130.3094172153401,32.710809407505735],[130.30947392810893,32.71064807326107],[130.30956230575137,32.710477585709626],[130.31014180511278,32.70963767911765],[130.3104089107663,32.70934529742549],[130.31095078154118,32.70902879121696],[130.3115724194433,32.70876096067572],[130.31165130105927,32.708711273985855],[130.31191884085996,32.70846808100846],[130.31209768591629,32.708359605287285],[130.3126674149225,32.70820387871771],[130.3129085882436,32.708132127316915],[130.31396066417147,32.70765888492837],[130.31395703802403,32.70765420617139],[130.31427710388303,32.707451757339],[130.3145540329705,32.70738135581393],[130.31475338565386,32.70722842561934],[130.3151833238019,32.70707760907333],[130.3152544103888,32.7069956842045],[130.31529193538825,32.706980397798866],[130.3154614277505,32.706852125924016],[130.31564262737393,32.70671009180009],[130.3156536914175,32.706616122065874],[130.31564435181645,32.70660624813772],[130.31564737994492,32.70636129361154],[130.3156703364099,32.705732001825574],[130.3161253435126,32.70561726600514],[130.3157589955039,32.70540141574378],[130.3156123784857,32.70513920387562],[130.3157702848989,32.70496485882401],[130.31601440048897,32.70426365482775],[130.31614883166569,32.70401886598679],[130.3165998920543,32.7035345099626],[130.31721978630569,32.70325449983018],[130.31817428836325,32.70303645208891],[130.31927804653958,32.70252859833974],[130.3194325084339,32.702370687823475],[130.31953097779765,32.7022861337438],[130.31966582034363,32.70218813166477],[130.31972412819837,32.70214033505595],[130.31977978905493,32.702094669894514],[130.3199609806171,32.70191689219221],[130.320085232881,32.70182723783879],[130.32013807115527,32.701819459231466],[130.32023219104445,32.70183374365386],[130.32054489146086,32.70166778662059],[130.32082933406545,32.70129093576128],[130.32119384429532,32.7006851132104],[130.3212312888702,32.70064319463227],[130.32126725377685,32.70063985958309],[130.32151408618955,32.700615661691536],[130.32169033504903,32.70052679125871],[130.3219123534879,32.70045900366182],[130.32224044892,32.700364874823514],[130.32232500612588,32.70020816001382],[130.32238443387334,32.70006443311133],[130.32246874430098,32.70001752156263],[130.32254313687562,32.7000341530572],[130.32276275936638,32.70007836682475],[130.3228673709301,32.700083389065],[130.32344041431452,32.700033984126485],[130.32383664186332,32.70019315025816],[130.32404639353035,32.70026962714664],[130.32429290258696,32.70030221790318],[130.32487198892255,32.700175795186745],[130.3253679978344,32.69994909792393],[130.32582808009195,32.69972072992871],[130.32632759832447,32.699386562188735],[130.3263505225302,32.69931511286872],[130.32655710452104,32.69902852228501],[130.3269961702483,32.69872613576302],[130.32708991467211,32.698645659641436],[130.32744823570954,32.69836088741097],[130.32763855245395,32.698154261488234],[130.32819908305115,32.697434898622554],[130.32868604147015,32.69707801050876],[130.3293991258792,32.696595346405196],[130.32984270305099,32.69618801102792],[130.33057159015905,32.69523407218485],[130.33072224055812,32.694991806481475],[130.33093341111925,32.694500583725564],[130.33124564822285,32.69379377490988],[130.33175360329764,32.692953745109605],[130.3318601289519,32.69280596872154],[130.33239487591763,32.69226997741271],[130.33352570808518,32.69135483151805],[130.33446546080157,32.690527110399685],[130.33483388156068,32.690214809578876],[130.33532777303745,32.689750586625856],[130.33555850469693,32.68941439910658],[130.33583285660083,32.68904804812565],[130.33629286333914,32.68951134923981],[130.33635242380768,32.689600358125276],[130.3372671622471,32.69028959856206],[130.33780473873162,32.68999130682548],[130.33912781594057,32.689538791713716],[130.33959790427926,32.689151573966356],[130.34026479181395,32.68886565313765],[130.3411724112389,32.688264881571754],[130.3420160636305,32.68812099741503],[130.34183051395345,32.68834138572102],[130.34108926860515,32.6887460334523],[130.34003752044194,32.6897397704094],[130.33950487808616,32.69037853810599],[130.3394637715788,32.690678308440525],[130.33864634364912,32.691127414869136],[130.33836077167405,32.69164817522683],[130.33859716532066,32.69178623373856],[130.33891017078145,32.692394371100846],[130.33963125880692,32.69200339676144],[130.33995452681137,32.69259437879262],[130.3410029528593,32.69343430904227],[130.34064329063622,32.69391601067407],[130.34094531309384,32.69418466843318],[130.34199481944776,32.695555875083386],[130.34235553945834,32.69581917223595],[130.3423684786479,32.69616039933299],[130.34295976503776,32.697307576553904],[130.3419486487381,32.69758614258248],[130.34202864078418,32.697791789424656],[130.3420725227986,32.69936586027691],[130.341709163931,32.69946365833659],[130.3418500212179,32.699860813361816],[130.34383157359406,32.6991633184339],[130.3442704951681,32.69925206035305],[130.3454668775697,32.69918165026398],[130.34596665955476,32.69934493802077],[130.34598159618952,32.700579926627],[130.3457702556458,32.70106339658831],[130.3467820901887,32.701177078374144],[130.34837067781038,32.700919674492965],[130.34947796312423,32.701108379020255],[130.34935998500617,32.70144446728812],[130.34900311123337,32.701487857370054],[130.34885275226856,32.701809791984324],[130.34784851271726,32.70318515819283],[130.3472234666241,32.70466803726134],[130.34683231823982,32.706055875898656],[130.34629788467956,32.70622591805451],[130.3458037763111,32.70761957859294],[130.34570885870295,32.7083192297385],[130.3458607245532,32.70848334787097],[130.34559265410607,32.70876660550722],[130.3449439236006,32.70883522382453],[130.34437926538908,32.709534117712195],[130.3429270930862,32.71034321394016],[130.3429829664715,32.71059687835148],[130.34259169425604,32.71047709980137],[130.34208147426082,32.71063815955624],[130.34183843863477,32.710944968533056],[130.34089480635313,32.71110517162755],[130.33990646204825,32.71145723382909],[130.33760384873196,32.71166049244126],[130.336379001805,32.711323248213596],[130.33530083228558,32.711192960589806],[130.3342257015588,32.7115071450995],[130.33331371643527,32.71150524739857],[130.33242444988122,32.71193246613505],[130.33098776062928,32.71213276466509],[130.32919771865596,32.712764652406634],[130.32857070951263,32.71307881079583],[130.32711706172606,32.71348585833542],[130.32660949547653,32.713505100180605],[130.32562720710612,32.714044165984426],[130.3249227392942,32.714592498984366],[130.32414496825353,32.71454459457474],[130.32290600015327,32.714775292868254],[130.32248103175203,32.7149158643564],[130.3220312668716,32.71508838699146],[130.32008111036612,32.715705268574226],[130.31843459067625,32.71631163065313],[130.3171847061349,32.71687872134218],[130.31569399242048,32.717668981487755],[130.31542887085388,32.71796920678759],[130.31531289634643,32.718661547485134],[130.31337362427786,32.719453069368406],[130.3127314148408,32.720180591456504],[130.31068544243485,32.720615020522736],[130.30958920109677,32.72111666428791],[130.30763373980574,32.72185699563003],[130.30687639361486,32.72258850264504]]]},"properties":{"KEY_CODE":"422140390","PREF":"42","CITY":"214","CITY_NAME":"南島原市","S_NAME":"布津町","SETAI":"510"}},{"type":"Feature","geometry":{"type":"Polygon","coordinates":[[[130.32156891685335,32.735794488332886],[130.3212933766254,32.736524972952466],[130.32020850153881,32.737924162148175],[130.31978251578252,32.73883053101808],[130.31943595779578,32.73920809010749],[130.31898600735778,32.74020262691331],[130.3184923130512,32.74000567057289],[130.31686870912768,32.73979910670256],[130.315977185081,32.7400259929674],[130.31551986363274,32.73997786405506],[130.3146579301316,32.740571911758344],[130.31427621551683,32.74072590336125],[130.31346732187237,32.74053464412525],[130.3131300184573,32.74016324664805],[130.31305002487247,32.73978972032207],[130.31323734853274,32.73912127080118],[130.3129918478856,32.7385038635941],[130.31213315689067,32.73817743549394],[130.31153882303911,32.738517279794095],[130.31103683938971,32.73839592928221],[130.31038981846152,32.73853284426894],[130.30974304220769,32.738523472333185],[130.30947401349255,32.73789242690894],[130.30967404061235,32.737270150203855],[130.30961773953595,32.73696187212503],[130.30903222585383,32.736295628167134],[130.30904471216493,32.735758474894155],[130.308356195219,32.73520490786595],[130.3075773814273,32.73501732819316],[130.30611621797368,32.73533859332704],[130.30619344833264,32.73489876571448],[130.30598345697345,32.734359305620565],[130.30647208984635,32.73398039408968],[130.30674584096883,32.733426709087496],[130.30640398172582,32.732349700506134],[130.30602964660278,32.73199782267639],[130.30628297397035,32.731499855199836],[130.3061235449358,32.73073343642899],[130.3051322655357,32.730512812491966],[130.30459921579674,32.72999071879688],[130.30407415815336,32.72984784714764],[130.30337751151424,32.72913159713242],[130.30387011101996,32.72891815866831],[130.30305565650875,32.72808455886143],[130.30309419443796,32.727836326834556],[130.3041307049766,32.727435091653746],[130.30409000800464,32.72710670013667],[130.30365584346922,32.72685462051336],[130.30370211531704,32.726558133028526],[130.30492102069158,32.726171470917414],[130.30621523304862,32.726004752772944],[130.30637939358652,32.72576906501734],[130.30641750551132,32.72490865440344],[130.306815932209,32.72435591407769],[130.30640717080954,32.72375796280335],[130.30658648166514,32.72330735551976],[130.30711453034198,32.722897133499664],[130.30687639361486,32.72258850264504],[130.30763373980574,32.72185699563003],[130.30958920109677,32.72111666428791],[130.31068544243485,32.720615020522736],[130.3127314148408,32.720180591456504],[130.31337362427786,32.719453069368406],[130.31531289634643,32.718661547485134],[130.31542887085388,32.71796920678759],[130.31569399242048,32.717668981487755],[130.3171847061349,32.71687872134218],[130.31843459067625,32.71631163065313],[130.32008111036612,32.715705268574226],[130.3220312668716,32.71508838699146],[130.32248103175203,32.7149158643564],[130.32290600015327,32.714775292868254],[130.32414496825353,32.71454459457474],[130.3249227392942,32.714592498984366],[130.32562720710612,32.714044165984426],[130.32660949547653,32.713505100180605],[130.32711706172606,32.71348585833542],[130.32857070951263,32.71307881079583],[130.32919771865596,32.712764652406634],[130.33098776062928,32.71213276466509],[130.33242444988122,32.71193246613505],[130.33331371643527,32.71150524739857],[130.3342257015588,32.7115071450995],[130.33530083228558,32.711192960589806],[130.336379001805,32.711323248213596],[130.33760384873196,32.71166049244126],[130.33990646204825,32.71145723382909],[130.34089480635313,32.71110517162755],[130.34183843863477,32.710944968533056],[130.34208147426082,32.71063815955624],[130.34259169425604,32.71047709980137],[130.3429829664715,32.71059687835148],[130.3429270930862,32.71034321394016],[130.34437926538908,32.709534117712195],[130.3449439236006,32.70883522382453],[130.34559265410607,32.70876660550722],[130.3458607245532,32.70848334787097],[130.3463499332318,32.70840266547219],[130.3464751214315,32.70894633939973],[130.3466833960677,32.708330431423],[130.34745889172711,32.70873388626691],[130.3472509252766,32.70901041650277],[130.3474630567353,32.709176220014],[130.34775012490044,32.70984864120015],[130.3473420233183,32.71055273919934],[130.34723134847692,32.71125947085457],[130.34667342959864,32.71189458624469],[130.3470813485195,32.712418554004365],[130.34659014759944,32.7135032087229],[130.34575090057686,32.71434499116812],[130.34575535299908,32.714818747150595],[130.34495911556783,32.71553921690612],[130.34461424235508,32.715872757922476],[130.34427444253583,32.716187666210686],[130.3440880679872,32.716014974092474],[130.3436865449794,32.71536422383158],[130.34327013304383,32.71495619746818],[130.34228081518526,32.71496724586413],[130.34078530363493,32.71530572339843],[130.3398174607656,32.715100097728545],[130.3391468412382,32.715061014647176],[130.33891771427986,32.71519043293915],[130.33856160129537,32.7154022399714],[130.3383236323369,32.71557585809772],[130.33829007439155,32.71560539340739],[130.3381102214701,32.71577352993762],[130.3379521158062,32.71603103631447],[130.3375160286842,32.716192527195936],[130.33690056523184,32.71639483593455],[130.33612000061055,32.716479353895764],[130.3354194182265,32.71656192250615],[130.33538456240777,32.716586446694606],[130.33528210173137,32.716815308121454],[130.33524483593857,32.7169035593629],[130.33523952926197,32.7169333801377],[130.33525039641322,32.71705377146241],[130.335250584564,32.71720870550667],[130.33523536234054,32.71723854099521],[130.33462912673258,32.717493479405185],[130.33445118837332,32.717608430203484],[130.3341900338433,32.71817684678067],[130.33404333634783,32.718362803706604],[130.33346199841048,32.7186076339549],[130.33293539581274,32.71877887668631],[130.33238213277502,32.719329492304304],[130.33223731777466,32.71975548064072],[130.33177293589236,32.71976203667879],[130.33131627288967,32.720233611127234],[130.33117782485076,32.72073571275938],[130.33081494440066,32.7212828541865],[130.33002371123618,32.72151612092941],[130.32980588009133,32.72198708590077],[130.32917990829836,32.72250098101815],[130.32835385841102,32.722828378174015],[130.32757862325892,32.723606165984165],[130.32725462910975,32.72408963327605],[130.3273663726147,32.724694038842685],[130.32720352117903,32.72487485729327],[130.3269981972821,32.724977922646794],[130.32683493159132,32.72504131002982],[130.3263558555032,32.725654755170474],[130.32638530708402,32.72599329939453],[130.3262972225159,32.726139174245894],[130.32591409855044,32.726221449567824],[130.3251989788766,32.726308653271346],[130.32505699300526,32.72650266446691],[130.32572682787728,32.72766301023621],[130.32579697279192,32.72781352345018],[130.32563738048452,32.72803252001312],[130.3255082291617,32.728190303196264],[130.32532850504506,32.72845883540732],[130.32476298879186,32.729317711103036],[130.32446422260747,32.729801277344116],[130.32188025120092,32.7303236473488],[130.32150315645313,32.730448135680035],[130.32113361825907,32.73064230295414],[130.3210877859345,32.73070709616289],[130.3208897059845,32.731039089479644],[130.32060939417613,32.73158432214635],[130.32038252802408,32.73215922142033],[130.3205151831801,32.7329289876215],[130.32035267478673,32.733441632765135],[130.32022808092282,32.73385314537226],[130.32023965842635,32.73411654243727],[130.3202464424022,32.73435672231227],[130.32067020067035,32.7345748735547],[130.32091898573373,32.734708898904394],[130.32093067316623,32.734938427245936],[130.3209496471211,32.73542644864495],[130.32156891685335,32.735794488332886]]]},"properties":{"KEY_CODE":"422140400","PREF":"42","CITY":"214","CITY_NAME":"南島原市","S_NAME":"深江町","SETAI":"338"}},{"type":"Feature","geometry":{"type":"Polygon","coordinates":[[[130.32935022340249,32.7369156705161],[130.328565340525,32.737308162832754],[130.32838374545466,32.73750046329715],[130.32828022709566,32.73753728612112],[130.32795202757382,32.73770443065847],[130.32780824863488,32.73796637173816],[130.3275571009325,32.738101287358866],[130.32749847171192,32.73865655814282],[130.32733634521728,32.73920605187348],[130.32714008604523,32.73918369995979],[130.32702912643842,32.73916444508031],[130.3263273958881,32.73885296320115],[130.32607381667185,32.73875216704865],[130.32604258909518,32.738728398663206],[130.32586837812846,32.738566065270106],[130.32567347476083,32.73841040002761],[130.32543947877866,32.738200509830904],[130.3253231813548,32.73807198697812],[130.32433420354775,32.73718764638115],[130.3238874778605,32.73683962185237],[130.3237294552116,32.736732600029256],[130.32334246298115,32.736452980239996],[130.32326703616914,32.73639026574364],[130.3230958218728,32.736271483465636],[130.3230471154696,32.73624107779192],[130.32284413597816,32.736103072626676],[130.32272998652795,32.73602607408266],[130.3226290272403,32.73589698225543],[130.32245338346334,32.735676940268945],[130.32222178613938,32.73544520998658],[130.32195457814447,32.735266019742056],[130.32156891685335,32.735794488332886],[130.3209496471211,32.73542644864495],[130.32093067316623,32.734938427245936],[130.32091898573373,32.734708898904394],[130.32067020067035,32.7345748735547],[130.3202464424022,32.73435672231227],[130.32023965842635,32.73411654243727],[130.32022808092282,32.73385314537226],[130.32035267478673,32.733441632765135],[130.3205151831801,32.7329289876215],[130.32038252802408,32.73215922142033],[130.32060939417613,32.73158432214635],[130.3208897059845,32.731039089479644],[130.3210877859345,32.73070709616289],[130.32113361825907,32.73064230295414],[130.32150315645313,32.730448135680035],[130.32188025120092,32.7303236473488],[130.32446422260747,32.729801277344116],[130.32476298879186,32.729317711103036],[130.32532850504506,32.72845883540732],[130.3255082291617,32.728190303196264],[130.32563738048452,32.72803252001312],[130.32579697279192,32.72781352345018],[130.32572682787728,32.72766301023621],[130.32505699300526,32.72650266446691],[130.3251989788766,32.726308653271346],[130.32591409855044,32.726221449567824],[130.3262972225159,32.726139174245894],[130.32638530708402,32.72599329939453],[130.3263558555032,32.725654755170474],[130.32683493159132,32.72504131002982],[130.3269981972821,32.724977922646794],[130.32720352117903,32.72487485729327],[130.3273663726147,32.724694038842685],[130.32725462910975,32.72408963327605],[130.32757862325892,32.723606165984165],[130.32835385841102,32.722828378174015],[130.32917990829836,32.72250098101815],[130.32980588009133,32.72198708590077],[130.33002371123618,32.72151612092941],[130.33081494440066,32.7212828541865],[130.33117782485076,32.72073571275938],[130.33131627288967,32.720233611127234],[130.33177293589236,32.71976203667879],[130.33223731777466,32.71975548064072],[130.33238213277502,32.719329492304304],[130.33293539581274,32.71877887668631],[130.33346199841048,32.7186076339549],[130.33404333634783,32.718362803706604],[130.3341900338433,32.71817684678067],[130.33445118837332,32.717608430203484],[130.33462912673258,32.717493479405185],[130.33523536234054,32.71723854099521],[130.335250584564,32.71720870550667],[130.33525039641322,32.71705377146241],[130.33523952926197,32.7169333801377],[130.33524483593857,32.7169035593629],[130.33528210173137,32.716815308121454],[130.33538456240777,32.716586446694606],[130.3354194182265,32.71656192250615],[130.33612000061055,32.716479353895764],[130.33690056523184,32.71639483593455],[130.3375160286842,32.716192527195936],[130.3379521158062,32.71603103631447],[130.3381102214701,32.71577352993762],[130.33829007439155,32.71560539340739],[130.3383236323369,32.71557585809772],[130.33856160129537,32.7154022399714],[130.33891771427986,32.71519043293915],[130.3391468412382,32.715061014647176],[130.3398174607656,32.715100097728545],[130.34078530363493,32.71530572339843],[130.3407704167303,32.71559426891344],[130.34077880292404,32.7157516101893],[130.34120997027944,32.71630361020724],[130.34115448030389,32.71655434857357],[130.34037550933104,32.71691633529854],[130.3404778985523,32.717528785965605],[130.3404361285271,32.717856774600136],[130.3400610649389,32.71816400764371],[130.3398642315592,32.718745044859695],[130.3393065113599,32.718947667232825],[130.33911142335452,32.71904649332105],[130.33898452947577,32.71922850867014],[130.33901600802852,32.71971734961326],[130.3387922586393,32.72002273512385],[130.33871368609528,32.720042287964894],[130.33851581802827,32.720281099673265],[130.33837496076893,32.720601188743245],[130.3379196187727,32.72067506820282],[130.3373222380152,32.72140791608746],[130.33740124358607,32.72208776560536],[130.33697144170628,32.722515497109704],[130.3373738433835,32.722787426992774],[130.33714484743138,32.723130275401175],[130.33645741666817,32.72280428754084],[130.33606122092274,32.72297512964376],[130.33609621906496,32.723359899348665],[130.3348588778662,32.72394570545785],[130.33416252653177,32.72411257386147],[130.33376440993234,32.72450832986137],[130.3331263194336,32.724514739406594],[130.3326511440344,32.724824701762714],[130.3321281969743,32.72558339281923],[130.33158054592147,32.72608705536818],[130.33056172697616,32.72724652875098],[130.3302071364211,32.72774670953246],[130.32907700679087,32.72858907041955],[130.32980628285176,32.729706221262134],[130.33040162116268,32.73118138735182],[130.3307509911478,32.731556671618065],[130.33055797528382,32.732035609919734],[130.33087796345376,32.7329274028252],[130.33079542002577,32.733248286116414],[130.33108137642756,32.73376827466609],[130.33064859576496,32.73390025333688],[130.3307373980762,32.73424586449354],[130.33054561393544,32.73466045919815],[130.32991427459928,32.735124377442084],[130.32990881454904,32.7358581048985],[130.32958003712923,32.73598939378506],[130.32940016364844,32.736367719467985],[130.32935022340249,32.7369156705161]]]},"properties":{"KEY_CODE":"422140410","PREF":"42","CITY":"214","CITY_NAME":"南島原市","S_NAME":"深江町","SETAI":"211"}},{"type":"Feature","geometry":{"type":"Polygon","coordinates":[[[130.33652560826621,32.73146574871135],[130.33628167215818,32.731754585047106],[130.33614467441987,32.73203481888935],[130.33574759577039,32.73266081384785],[130.33259763346823,32.73172487029014],[130.3320975046311,32.731613069994786],[130.33119392316553,32.73163962368055],[130.33104554182256,32.73164645623948],[130.33093706916085,32.73165144329968],[130.3307509911478,32.731556671618065],[130.33040162116268,32.73118138735182],[130.32980628285176,32.729706221262134],[130.32907700679087,32.72858907041955],[130.3302071364211,32.72774670953246],[130.33056172697616,32.72724652875098],[130.33158054592147,32.72608705536818],[130.3321281969743,32.72558339281923],[130.3326511440344,32.724824701762714],[130.3331263194336,32.724514739406594],[130.33376440993234,32.72450832986137],[130.33416252653177,32.72411257386147],[130.3348588778662,32.72394570545785],[130.33609621906496,32.723359899348665],[130.33606122092274,32.72297512964376],[130.33645741666817,32.72280428754084],[130.33714484743138,32.723130275401175],[130.3373738433835,32.722787426992774],[130.33697144170628,32.722515497109704],[130.33740124358607,32.72208776560536],[130.3373222380152,32.72140791608746],[130.3379196187727,32.72067506820282],[130.33837496076893,32.720601188743245],[130.33851581802827,32.720281099673265],[130.33871368609528,32.720042287964894],[130.3387922586393,32.72002273512385],[130.33901600802852,32.719717349613234],[130.33898452947577,32.71922850867014],[130.33911142335452,32.71904649332105],[130.3393065113599,32.718947667232825],[130.3398642315592,32.718745044859695],[130.3400610649389,32.71816400764371],[130.3404361285271,32.717856774600136],[130.3404778985523,32.717528785965605],[130.34037550933104,32.71691633529854],[130.34115448030389,32.71655434857357],[130.34120997027944,32.71630361020724],[130.34077880292404,32.7157516101893],[130.3407704167303,32.71559426891344],[130.34078530363493,32.71530572339843],[130.34228081518526,32.71496724586413],[130.34327013304383,32.71495619746818],[130.3436865449794,32.71536422383158],[130.3440880679872,32.716014974092474],[130.3442744425359,32.716187666210686],[130.34461424235508,32.715872757922476],[130.34495911556783,32.71553921690612],[130.34575535299908,32.714818747150595],[130.34575090057686,32.71434499116812],[130.34659014759944,32.7135032087229],[130.3470813485195,32.712418554004365],[130.34667342959864,32.71189458624469],[130.34723134847692,32.71125947085457],[130.3473420233183,32.71055273919934],[130.34837107534605,32.710668311959516],[130.3486463107278,32.70988123622645],[130.3488447925773,32.70980934617292],[130.35006874239284,32.71028579780468],[130.35065642444414,32.71065960415301],[130.35031254316183,32.711306031062044],[130.35195400608677,32.712089153018056],[130.3518424239535,32.71229151597524],[130.3510989865644,32.71186567506503],[130.3506699095645,32.71242090074721],[130.35096704861783,32.71385421982154],[130.351415467517,32.714206210362846],[130.3511628010237,32.71443553280625],[130.35166872145902,32.7147962186972],[130.35214339985066,32.71489312749699],[130.35268673047986,32.71351172438679],[130.3523663055976,32.71454869243984],[130.35247059829243,32.714948541623926],[130.35345767926657,32.71456855222589],[130.35363218221715,32.713286770719165],[130.35348733587523,32.71239862681872],[130.35359132707194,32.7123888281058],[130.35375400081202,32.71326772617261],[130.3536017149931,32.71461610926565],[130.35238191500508,32.71506143198953],[130.35220102222448,32.715284189057705],[130.3498424267804,32.71779437676833],[130.3492936298507,32.71824292294099],[130.34897269072871,32.71824269486458],[130.34858499095745,32.71865704636412],[130.34816537967362,32.719090003176426],[130.34789078200893,32.7193912452169],[130.34751017111392,32.71982458911749],[130.3472073596527,32.72018286247305],[130.34666480920586,32.72086278031317],[130.34589571639017,32.721806894679276],[130.34485103663158,32.72259502574714],[130.3436942857635,32.723147478822916],[130.34220926448575,32.724743743679795],[130.3418804351017,32.72489938247289],[130.3404932286222,32.72632881742829],[130.34021780681678,32.72722359032668],[130.3387769219449,32.728889468205224],[130.33838039151837,32.72916885833876],[130.33728796290237,32.7298909344387],[130.33719274607395,32.73015514915127],[130.33702588645787,32.73072670235748],[130.33680584302178,32.73107438768212],[130.33652560826621,32.73146574871135]],[[130.3488369676012,32.70983670067619],[130.34868141650466,32.70989239419925],[130.34840854728455,32.710647573050636],[130.34971851770396,32.710825300610885],[130.3502774393649,32.71129489235941],[130.35061611789834,32.710671256853544],[130.35004739560264,32.71030186554894],[130.3488369676012,32.70983670067619]]]},"properties":{"KEY_CODE":"422140420","PREF":"42","CITY":"214","CITY_NAME":"南島原市","S_NAME":"深江町","SETAI":"793"}},{"type":"Feature","geometry":{"type":"Polygon","coordinates":[[[130.36410681364026,32.74199987420868],[130.3640801193377,32.74202373071337],[130.36335220097882,32.742660983116686],[130.36240391352567,32.74356322316267],[130.36128179307784,32.744784850133925],[130.3604205035108,32.74549704376759],[130.3594024356564,32.74593606170754],[130.3580101037295,32.74626796046273],[130.35711175292883,32.7467007761242],[130.35669916071433,32.74618587360197],[130.3566853623128,32.74457294691091],[130.35652145599536,32.743753937074125],[130.3561257236319,32.743352327421796],[130.35596839555683,32.74187926637447],[130.35463632866163,32.742127085817295],[130.3533919987318,32.742266691648844],[130.35282536975305,32.74223808494642],[130.35197745696334,32.74241666865923],[130.3510828960811,32.741076791227705],[130.35035169077952,32.740283181578015],[130.35029277909234,32.73982131294221],[130.3501019732351,32.73947132555646],[130.3508812616665,32.739135348109556],[130.34878173090476,32.735188935829655],[130.3474166638195,32.735667079491],[130.34635463334808,32.73639598483989],[130.34556321212364,32.73665491039603],[130.34458125156348,32.736244790921674],[130.342398042926,32.7352281179617],[130.33921034205633,32.73406985946708],[130.33747244992765,32.73327611688464],[130.33574759577044,32.73266081384785],[130.33614467441987,32.73203481888935],[130.33628167215818,32.731754585047106],[130.33652560826621,32.73146574871135],[130.33680584302178,32.73107438768212],[130.33702588645787,32.73072670235748],[130.33719274607395,32.73015514915127],[130.33728796290237,32.7298909344387],[130.33838039151837,32.72916885833876],[130.3387769219449,32.728889468205224],[130.34021780681678,32.72722359032668],[130.3404932286222,32.72632881742829],[130.3418804351017,32.72489938247289],[130.34220926448575,32.724743743679795],[130.3436942857635,32.723147478822916],[130.34485103663158,32.72259502574714],[130.34589571639017,32.721806894679276],[130.34666480920586,32.72086278031317],[130.3472073596527,32.72018286247305],[130.34751017111392,32.71982458911749],[130.34789078200893,32.7193912452169],[130.34816537967362,32.719090003176426],[130.34858499095745,32.71865704636412],[130.34897269072871,32.71824269486458],[130.3492936298507,32.71824292294099],[130.3498424267804,32.71779437676833],[130.35220102222448,32.715284189057705],[130.35262352895435,32.71522212230526],[130.35288273307944,32.7158758287978],[130.35369893243708,32.71678060415129],[130.3545186848639,32.717487356791985],[130.35493348382425,32.71722734393352],[130.3553357806082,32.717396789895055],[130.35524671757005,32.71783741316112],[130.3571661593565,32.71924439936627],[130.35796938251636,32.72028274938098],[130.35842919855446,32.720695320589996],[130.35887010169404,32.72062855952987],[130.3592319146246,32.72128470491212],[130.35967891064195,32.721575459958245],[130.36037522963858,32.72240937080107],[130.36064944771417,32.722915368929065],[130.3611214100642,32.723400558156975],[130.36143520667375,32.72395688259189],[130.36216069542314,32.72470886233478],[130.3627979597781,32.725532954538465],[130.3645432540988,32.72711900574441],[130.36563100148445,32.72863660211609],[130.3663063626814,32.72966911437026],[130.36688245498476,32.73073463066801],[130.36791498520435,32.73222074621111],[130.36824287074066,32.73279445306221],[130.36806615402855,32.73308564221697],[130.367555727034,32.733200103180906],[130.3679674749339,32.733869232639975],[130.36828466969735,32.733975993173075],[130.36793634713217,32.73319486445054],[130.36828906136128,32.73312252071559],[130.36930347993038,32.73476389364093],[130.3705832796313,32.73532744032769],[130.37110407678182,32.73548141584045],[130.3711302670853,32.73577457133752],[130.37181802812785,32.7364505940145],[130.37207584681678,32.73711758875607],[130.37296397912996,32.7375156917107],[130.37233012785518,32.73797884259692],[130.37106748758677,32.73842430126486],[130.3705725642907,32.73869001045191],[130.36977933574474,32.73892155598767],[130.36892557027747,32.7393495099121],[130.3683177482578,32.739930406815425],[130.36744504380118,32.74026881110159],[130.36635176568186,32.740481908633136],[130.36553106302858,32.7408921398434],[130.3647742671744,32.7414120889413],[130.36410681364026,32.74199987420868]]]},"properties":{"KEY_CODE":"422140430","PREF":"42","CITY":"214","CITY_NAME":"南島原市","S_NAME":"深江町","SETAI":"906"}},{"type":"Feature","geometry":{"type":"Polygon","coordinates":[[[130.29245843719164,32.74798603622767],[130.2919668225321,32.74798694893882],[130.2918123222692,32.74803187155257],[130.29105545252375,32.748214695965316],[130.2905929293712,32.74836597664743],[130.29029693590167,32.74848490420285],[130.29011030268413,32.74854484166306],[130.2897065332209,32.74874175360256],[130.28893450416248,32.74900337426073],[130.28811158438967,32.74934611994362],[130.28809186880636,32.74935129974691],[130.2872376364371,32.74975584891544],[130.28682393396227,32.74998136519068],[130.28655961820417,32.75004393477175],[130.28565659951207,32.75033426025341],[130.2857554986429,32.74999467244394],[130.2858883686804,32.7494311298681],[130.2863191677599,32.7483515321222],[130.28626889664034,32.74784812851423],[130.2860738477419,32.747566504092596],[130.2855274453692,32.74695685691716],[130.2854794639763,32.74620972316861],[130.2854863454982,32.74552052693099],[130.28565244859118,32.745439431072946],[130.28583282066444,32.745350284740994],[130.28603538113902,32.74521508161814],[130.2860875264318,32.74514396638939],[130.28650439931403,32.74435148993693],[130.2868271113817,32.74397289458459],[130.28722925872768,32.743432005136725],[130.287450817844,32.74332496803695],[130.28774860148314,32.74329727180879],[130.28787715747742,32.743279588870635],[130.28768809449562,32.742995783616536],[130.2875740035583,32.74277207826439],[130.28756322807473,32.742551507477664],[130.28757378324832,32.74250053943839],[130.2875678328754,32.742477909520474],[130.2875039743813,32.74239234252184],[130.28751503050174,32.74234142307072],[130.28753975752474,32.74227143237574],[130.2876469991329,32.742038599541544],[130.2876778605447,32.741955377491394],[130.28766182549214,32.741790638355866],[130.28763047190827,32.741619073768575],[130.28763141469753,32.74144179292652],[130.2877447509813,32.741124890466914],[130.28778120403797,32.74100425890162],[130.28777663203093,32.740920519681595],[130.28774759212212,32.7407939423162],[130.2875115491145,32.7397643811076],[130.2875471904822,32.73947572518932],[130.28767600664372,32.73882418387775],[130.28758799059568,32.73870229224099],[130.28744019517418,32.73857919205336],[130.2865095314504,32.737986558256125],[130.2864064763836,32.73780352133517],[130.2865554203271,32.73661472733009],[130.28644839084683,32.73597860693611],[130.2855122629428,32.7349680824797],[130.28529155406397,32.734589838106494],[130.28542761680654,32.73358481917849],[130.2867881834088,32.731776131615604],[130.2887732281822,32.730134935949195],[130.28936187684033,32.72953119587846],[130.28944509302093,32.72885331853595],[130.2899447558882,32.728216444162875],[130.29213965196112,32.72759643455976],[130.29350490375208,32.72716072878681],[130.2974559179449,32.726081767996554],[130.29908010071452,32.72544462018577],[130.30087615434496,32.72489591894396],[130.30157457142784,32.724622823353016],[130.30285181803893,32.72438736554426],[130.30425584508856,32.72374467204364],[130.3050609686696,32.72356043358437],[130.30554668867418,32.72320602133423],[130.30596244811127,32.72256977663286],[130.30687639361486,32.72258850264504],[130.30711453034198,32.722897133499664],[130.30658648166514,32.72330735551976],[130.30640717080954,32.72375796280335],[130.306815932209,32.72435591407769],[130.30641750551132,32.72490865440344],[130.30637939358652,32.72576906501734],[130.30621523304862,32.726004752772944],[130.30492102069158,32.726171470917414],[130.30370211531704,32.726558133028526],[130.30365584346922,32.72685462051336],[130.30409000800464,32.72710670013667],[130.3041307049766,32.727435091653746],[130.30309419443796,32.727836326834556],[130.30305565650875,32.72808455886143],[130.30387011101996,32.72891815866831],[130.30337751151424,32.72913159713242],[130.30407415815336,32.72984784714764],[130.30459921579674,32.72999071879688],[130.3051322655357,32.730512812491966],[130.3061235449358,32.73073343642899],[130.30628297397035,32.731499855199836],[130.30602964660278,32.73199782267639],[130.30640398172582,32.732349700506134],[130.30674584096883,32.733426709087496],[130.30647208984635,32.73398039408968],[130.30598345697345,32.734359305620565],[130.30619344833264,32.73489876571448],[130.30611621797368,32.73533859332704],[130.3075773814273,32.73501732819316],[130.308356195219,32.73520490786595],[130.30904471216493,32.735758474894155],[130.30903222585383,32.736295628167134],[130.30961773953595,32.73696187212503],[130.30967404061235,32.737270150203855],[130.30947401349255,32.73789242690894],[130.30974304220769,32.738523472333185],[130.31038981846152,32.73853284426894],[130.31103683938971,32.73839592928221],[130.31153882303911,32.738517279794095],[130.31213315689067,32.73817743549394],[130.3129918478856,32.7385038635941],[130.31323734853274,32.73912127080118],[130.31305002487247,32.73978972032207],[130.3131300184573,32.74016324664805],[130.31346732187237,32.74053464412525],[130.31427621551683,32.74072590336125],[130.3146579301316,32.740571911758344],[130.31551986363274,32.73997786405506],[130.315977185081,32.7400259929674],[130.31686870912768,32.73979910670256],[130.3184923130512,32.74000567057289],[130.31898600735778,32.74020262691331],[130.31943595779578,32.73920809010749],[130.31978251578252,32.73883053101808],[130.32020850153881,32.737924162148175],[130.3212933766254,32.736524972952466],[130.32156891685335,32.735794488332886],[130.32195457814447,32.735266019742056],[130.32222178613938,32.73544520998658],[130.32245338346334,32.735676940268945],[130.3226290272403,32.73589698225543],[130.32272998652795,32.73602607408266],[130.32284413597816,32.736103072626676],[130.3230471154696,32.73624107779192],[130.3230958218728,32.736271483465636],[130.32326703616914,32.73639026574364],[130.32334246298115,32.736452980239996],[130.3237294552116,32.736732600029256],[130.3238874778605,32.73683962185237],[130.32433420354775,32.73718764638115],[130.3253231813548,32.73807198697812],[130.32543947877866,32.738200509830904],[130.32567347476083,32.73841040002761],[130.32586837812846,32.738566065270106],[130.32604258909518,32.738728398663206],[130.32607381667185,32.73875216704865],[130.3263273958881,32.73885296320115],[130.32702912643842,32.73916444508031],[130.32714008604523,32.73918369995979],[130.32733634521728,32.73920605187348],[130.32749847171192,32.73865655814282],[130.3275571009325,32.738101287358866],[130.32780824863488,32.73796637173816],[130.32795202757382,32.73770443065847],[130.32828022709566,32.73753728612112],[130.32838374545466,32.73750046329715],[130.328565340525,32.737308162832754],[130.32935022340249,32.7369156705161],[130.32940016364844,32.736367719467985],[130.32958003712923,32.73598939378506],[130.32990881454904,32.7358581048985],[130.32991427459928,32.735124377442084],[130.33054561393544,32.73466045919815],[130.3307373980762,32.73424586449354],[130.33064859576496,32.73390025333688],[130.33108137642756,32.73376827466609],[130.33079542002577,32.733248286116414],[130.33087796345376,32.7329274028252],[130.33055797528382,32.732035609919734],[130.3307509911478,32.731556671618065],[130.33093706916085,32.73165144329968],[130.33104554182256,32.73164645623948],[130.33119392316553,32.73163962368055],[130.3320975046311,32.731613069994786],[130.33259763346823,32.73172487029014],[130.33574759577039,32.73266081384785],[130.33747244992765,32.73327611688464],[130.33921034205633,32.73406985946708],[130.342398042926,32.7352281179617],[130.34458125156348,32.736244790921674],[130.34556321212364,32.73665491039603],[130.34635463334808,32.73639598483989],[130.3474166638195,32.735667079491],[130.34878173090476,32.735188935829655],[130.3508812616665,32.739135348109556],[130.3501019732351,32.73947132555646],[130.35029277909234,32.73982131294221],[130.35035169077952,32.740283181578015],[130.3510828960811,32.741076791227705],[130.35197745696334,32.74241666865923],[130.35096494985433,32.7426176178139],[130.3511625733634,32.74364731054181],[130.35122050528378,32.74484508662013],[130.35042779761878,32.74499305513273],[130.3501561946643,32.745228891443325],[130.34826193559485,32.74532708918815],[130.34837791908834,32.745741940828424],[130.34909377899967,32.74640935049752],[130.3489437413774,32.74717399291952],[130.34866338013947,32.74726116928577],[130.34851850697495,32.74807880136555],[130.34816007946594,32.74803972653617],[130.34686809438898,32.74843661238196],[130.34499327410023,32.74858609358274],[130.3449447740365,32.748103757025376],[130.34432288109159,32.74794665062057],[130.3432106473217,32.74805559442055],[130.34239847578792,32.74804427008471],[130.34160123438622,32.747662343271706],[130.34104027606926,32.747273513361854],[130.34100239932886,32.747252937078045],[130.34097269734673,32.74724146187554],[130.3408794272725,32.747216593508156],[130.34080033354329,32.74721859104977],[130.340736475439,32.74722737111832],[130.34052862068296,32.74733067547244],[130.3404672715461,32.74740243065692],[130.34033385091217,32.74761091142964],[130.34029598741526,32.74769779400654],[130.3401711960631,32.74785796208429],[130.3400868775809,32.74788063392896],[130.33997649918106,32.74787157151635],[130.33972253741092,32.74780628139189],[130.33961634975248,32.7477728695924],[130.3392104043182,32.74764466243427],[130.33893115489948,32.747576266091876],[130.3385293408318,32.74741717497227],[130.33830659275148,32.74739089017647],[130.33794084570283,32.74737048381466],[130.33782434301375,32.74738372138453],[130.33773606500986,32.74739312188266],[130.3372620256056,32.74738159804523],[130.33711921950587,32.74741688386004],[130.33653452974295,32.74776732628702],[130.3364115334384,32.74773717949141],[130.33593888415467,32.747544782558535],[130.33548075865306,32.74739851385152],[130.33522357088083,32.74740677810466],[130.33447099320273,32.74759805809403],[130.3339890435554,32.747560377140644],[130.3339289554294,32.747544430393184],[130.33369007134837,32.74744139801872],[130.33349787709375,32.74736584578764],[130.33338934216746,32.74734857909021],[130.33323477983367,32.74736593823873],[130.33288853896627,32.747478931945814],[130.33254268212747,32.747508325716886],[130.3323751896845,32.747524677174326],[130.3317964283602,32.74768102177168],[130.33069295401543,32.747289418031535],[130.33000241662927,32.746936199281684],[130.32950093926885,32.74707529697734],[130.32901336445897,32.74773340022056],[130.3278011553143,32.746995539788855],[130.32747113445157,32.746925420067],[130.32655552450026,32.74706708774927],[130.32602825553874,32.74668033364432],[130.32504346182694,32.747238418871525],[130.32453182001228,32.74702671591363],[130.32373143170955,32.74726104458674],[130.32252066650588,32.74734479517645],[130.32228380453188,32.74716126627972],[130.32218269213004,32.74665444331073],[130.3214978312094,32.74678805222946],[130.3210053369392,32.74666358361315],[130.32074141918932,32.74625623713736],[130.320288577344,32.74609154725562],[130.31970171934648,32.74613948216577],[130.3193904809621,32.74611691856702],[130.3191559767987,32.74608926388558],[130.3187822531185,32.74612543179179],[130.31856667558884,32.74615298995857],[130.31836877230816,32.746180259121466],[130.31791104733796,32.74635659398876],[130.31755020577575,32.74641569492961],[130.31639753951725,32.74644456865038],[130.31610602471252,32.74633595805181],[130.3158801903736,32.74626221970071],[130.31561455633542,32.746405103519734],[130.31526841016355,32.74647636408722],[130.31511029189087,32.74646050488342],[130.31481990946912,32.74647617330109],[130.3146242669102,32.746523466284316],[130.31347853862843,32.746728748999345],[130.31315929873534,32.74676147245016],[130.31286476164294,32.746723463080336],[130.31240218222715,32.74656836188456],[130.31222579517555,32.74654187171263],[130.3121514221282,32.74655002699226],[130.31182786215427,32.74671321484884],[130.31172487266832,32.7467645088502],[130.31156163971747,32.74679163669896],[130.31150167557885,32.74677974271486],[130.3111951086839,32.746619043594826],[130.31100041529388,32.74655976674077],[130.310825533553,32.74650631685299],[130.31022767020207,32.746250792386924],[130.30964109985635,32.74624995994214],[130.30866702188712,32.74635751427138],[130.30806014659817,32.746517949548625],[130.30759499621357,32.74667900200812],[130.30633448941666,32.747363623538206],[130.306022194389,32.747456371665706],[130.30560208211074,32.74754635882205],[130.30522516631677,32.747572625765166],[130.30513650569102,32.74755889208258],[130.30488408925217,32.747486852905105],[130.3046967854116,32.747479880698236],[130.3044248739218,32.74739977602748],[130.30423750342038,32.747376423399956],[130.30413311850288,32.74740310717042],[130.30368386695332,32.74756274053558],[130.30348076740992,32.74758859273172],[130.30301530167836,32.747520643262355],[130.30289582218228,32.747518678022864],[130.3027208023825,32.747440696983226],[130.3025172341492,32.74741471587894],[130.30174076876963,32.747220525685506],[130.3014279058098,32.74724980665578],[130.30129525706326,32.74722064074875],[130.30115568080632,32.74713424172421],[130.30094121980406,32.74708331643886],[130.30065365624932,32.74694921252435],[130.30046982458836,32.74696674796405],[130.30005010878548,32.74696123404267],[130.29990777498753,32.746921225332095],[130.29945349561277,32.747022329185434],[130.29921121905377,32.74700204980105],[130.2989821187766,32.74701987015324],[130.29865455100418,32.74720474372139],[130.29828226988158,32.74738648329525],[130.29793374942471,32.74744692739106],[130.297492166471,32.747542225327265],[130.29718635790368,32.74763419498878],[130.29700612910943,32.74770081212787],[130.29666681992313,32.74765386877312],[130.29660978473484,32.747652628747275],[130.29647638400613,32.74766054126677],[130.29634739961662,32.74767774285381],[130.2962299409342,32.74771570832979],[130.2961748315199,32.747724865190406],[130.29585993959034,32.74766728383125],[130.29559798291987,32.747618612892566],[130.29477474449448,32.74768646203907],[130.29447363432874,32.74780994050596],[130.2943565970061,32.747886807890154],[130.29409561960247,32.74794863177997],[130.29379824160134,32.74800453922656],[130.29366508867366,32.74805942144081],[130.29319884345003,32.748082018833664],[130.29289243552878,32.748097470693985],[130.29261761842267,32.74807466068657],[130.29245843719164,32.74798603622767]]]},"properties":{"KEY_CODE":"422140440","PREF":"42","CITY":"214","CITY_NAME":"南島原市","S_NAME":"深江町","SETAI":"256"}}]}