{"type":"FeatureCollection","features":[{"type":"Feature","geometry":{"type":"Polygon","coordinates":[[[131.4981876418326,33.288312277047176],[131.49625095180264,33.28846949558771],[131.4965626273282,33.28577689097629],[131.49672975351785,33.28452735687058],[131.49905925541503,33.28474535428009],[131.49880693511005,33.28665157633964],[131.4981876418326,33.288312277047176]]]},"properties":{"KEY_CODE":"442020010","PREF":"44","CITY":"202","CITY_NAME":"別府市","S_NAME":"幸町","SETAI":"518"}},{"type":"Feature","geometry":{"type":"Polygon","coordinates":[[[131.50085278640984,33.288493656275065],[131.4981876418326,33.288312277047176],[131.49880693511005,33.28665157633964],[131.49905925541503,33.28474535428009],[131.50139174065734,33.28496079698179],[131.50117591959082,33.28621864498659],[131.50085278640984,33.288493656275065]]]},"properties":{"KEY_CODE":"442020020","PREF":"44","CITY":"202","CITY_NAME":"別府市","S_NAME":"富士見町","SETAI":"305"}},{"type":"Feature","geometry":{"type":"Polygon","coordinates":[[[131.49963169861394,33.280100166452776],[131.49963036861072,33.2801097167569],[131.49953481434085,33.28077307053279],[131.49945540824413,33.28143000049758],[131.49937214315037,33.282079531769504],[131.4992044421369,33.28339450065962],[131.49905925541503,33.28474535428009],[131.49672975351785,33.28452735687058],[131.49699134570503,33.28223165473818],[131.49716635107313,33.28088960120083],[131.4971998960776,33.280626362294164],[131.49753224758675,33.28053112844515],[131.49963169861394,33.280100166452776]]]},"properties":{"KEY_CODE":"442020030","PREF":"44","CITY":"202","CITY_NAME":"別府市","S_NAME":"野口中町","SETAI":"564"}},{"type":"Feature","properties":{"KEY_CODE":"44202004001","PREF":"44","CITY":"202","CITY_NAME":"別府市","S_NAME":"野口元町","SETAI":"574"},"geometry":{"type":"Polygon","coordinates":[[[131.49905925541503,33.28474535428009],[131.4992044421369,33.28339450065962],[131.49937214315037,33.282079531769504],[131.49945540824413,33.28143000049758],[131.49953481434085,33.28077307053279],[131.49963036861072,33.2801097167569],[131.49963169861394,33.280100166452776],[131.50036749023303,33.28018146720869],[131.5012465887898,33.281525375160484],[131.50146496706503,33.28202913615249],[131.50146804770907,33.28203949655244],[131.50154250179395,33.28228930589106],[131.50154691082696,33.28230467949542],[131.5016527101166,33.28291207507582],[131.50164831111843,33.28318090297688],[131.5016400523397,33.28328258730391],[131.50160114546972,33.28361014455377],[131.50139174065734,33.28496079698179],[131.49905925541503,33.28474535428009]]]}},{"type":"Feature","geometry":{"type":"Polygon","coordinates":[[[131.50328339921182,33.279239844715256],[131.5030197177605,33.28110437395602],[131.50286246955437,33.28241369079735],[131.50154691082696,33.28230467949542],[131.50154250179395,33.28228930589106],[131.50146804770907,33.28203949655244],[131.50146496706503,33.28202913615249],[131.5012465887898,33.281525375160484],[131.50085364251453,33.28021811844535],[131.50098784498385,33.27956073380999],[131.5023186735111,33.279126764821555],[131.50328339921182,33.279239844715256]]]},"properties":{"KEY_CODE":"442020050","PREF":"44","CITY":"202","CITY_NAME":"別府市","S_NAME":"駅前本町","SETAI":"284"}},{"type":"Feature","geometry":{"type":"Polygon","coordinates":[[[131.49925080983627,33.2777539226635],[131.50009146711014,33.27753831965565],[131.50268045449752,33.27777076053006],[131.5023186735111,33.279126764821555],[131.50098784498385,33.27956073380999],[131.50085364251453,33.28021811844535],[131.5012465887898,33.281525375160484],[131.50036749023303,33.28018146720869],[131.49925080983627,33.2777539226635]]]},"properties":{"KEY_CODE":"442020060","PREF":"44","CITY":"202","CITY_NAME":"別府市","S_NAME":"駅前町","SETAI":"228"}},{"type":"Feature","properties":{"KEY_CODE":"44202007001","PREF":"44","CITY":"202","CITY_NAME":"別府市","S_NAME":"上野口町","SETAI":"536"},"geometry":{"type":"Polygon","coordinates":[[[131.48676021835934,33.29002264203193],[131.4875353871943,33.28893871139778],[131.48815324629408,33.28854795252245],[131.49000331811325,33.2864298027058],[131.48840102866222,33.285134726316315],[131.48856342502225,33.283746934277296],[131.48889397540495,33.28114108696033],[131.48896291826873,33.28053669641081],[131.48905049410277,33.279874963007735],[131.49371314077734,33.28032268643698],[131.49363944759028,33.28091007501375],[131.49440736118078,33.28098285232638],[131.49457867280998,33.28233363779898],[131.49403955104844,33.28229635731419],[131.49425271875805,33.28363292303898],[131.49326579992865,33.283550773482816],[131.4931776260056,33.28418892304674],[131.4940984988248,33.28427116237482],[131.49341388947698,33.28548137043996],[131.49294738565303,33.28610804115203],[131.49258794229365,33.2889242442408],[131.4888068082203,33.29000090164326],[131.48676021835934,33.29002264203193]]]}},{"type":"Feature","properties":{"KEY_CODE":"44202008001","PREF":"44","CITY":"202","CITY_NAME":"別府市","S_NAME":"天満町","SETAI":"549"},"geometry":{"type":"Polygon","coordinates":[[[131.49258794229365,33.2889242442408],[131.49294738565303,33.28610804115203],[131.49341388947698,33.28548137043996],[131.4940984988248,33.28427116237482],[131.49672975351785,33.28452735687058],[131.4965626273282,33.28577689097629],[131.49625095180264,33.28846949558771],[131.49258794229365,33.2889242442408]]]}},{"type":"Feature","properties":{"KEY_CODE":"44202009001","PREF":"44","CITY":"202","CITY_NAME":"別府市","S_NAME":"楠町","SETAI":"231"},"geometry":{"type":"Polygon","coordinates":[[[131.50285244942887,33.27646091932834],[131.50296806903162,33.274925087132196],[131.5057676148674,33.27512055209219],[131.50647128122083,33.275170097153094],[131.50839225363734,33.27529853357986],[131.50903127373155,33.27535002020276],[131.50903143254868,33.275377070359326],[131.50877110158393,33.27564592964797],[131.50847682270447,33.27562550751116],[131.50829457191824,33.277311500756525],[131.50874796756548,33.27719152952686],[131.50927733150272,33.27703428177075],[131.5094950946184,33.274993745013724],[131.50937955992865,33.2770762336217],[131.5082606224509,33.27737836816814],[131.5082135648031,33.277412833913644],[131.5080578361091,33.277579382982466],[131.50751342709754,33.2775536373912],[131.50701677347462,33.27685297668169],[131.50507038407784,33.27666349340522],[131.50488162917054,33.276646682177514],[131.50365120215145,33.27653466420232],[131.50285244942887,33.27646091932834]]]}},{"type":"Feature","geometry":{"type":"Polygon","coordinates":[[[131.50735946369787,33.278201228079894],[131.50268045449752,33.27777076053006],[131.5028112544904,33.27710795313432],[131.50285244942881,33.27646091932834],[131.50365120215145,33.27653466420232],[131.50488162917054,33.276646682177514],[131.50507038407784,33.27666349340522],[131.50701677347462,33.27685297668169],[131.50751342709754,33.2775536373912],[131.50744431922348,33.27785419142522],[131.50740413040802,33.27795894565],[131.50735946369787,33.278201228079894]]]},"properties":{"KEY_CODE":"442020100","PREF":"44","CITY":"202","CITY_NAME":"別府市","S_NAME":"元町","SETAI":"295"}},{"type":"Feature","geometry":{"type":"Polygon","coordinates":[[[131.50798532298901,33.279254683367355],[131.5062814578712,33.27924175344706],[131.5062107354244,33.279568815555315],[131.50328339921182,33.279239844715256],[131.5023186735111,33.279126764821555],[131.50268045449752,33.27777076053006],[131.50735946369787,33.278201228079894],[131.5073271875713,33.278382158062755],[131.50727245324504,33.279119974193726],[131.50778685174075,33.27915484649874],[131.50804260743345,33.27883188440855],[131.50805981849751,33.27883452854773],[131.50805099351032,33.278795782219255],[131.5081065596709,33.27856653843083],[131.50812680995057,33.27854481312498],[131.50818555194388,33.27830652136353],[131.50817144888862,33.27828313847461],[131.50842277696944,33.27775731461578],[131.50846777722347,33.27774360538386],[131.50848684712616,33.27769935918468],[131.50798532298901,33.279254683367355]]]},"properties":{"KEY_CODE":"44202011001","PREF":"44","CITY":"202","CITY_NAME":"別府市","S_NAME":"北浜一丁目","SETAI":"175"}},{"type":"Feature","geometry":{"type":"Polygon","coordinates":[[[131.50759637172408,33.280896355189],[131.50598792097998,33.280644880638796],[131.5057885297559,33.28133019964922],[131.5030197177605,33.28110437395602],[131.50328339921182,33.279239844715256],[131.5062107354244,33.279568815555315],[131.5062814578712,33.27924175344706],[131.50798532298901,33.279254683367355],[131.50785233671022,33.27980505248335],[131.5076490703724,33.280556648196466],[131.50760588291598,33.28070109548571],[131.50761926171108,33.28078760216388],[131.50759637172408,33.280896355189]]]},"properties":{"KEY_CODE":"44202011002","PREF":"44","CITY":"202","CITY_NAME":"別府市","S_NAME":"北浜二丁目","SETAI":"89"}},{"type":"Feature","geometry":{"type":"Polygon","coordinates":[[[131.50711980941654,33.28281867433498],[131.50659211856518,33.28271521679556],[131.50620369575273,33.28264784052998],[131.50621482278476,33.28261419504319],[131.5053598836799,33.282657292294566],[131.50286246955437,33.28241369079735],[131.5030197177605,33.28110437395602],[131.5057885297559,33.28133019964922],[131.50598792097998,33.280644880638796],[131.50759637172408,33.280896355189],[131.50757534254583,33.28098615418963],[131.50755031682306,33.281109779208435],[131.5073722392663,33.281867032003596],[131.50711980941654,33.28281867433498]]]},"properties":{"KEY_CODE":"44202011003","PREF":"44","CITY":"202","CITY_NAME":"別府市","S_NAME":"北浜三丁目","SETAI":"241"}},{"type":"Feature","geometry":{"type":"Polygon","coordinates":[[[131.50584266657137,33.28374023997867],[131.50519297375,33.28573127632017],[131.50554438056196,33.28580669904983],[131.5061350892405,33.28605680990221],[131.50451179286893,33.28572302832294],[131.50459139624022,33.28526316441443],[131.5049554476292,33.28392363134078],[131.50160114546972,33.28361014455377],[131.5016400523397,33.28328258730391],[131.50164831111843,33.28318090297688],[131.5016527101166,33.28291207507582],[131.50154691082696,33.28230467949542],[131.50286246955437,33.28241369079735],[131.5053598836799,33.282657292294566],[131.50621482278476,33.28261419504319],[131.50620369575273,33.28264784052998],[131.50584266657137,33.28374023997867]]]},"properties":{"KEY_CODE":"442020120","PREF":"44","CITY":"202","CITY_NAME":"別府市","S_NAME":"南的ケ浜町","SETAI":"357"}},{"type":"Feature","geometry":{"type":"Polygon","coordinates":[[[131.50160114546972,33.28361014455377],[131.5049554476292,33.28392363134078],[131.50459139624022,33.28526316441443],[131.50139174065734,33.28496079698179],[131.50160114546972,33.28361014455377]]]},"properties":{"KEY_CODE":"442020130","PREF":"44","CITY":"202","CITY_NAME":"別府市","S_NAME":"北的ケ浜町","SETAI":"214"}},{"type":"Feature","geometry":{"type":"Polygon","coordinates":[[[131.50139174065734,33.28496079698179],[131.50459139624022,33.28526316441443],[131.50451179286893,33.28572302832294],[131.50437802518516,33.28651075951886],[131.50117591959082,33.28621864498659],[131.50139174065734,33.28496079698179]]]},"properties":{"KEY_CODE":"442020140","PREF":"44","CITY":"202","CITY_NAME":"別府市","S_NAME":"弓ケ浜町","SETAI":"173"}},{"type":"Feature","geometry":{"type":"Polygon","coordinates":[[[131.5041365271303,33.28888494944566],[131.50392337274903,33.28886625477977],[131.50208004157005,33.28865833947859],[131.50093903327925,33.28850477867965],[131.50085278640984,33.288493656275065],[131.50117591959082,33.28621864498659],[131.50437802518516,33.28651075951886],[131.50451179286893,33.28572302832294],[131.5061350892405,33.28605680990221],[131.50602979079673,33.286380928795424],[131.5059260185205,33.286701605533324],[131.50588232130605,33.286861577398234],[131.50524307296075,33.28882702003764],[131.50416847183186,33.288693177101884],[131.5041365271303,33.28888494944566]]]},"properties":{"KEY_CODE":"442020150","PREF":"44","CITY":"202","CITY_NAME":"別府市","S_NAME":"京町","SETAI":"367"}},{"type":"Feature","geometry":{"type":"Polygon","coordinates":[[[131.5044338599938,33.29020355962484],[131.50431118448464,33.29089661445434],[131.50416939589624,33.29163573104603],[131.5040463627783,33.292274660966086],[131.50309574465612,33.29210761982002],[131.5031914346837,33.29173129214309],[131.5004236079811,33.29169116195603],[131.5005990816743,33.29060633828108],[131.50093903327925,33.28850477867965],[131.50208004157005,33.28865833947859],[131.50392337274903,33.28886625477977],[131.5041365271303,33.28888494944566],[131.50408515824492,33.289083471282815],[131.50490029001514,33.28916557421621],[131.50528698955665,33.289199168687404],[131.50529149689933,33.289231628331045],[131.50452231044537,33.28915357086109],[131.50434070987072,33.290056961212606],[131.50436541466968,33.29005775987218],[131.50442022626746,33.29007196134283],[131.50443423386702,33.29007912818955],[131.50447955007058,33.290119524624345],[131.50449696505194,33.29015731901289],[131.5051168123694,33.29022065548535],[131.50524133798402,33.290214743982354],[131.5052894950471,33.29018749683729],[131.50530865807715,33.29016487556581],[131.50533417534845,33.29011697410083],[131.50579398630902,33.289235906985134],[131.50580578048567,33.289237653614606],[131.50539872240404,33.29013925725473],[131.5053710903372,33.29019167603717],[131.50536043726729,33.290206145274226],[131.5052502167572,33.290270611554085],[131.5051944364442,33.2902780562686],[131.50494524584784,33.290258316573066],[131.5044338599938,33.29020355962484]]]},"properties":{"KEY_CODE":"442020160","PREF":"44","CITY":"202","CITY_NAME":"別府市","S_NAME":"若草町","SETAI":"543"}},{"type":"Feature","geometry":{"type":"Polygon","coordinates":[[[131.50354950384033,33.29493868051878],[131.50355722786585,33.294976514002926],[131.50349261563318,33.29606159992423],[131.50015713722786,33.295929208654734],[131.50023089166055,33.29441445210535],[131.50031175228983,33.292753503362185],[131.5004236079811,33.29169116195603],[131.5031914346837,33.29173129214309],[131.50309574465612,33.29210761982002],[131.5040463627783,33.292274660966086],[131.50388282852933,33.29315002912034],[131.50395054231942,33.29316058933719],[131.50383475705527,33.29356503332752],[131.50381968429826,33.29356240175159],[131.50382425316954,33.29360565502755],[131.50354950384033,33.29493868051878]]]},"properties":{"KEY_CODE":"442020170","PREF":"44","CITY":"202","CITY_NAME":"別府市","S_NAME":"餅ケ浜町","SETAI":"423"}},{"type":"Feature","geometry":{"type":"Polygon","coordinates":[[[131.50392293850305,33.299198303665996],[131.5023788984355,33.299181874745074],[131.5023811463077,33.29977956303806],[131.49999848946,33.29975610643713],[131.50000997639404,33.29898924606507],[131.50008301304192,33.29745195418942],[131.50015713722786,33.295929208654734],[131.50349261563318,33.29606159992423],[131.503468809981,33.29697065564991],[131.50338819387255,33.2971096456104],[131.5034765411683,33.29719247143347],[131.50438673951203,33.29769195012864],[131.50577953370345,33.29845547477064],[131.50573040794947,33.298505271252075],[131.50563562532813,33.29845606060836],[131.5056319076273,33.29855347224683],[131.50499238633645,33.29844515081176],[131.50344835583195,33.297894160317824],[131.50377583536823,33.29808036982227],[131.50353948721988,33.29805970202627],[131.50343362668914,33.298506501145326],[131.5036830944326,33.2985695270886],[131.50342269555742,33.299035868026415],[131.50343455987397,33.29904212519215],[131.5037810774393,33.29899295563775],[131.5037807095974,33.29892891993038],[131.50380674901234,33.2989711876446],[131.50392163076597,33.29897072156839],[131.50390912904487,33.2990356917507],[131.50392293850305,33.299198303665996]]]},"properties":{"KEY_CODE":"442020180","PREF":"44","CITY":"202","CITY_NAME":"別府市","S_NAME":"新港町","SETAI":"224"}},{"type":"Feature","geometry":{"type":"Polygon","coordinates":[[[131.50268045449752,33.27777076053006],[131.50009146711014,33.27753831965565],[131.49925080983627,33.2777539226635],[131.49895454546257,33.27611055608612],[131.50285244942887,33.27646091932834],[131.5028112544904,33.27710795313432],[131.50268045449752,33.27777076053006]]]},"properties":{"KEY_CODE":"442020190","PREF":"44","CITY":"202","CITY_NAME":"別府市","S_NAME":"中央町","SETAI":"194"}},{"type":"Feature","geometry":{"type":"Polygon","coordinates":[[[131.49699134570503,33.28223165473818],[131.49672975351785,33.28452735687058],[131.4940984988248,33.28427116237482],[131.4931776260056,33.28418892304674],[131.49326579992865,33.283550773482816],[131.49425271875805,33.28363292303898],[131.49403955104844,33.28229635731419],[131.49457867280998,33.28233363779898],[131.49440736118078,33.28098285232638],[131.49363944759028,33.28091007501375],[131.49371314077734,33.28032268643698],[131.4971998960776,33.280626362294164],[131.49716635107313,33.28088960120083],[131.49699134570503,33.28223165473818]]]},"properties":{"KEY_CODE":"442020200","PREF":"44","CITY":"202","CITY_NAME":"別府市","S_NAME":"西野口町","SETAI":"646"}},{"type":"Feature","geometry":{"type":"Polygon","coordinates":[[[131.49963169861394,33.280100166452776],[131.49753224758675,33.28053112844515],[131.4971998960776,33.280626362294164],[131.49752816434665,33.278168181472324],[131.49765917516766,33.277083724535],[131.4977895576403,33.27599323333863],[131.49895454546257,33.27611055608612],[131.49925080983627,33.2777539226635],[131.50036749023303,33.28018146720869],[131.49963169861394,33.280100166452776]]]},"properties":{"KEY_CODE":"442020210","PREF":"44","CITY":"202","CITY_NAME":"別府市","S_NAME":"田の湯町","SETAI":"455"}},{"type":"Feature","geometry":{"type":"Polygon","coordinates":[[[131.49432339089057,33.275669419830436],[131.4977895576403,33.27599323333863],[131.49765917516766,33.277083724535],[131.49752816434665,33.278168181472324],[131.4971998960776,33.280626362294164],[131.49371314077734,33.28032268643698],[131.49381107204493,33.27961030411886],[131.49390893264257,33.27877552992382],[131.4942386342275,33.276336583510584],[131.49432118435587,33.275686793132195],[131.49432339089057,33.275669419830436]]]},"properties":{"KEY_CODE":"442020220","PREF":"44","CITY":"202","CITY_NAME":"別府市","S_NAME":"上田の湯町","SETAI":"657"}},{"type":"Feature","geometry":{"type":"Polygon","coordinates":[[[131.49311464836705,33.27565609588222],[131.49432118435587,33.275686793132195],[131.4942386342275,33.276336583510584],[131.49390893264257,33.27877552992382],[131.49381107204493,33.27961030411886],[131.49371314077734,33.28032268643698],[131.48905049410277,33.279874963007735],[131.48905731993037,33.27982113546872],[131.48925370622968,33.278277668930436],[131.4895010341304,33.277882770974664],[131.49188598763368,33.276109093199054],[131.49311464836705,33.27565609588222]]]},"properties":{"KEY_CODE":"442020230","PREF":"44","CITY":"202","CITY_NAME":"別府市","S_NAME":"青山町","SETAI":"517"}},{"type":"Feature","geometry":{"type":"Polygon","coordinates":[[[131.48471386352298,33.27754666746833],[131.4893054627869,33.27787082115459],[131.48925370622968,33.278277668930436],[131.48905731993037,33.27982113546872],[131.48793047070419,33.27972962093465],[131.48442350820508,33.27940913757917],[131.48471386352298,33.27754666746833]]]},"properties":{"KEY_CODE":"442020240","PREF":"44","CITY":"202","CITY_NAME":"別府市","S_NAME":"上原町","SETAI":"303"}},{"type":"Feature","geometry":{"type":"Polygon","coordinates":[[[131.48856342502225,33.283746934277296],[131.48479341006242,33.28338930732627],[131.48395534137254,33.28342285364661],[131.48436238368248,33.2799333526116],[131.48442350820508,33.27940913757917],[131.48793047070419,33.27972962093465],[131.4890573199304,33.27982113546872],[131.48896291826873,33.28053669641081],[131.48889397540495,33.28114108696033],[131.48856342502225,33.283746934277296]]]},"properties":{"KEY_CODE":"442020250","PREF":"44","CITY":"202","CITY_NAME":"別府市","S_NAME":"山の手町","SETAI":"367"}},{"type":"Feature","geometry":{"type":"Polygon","coordinates":[[[131.4893054627869,33.27787082115459],[131.48471386352298,33.27754666746833],[131.4848060898824,33.27743611056602],[131.48579088087254,33.27679623134227],[131.4861810313178,33.27372200699784],[131.48592083509135,33.27321861686526],[131.486848100165,33.2737885397128],[131.4875509508592,33.27507483631442],[131.48803033712122,33.275134216939534],[131.48969757838722,33.27401109355825],[131.48978521280017,33.27409914886732],[131.4893054627869,33.27787082115459]]]},"properties":{"KEY_CODE":"442020260","PREF":"44","CITY":"202","CITY_NAME":"別府市","S_NAME":"原町","SETAI":"446"}},{"type":"Feature","geometry":{"type":"Polygon","coordinates":[[[131.49432118435587,33.275686793132195],[131.49311464836705,33.27565609588222],[131.49188598763368,33.276109093199054],[131.4895010341304,33.277882770974664],[131.48925370622968,33.278277668930436],[131.4893054627869,33.27787082115459],[131.48978521280017,33.27409914886732],[131.48969757838722,33.27401109355825],[131.490861929271,33.27320965951225],[131.4921906101355,33.27283262198015],[131.49329013020366,33.272885496839216],[131.49455116360969,33.273427912627035],[131.49452870992593,33.27409989621549],[131.49432339089057,33.275669419830436],[131.49432118435587,33.275686793132195]]]},"properties":{"KEY_CODE":"442020270","PREF":"44","CITY":"202","CITY_NAME":"別府市","S_NAME":"中島町","SETAI":"537"}},{"type":"Feature","properties":{"KEY_CODE":"44202028001","PREF":"44","CITY":"202","CITY_NAME":"別府市","S_NAME":"光町","SETAI":"534"},"geometry":{"type":"Polygon","coordinates":[[[131.49432339089057,33.275669419830436],[131.49452870992593,33.27409989621549],[131.49455116360969,33.273427912627035],[131.49638933458482,33.2733550322748],[131.49820043063457,33.272610973638535],[131.49825251105594,33.272574610661785],[131.49881562552434,33.27225024554952],[131.50041374232381,33.27208862735645],[131.50008890727418,33.27282991202356],[131.49947755050638,33.27442853560211],[131.49936906898498,33.27471874171021],[131.49895454546257,33.27611055608612],[131.4977895576403,33.27599323333863],[131.49432339089057,33.275669419830436]]]}},{"type":"Feature","geometry":{"type":"Polygon","coordinates":[[[131.50041374232381,33.27208862735645],[131.49881562552434,33.27225024554952],[131.49825251105594,33.272574610661785],[131.49573234819155,33.27152067590604],[131.49643151778074,33.271118613569556],[131.49686584037173,33.270110416346036],[131.4981245113813,33.26920541780735],[131.49780312345501,33.2685930726662],[131.49712508304668,33.268675396618626],[131.49677928411552,33.2688732144223],[131.49645341979598,33.26859771226879],[131.49582315952046,33.26609183962573],[131.49882214757218,33.26594324698337],[131.50137259475605,33.26577998844198],[131.50232384484977,33.267765650156186],[131.5027082548901,33.26847464361144],[131.50320471357622,33.26913360556398],[131.50179003028651,33.26986360781261],[131.50104556346554,33.27066906563209],[131.50041374232381,33.27208862735645]]]},"properties":{"KEY_CODE":"44202029001","PREF":"44","CITY":"202","CITY_NAME":"別府市","S_NAME":"朝見一丁目","SETAI":"558"}},{"type":"Feature","geometry":{"type":"Polygon","coordinates":[[[131.4981245113813,33.26920541780735],[131.49686584037173,33.270110416346036],[131.49643151778074,33.271118613569556],[131.49573234819155,33.27152067590604],[131.49825251105594,33.272574610661785],[131.49820043063457,33.272610973638535],[131.49638933458482,33.2733550322748],[131.49455116360969,33.273427912627035],[131.4940361261485,33.27232211571101],[131.49107518152786,33.27172501951224],[131.49037643170564,33.270791534356704],[131.49080335221598,33.27009036857731],[131.49182236863746,33.26954597797567],[131.49141639419483,33.26911682595128],[131.4897255814437,33.268655795806666],[131.48985232504785,33.26816456446678],[131.49024455941935,33.2681903858297],[131.49061689153484,33.2682777168442],[131.49091614219773,33.26838088780608],[131.491095884804,33.26837869120432],[131.49115764975633,33.26839323590162],[131.49158600744488,33.26857139134291],[131.4918387594581,33.26870361276709],[131.49188874148328,33.26882183050614],[131.49221352608518,33.268909362866836],[131.49239060978474,33.26891085582083],[131.4925616382479,33.26892498036993],[131.49323564359435,33.26892006219126],[131.49344934130832,33.26868826376834],[131.49364019491787,33.26847286598513],[131.4938405628025,33.26838175215715],[131.49406121152867,33.268450446931475],[131.49410960334671,33.26859088092727],[131.49416596391993,33.268892637223054],[131.49420817594086,33.26903087751256],[131.49465841641944,33.26918302459986],[131.49498307849075,33.26925574061592],[131.49525617638605,33.269403402553905],[131.4956672002846,33.26948020533056],[131.49589117599558,33.26950594782724],[131.49596895236974,33.2693953518952],[131.49592717684493,33.26918087497542],[131.49590729758972,33.269092140682126],[131.49592594791068,33.26896623066007],[131.49645341979598,33.26859771226879],[131.49677928411552,33.2688732144223],[131.49712508304668,33.268675396618626],[131.49780312345501,33.2685930726662],[131.4981245113813,33.26920541780735]]]},"properties":{"KEY_CODE":"44202029002","PREF":"44","CITY":"202","CITY_NAME":"別府市","S_NAME":"朝見二丁目","SETAI":"268"}},{"type":"Feature","geometry":{"type":"Polygon","coordinates":[[[131.49455116360969,33.273427912627035],[131.49329013020366,33.272885496839216],[131.4921906101355,33.27283262198015],[131.490861929271,33.27320965951225],[131.48969757838722,33.27401109355825],[131.48803033712122,33.275134216939534],[131.4875509508592,33.27507483631442],[131.486848100165,33.2737885397128],[131.48592083509135,33.27321861686526],[131.4848677338879,33.27249698247768],[131.48388011645923,33.27230349668877],[131.48422975037798,33.26938523755791],[131.48424824272573,33.269227789822665],[131.48874680340126,33.26752634158062],[131.48881407548336,33.26763322000317],[131.48890170804438,33.26775218913834],[131.4888990336396,33.26779117501098],[131.4889631236467,33.267846923451785],[131.48902105701822,33.26783695445864],[131.48911654572674,33.26780249922092],[131.48985232504785,33.26816456446678],[131.4897255814437,33.268655795806666],[131.49141639419483,33.26911682595128],[131.49182236863746,33.26954597797567],[131.49080335221598,33.27009036857731],[131.49037643170564,33.270791534356704],[131.49107518152786,33.27172501951224],[131.4940361261485,33.27232211571101],[131.49455116360969,33.273427912627035]]]},"properties":{"KEY_CODE":"44202029003","PREF":"44","CITY":"202","CITY_NAME":"別府市","S_NAME":"朝見三丁目","SETAI":"192"}},{"type":"Feature","geometry":{"type":"Polygon","coordinates":[[[131.49936906898498,33.27471874171021],[131.50296806903162,33.274925087132196],[131.50285244942887,33.27646091932834],[131.49895454546257,33.27611055608612],[131.49936906898498,33.27471874171021]]]},"properties":{"KEY_CODE":"442020300","PREF":"44","CITY":"202","CITY_NAME":"別府市","S_NAME":"秋葉町","SETAI":"346"}},{"type":"Feature","geometry":{"type":"Polygon","coordinates":[[[131.50008890727418,33.27282991202356],[131.5032953047318,33.273200314079524],[131.50296806903162,33.274925087132196],[131.49936906898498,33.27471874171021],[131.49947755050638,33.27442853560211],[131.50008890727418,33.27282991202356]]]},"properties":{"KEY_CODE":"442020310","PREF":"44","CITY":"202","CITY_NAME":"別府市","S_NAME":"末広町","SETAI":"283"}},{"type":"Feature","geometry":{"type":"Polygon","coordinates":[[[131.5032953047318,33.273200314079524],[131.50541496649558,33.27345361715045],[131.5068366174373,33.27362481723642],[131.50647128122083,33.275170097153094],[131.5057676148674,33.27512055209219],[131.50296806903162,33.274925087132196],[131.5032953047318,33.273200314079524]]]},"properties":{"KEY_CODE":"442020320","PREF":"44","CITY":"202","CITY_NAME":"別府市","S_NAME":"千代町","SETAI":"311"}},{"type":"Feature","properties":{"KEY_CODE":"44202033001","PREF":"44","CITY":"202","CITY_NAME":"別府市","S_NAME":"浜町","SETAI":"294"},"geometry":{"type":"Polygon","coordinates":[[[131.50647128122083,33.275170097153094],[131.5068366174373,33.27362481723642],[131.50713617814608,33.272406312120566],[131.50759563291547,33.27046778620663],[131.50984591373725,33.27124444079701],[131.51030684770612,33.27156307716164],[131.5103165710942,33.271576562850335],[131.51031659234755,33.271580175271765],[131.51031127840318,33.271589213959224],[131.51030166638148,33.27159465771011],[131.50980368351804,33.271792378305776],[131.50988609568134,33.271938109048705],[131.5102642590859,33.271807607391004],[131.51054340936076,33.27163245133949],[131.5102890637573,33.27182553991541],[131.51007908428414,33.27207707897437],[131.50953930790922,33.27284122796287],[131.50929900083875,33.27319197204117],[131.50910425002303,33.27370233218035],[131.50858075680998,33.27475077387186],[131.50839225363734,33.27529853357986],[131.50647128122083,33.275170097153094]]]}},{"type":"Feature","properties":{"KEY_CODE":"44202034001","PREF":"44","CITY":"202","CITY_NAME":"別府市","S_NAME":"松原町","SETAI":"225"},"geometry":{"type":"Polygon","coordinates":[[[131.50541496649558,33.27345361715045],[131.505781335255,33.27132937243444],[131.50591266892226,33.270353779606644],[131.50759563291547,33.27046778620663],[131.50713617814608,33.272406312120566],[131.5068366174373,33.27362481723642],[131.50541496649558,33.27345361715045]]]}},{"type":"Feature","geometry":{"type":"Polygon","coordinates":[[[131.50591266892226,33.270353779606644],[131.505781335255,33.27132937243444],[131.50541496649558,33.27345361715045],[131.5032953047318,33.273200314079524],[131.50381144711835,33.2708439586353],[131.5049340979494,33.270447813176474],[131.50591266892226,33.270353779606644]]]},"properties":{"KEY_CODE":"442020350","PREF":"44","CITY":"202","CITY_NAME":"別府市","S_NAME":"南町","SETAI":"189"}},{"type":"Feature","geometry":{"type":"Polygon","coordinates":[[[131.50381144711835,33.2708439586353],[131.5032953047318,33.273200314079524],[131.50008890727418,33.27282991202356],[131.50041374232381,33.27208862735645],[131.50381144711835,33.2708439586353]]]},"properties":{"KEY_CODE":"442020360","PREF":"44","CITY":"202","CITY_NAME":"別府市","S_NAME":"立田町","SETAI":"174"}},{"type":"Feature","geometry":{"type":"Polygon","coordinates":[[[131.51178131564959,33.27094749795577],[131.5113450892188,33.271427185929554],[131.51130541180694,33.271432752941976],[131.51122597326395,33.27142856986213],[131.51114856759077,33.271407242636904],[131.51069245553114,33.271245010223005],[131.50984591373725,33.27124444079701],[131.50759563291547,33.27046778620663],[131.50797082123816,33.26882036248614],[131.50718280492617,33.26866496154835],[131.50837787777274,33.26845595091587],[131.51270171143088,33.26686990352094],[131.5128389906352,33.26721142583091],[131.5127534400777,33.26725101844213],[131.51197967776304,33.26872849226062],[131.5114751399557,33.2697244482835],[131.51083575782778,33.270238133472006],[131.5108251407382,33.27025800503235],[131.51056579318643,33.270512439889096],[131.51058193121662,33.27051869849579],[131.5103404191205,33.27051968656095],[131.51049048136355,33.27066875078897],[131.51031125174538,33.27103556687997],[131.5113308112778,33.27136683608655],[131.5113725825416,33.27135403930762],[131.51141003439977,33.271334035734675],[131.51146127540628,33.271284232384865],[131.51171777890474,33.270917095057406],[131.51189336720452,33.270658494904765],[131.51199454109235,33.27052282502886],[131.51204472988215,33.27047302564921],[131.51209060852105,33.27043136274225],[131.5122054238016,33.270419160111025],[131.51214452257716,33.27047261606229],[131.51205166583264,33.270561369035164],[131.512034629166,33.27058037274854],[131.51195690382173,33.27068889549796],[131.51178131564959,33.27094749795577]]]},"properties":{"KEY_CODE":"44202037001","PREF":"44","CITY":"202","CITY_NAME":"別府市","S_NAME":"浜脇一丁目","SETAI":"420"}},{"type":"Feature","geometry":{"type":"Polygon","coordinates":[[[131.50759563291547,33.27046778620663],[131.50591266892226,33.270353779606644],[131.5049340979494,33.270447813176474],[131.50471802814647,33.27010208787271],[131.50532313265438,33.26880837175601],[131.50715774446888,33.26866738874998],[131.50718280492617,33.26866496154835],[131.50797082123816,33.26882036248614],[131.50759563291547,33.27046778620663]]]},"properties":{"KEY_CODE":"44202037002","PREF":"44","CITY":"202","CITY_NAME":"別府市","S_NAME":"浜脇二丁目","SETAI":"142"}},{"type":"Feature","geometry":{"type":"Polygon","coordinates":[[[131.50532313265438,33.26880837175601],[131.50471802814647,33.27010208787271],[131.5049340979494,33.270447813176474],[131.50381144711835,33.2708439586353],[131.50041374232381,33.27208862735645],[131.50104556346554,33.27066906563209],[131.50179003028651,33.26986360781261],[131.50320471357622,33.26913360556398],[131.50532313265438,33.26880837175601]]]},"properties":{"KEY_CODE":"44202037003","PREF":"44","CITY":"202","CITY_NAME":"別府市","S_NAME":"浜脇三丁目","SETAI":"205"}},{"type":"Feature","geometry":{"type":"Polygon","coordinates":[[[131.50433921378772,33.30278905633508],[131.5021765906516,33.30256636887573],[131.49982780228024,33.30251706937966],[131.49990008742012,33.301097170466974],[131.49999848946,33.29975610643713],[131.5023811463077,33.29977956303806],[131.5023788984355,33.299181874745074],[131.50392293850305,33.299198303665996],[131.50409033896966,33.29936592978627],[131.50411910892774,33.299328828531316],[131.50412050785135,33.29938201019929],[131.50409913625015,33.29940013209432],[131.50402678899076,33.29951857220126],[131.50397617688586,33.299491724936466],[131.50395655899413,33.29944312213042],[131.5039698703613,33.299518803237746],[131.50494335375492,33.29999636920686],[131.50493325146164,33.30048519031871],[131.50360823333583,33.30011993917463],[131.5035763619034,33.300179596897095],[131.5031659033144,33.30050406202038],[131.50316654626343,33.301179497776175],[131.503499160038,33.301322429637665],[131.50435933025193,33.30188884017656],[131.50433921378772,33.30278905633508]]]},"properties":{"KEY_CODE":"442020380","PREF":"44","CITY":"202","CITY_NAME":"別府市","S_NAME":"船小路町","SETAI":"419"}},{"type":"Feature","geometry":{"type":"Polygon","coordinates":[[[131.50328624374714,33.30686632433341],[131.50315070831883,33.30701925228979],[131.502960039293,33.30709759195359],[131.50256647494604,33.30700992828093],[131.50248777820087,33.30695881938636],[131.50246516481664,33.30694358851052],[131.5024489481364,33.306924739384264],[131.5023651077706,33.30691243312484],[131.50225532912208,33.30705895277949],[131.49961270768472,33.30693880863151],[131.49974297720993,33.3039572230872],[131.49982780228024,33.30251706937966],[131.5021765906516,33.30256636887573],[131.50433921378772,33.30278905633508],[131.50431809508757,33.304422923348895],[131.50429036638354,33.30687305532537],[131.50328624374714,33.30686632433341]]]},"properties":{"KEY_CODE":"442020390","PREF":"44","CITY":"202","CITY_NAME":"別府市","S_NAME":"汐見町","SETAI":"245"}},{"type":"Feature","properties":{"KEY_CODE":"44202040001","PREF":"44","CITY":"202","CITY_NAME":"別府市","S_NAME":"亀川四の湯町","SETAI":"495"},"geometry":{"type":"Polygon","coordinates":[[[131.4917731516008,33.323682617587636],[131.49230260331453,33.32274460049374],[131.49180817214054,33.32171856556441],[131.49191194300602,33.32157201264001],[131.49197965202086,33.321444235712605],[131.4923146676666,33.32123660380959],[131.4925991041221,33.321106980712464],[131.49253336822727,33.32095930389276],[131.49240144244757,33.320799243811244],[131.49237736612548,33.31940368724139],[131.49292492561554,33.31906671809738],[131.49300698959183,33.319229898084245],[131.49326692737336,33.31989359801265],[131.4956426671291,33.3222160973617],[131.49663195148554,33.323104596357354],[131.49588015303047,33.32443611928818],[131.49324164993305,33.32403786606452],[131.4931150576924,33.324199938555786],[131.4929277438663,33.324359891573806],[131.49268889590812,33.324369188378725],[131.49263114030322,33.324342576876035],[131.49250268344736,33.32426313128273],[131.49240100498423,33.324259940807885],[131.49236371284476,33.324328141370735],[131.4924106389867,33.32448790337573],[131.4924029551938,33.32477017915466],[131.49192636308615,33.32536575980733],[131.4917731516008,33.323682617587636]]]}},{"type":"Feature","geometry":{"type":"Polygon","coordinates":[[[131.49820361745736,33.32028839454223],[131.49663195148554,33.323104596357354],[131.4956426671291,33.3222160973617],[131.49326692737336,33.31989359801265],[131.49300698959183,33.319229898084245],[131.49301411142176,33.31804485619124],[131.49728118637353,33.31991798700901],[131.49709958541035,33.32024860989356],[131.49820361745736,33.32028839454223]]]},"properties":{"KEY_CODE":"442020410","PREF":"44","CITY":"202","CITY_NAME":"別府市","S_NAME":"平田町","SETAI":"551"}},{"type":"Feature","geometry":{"type":"Polygon","coordinates":[[[131.49820361745736,33.32028839454223],[131.49709958541035,33.32024860989356],[131.49728118637353,33.31991798700901],[131.49301411142176,33.31804485619124],[131.49345294723938,33.317092118620906],[131.49348639034403,33.31670900372201],[131.4963270366317,33.316871836405326],[131.49922650257145,33.317054772310634],[131.4988646030744,33.319032344910894],[131.49820361745736,33.32028839454223]]]},"properties":{"KEY_CODE":"442020420","PREF":"44","CITY":"202","CITY_NAME":"別府市","S_NAME":"照波園町","SETAI":"457"}},{"type":"Feature","geometry":{"type":"Polygon","coordinates":[[[131.50225909934545,33.31555419389277],[131.50202712428722,33.315930264012074],[131.50196528169,33.31600983754062],[131.50181461500588,33.31613852105934],[131.50158446877853,33.316271082183405],[131.5015469784778,33.31628838823786],[131.50143016450883,33.31633662318648],[131.50132083081832,33.316372254027065],[131.50115472801528,33.316436045922934],[131.5004028299344,33.31735433299597],[131.5000938179123,33.3190904851857],[131.500086866252,33.31915145014713],[131.50046192656046,33.320781176065154],[131.5001769950538,33.32137171595641],[131.49820361745736,33.32028839454223],[131.4988646030744,33.319032344910894],[131.49922650257145,33.317054772310634],[131.4994059461805,33.31264693370304],[131.5009518106782,33.31272030425415],[131.50163148323387,33.309882232244064],[131.50176995170665,33.31009301818147],[131.5024280880946,33.310184296183266],[131.50236961539366,33.31049862677947],[131.50227419702793,33.311086062063985],[131.50166116850255,33.31112189928459],[131.5020040106975,33.3111692271244],[131.50200118385618,33.31123236032625],[131.50195061385097,33.31140389555867],[131.50179808912148,33.311777819349025],[131.50176354810458,33.311928538505],[131.50172296706475,33.31215955977017],[131.5016967827989,33.312275093962086],[131.5016722672892,33.31249069371916],[131.50173113192625,33.31264554352474],[131.5017834625046,33.31277971093769],[131.5018061132389,33.312983388133894],[131.5018594570562,33.31311121060135],[131.50187821835965,33.31319320821856],[131.50193916302368,33.31333723805147],[131.50203714584362,33.31356769627116],[131.5021117715932,33.313653938376476],[131.50211830883316,33.31367466090311],[131.50215693483662,33.31385485014491],[131.50226088334998,33.31399870574347],[131.50235119540903,33.31420122883793],[131.50235050971725,33.31427157180896],[131.50235181320767,33.31430851570132],[131.5023791397863,33.31439139274838],[131.50239065292385,33.31452569118064],[131.5024297307176,33.314602179798314],[131.50244932526027,33.314646268820766],[131.5024462398147,33.314671536753295],[131.50243150445237,33.3147203114462],[131.50240823181826,33.31478081445076],[131.50240614517685,33.314797061053746],[131.50244633422926,33.31486991657316],[131.50246374627432,33.31491405241131],[131.5024619293707,33.31496995987297],[131.50244819768253,33.315011473303144],[131.50240440960627,33.31504955196331],[131.5023734051853,33.31507852578111],[131.50236708585075,33.31509566956635],[131.5023716142001,33.31513894342286],[131.50232472998272,33.315200456180044],[131.50232047060194,33.315211288770115],[131.50236043428376,33.315251704706654],[131.50242949974574,33.31530461067587],[131.50245784885513,33.31538297493449],[131.50243263459598,33.3154777585032],[131.50234172175368,33.31554304403031],[131.5023106299658,33.31554947662315],[131.50225909934545,33.31555419389277]]]},"properties":{"KEY_CODE":"442020430","PREF":"44","CITY":"202","CITY_NAME":"別府市","S_NAME":"上人ケ浜町","SETAI":"169"}},{"type":"Feature","geometry":{"type":"Polygon","coordinates":[[[131.49752528809304,33.312459144973275],[131.4994059461805,33.31264693370304],[131.49922650257145,33.317054772310634],[131.4963270366317,33.316871836405326],[131.49645278841848,33.31563121754001],[131.49722804411516,33.314780238473986],[131.49752528809304,33.312459144973275]]]},"properties":{"KEY_CODE":"442020440","PREF":"44","CITY":"202","CITY_NAME":"別府市","S_NAME":"上人本町","SETAI":"302"}},{"type":"Feature","geometry":{"type":"Polygon","coordinates":[[[131.49752528809304,33.312459144973275],[131.49722804411516,33.314780238473986],[131.49645278841848,33.31563121754001],[131.4963270366317,33.316871836405326],[131.49348639034403,33.31670900372201],[131.49388816245772,33.313109871108196],[131.49374080857226,33.312545338016896],[131.495071276485,33.312355408402574],[131.49648079957177,33.31258169800096],[131.49752528809304,33.312459144973275]]]},"properties":{"KEY_CODE":"442020450","PREF":"44","CITY":"202","CITY_NAME":"別府市","S_NAME":"上人仲町","SETAI":"635"}},{"type":"Feature","geometry":{"type":"Polygon","coordinates":[[[131.49527537672856,33.34271216460088],[131.4952883071198,33.342905100603055],[131.49529232854263,33.343044849542586],[131.49531226734592,33.343156569657275],[131.49536443825866,33.34326185261418],[131.49542914212398,33.34330492029213],[131.49502160696247,33.34314870819237],[131.49467806880753,33.34275494220683],[131.49308479292463,33.34301427641633],[131.49304815509853,33.33929416773887],[131.49302037993357,33.33726352859116],[131.4930057464805,33.33673738852623],[131.4932455396518,33.33665123284531],[131.49337561929934,33.336569000274814],[131.49354035383365,33.33639621344097],[131.49349229526828,33.33631989751006],[131.49340728758108,33.33631326132211],[131.4937260269396,33.33607466378845],[131.49371260279682,33.33590430618086],[131.4936040659334,33.33570724087009],[131.49323780295458,33.3353995419553],[131.49313808574544,33.335225829473195],[131.4931315039098,33.335159778764094],[131.49298454336954,33.335084385104906],[131.4929734153927,33.333780647957106],[131.49306426936164,33.334317791509264],[131.49397870262914,33.33505391449796],[131.4944828244756,33.33485205427399],[131.49667022505116,33.334773062533195],[131.49692602821142,33.33599865008495],[131.49716207971989,33.33764604254428],[131.49738897993856,33.33938723250799],[131.4951147123464,33.339574854871785],[131.49505599086226,33.339639124717024],[131.49495348939996,33.339938895027785],[131.49490603588305,33.34009596511206],[131.49489307495594,33.34027456226522],[131.49492356759242,33.34053142816401],[131.4949259394743,33.34057199565867],[131.49495586891618,33.34073689864516],[131.4949962871741,33.34085667053608],[131.49505276463364,33.341151299360526],[131.49506375184933,33.341387494286266],[131.49506635886033,33.34146955411782],[131.49509331154533,33.34167141511419],[131.49522179512778,33.34197297621648],[131.49524929103515,33.34208558040771],[131.49525643553548,33.342398438102535],[131.49527537672856,33.34271216460088]]]},"properties":{"KEY_CODE":"44202046000","PREF":"44","CITY":"202","CITY_NAME":"別府市","S_NAME":"古市町","SETAI":"152"}},{"type":"Feature","geometry":{"type":"Polygon","coordinates":[[[131.49308479292463,33.34301427641633],[131.49467806880753,33.34275494220683],[131.49502160696247,33.34314870819237],[131.49542914212398,33.34330492029213],[131.4955517693616,33.343519889857255],[131.49560186907132,33.34363691243787],[131.49566186146689,33.343796304640364],[131.49569183323183,33.343967509960414],[131.4957299517434,33.34425139646088],[131.49579333010504,33.344437790605056],[131.49589318679122,33.34461861438386],[131.49593023091145,33.34470504706002],[131.49597269104572,33.3448067762881],[131.49599983063538,33.344856262069676],[131.49607046014086,33.34499662534517],[131.4960846468009,33.34503355501705],[131.4961582094644,33.34531370455011],[131.49623889318676,33.345524369421994],[131.49637049674462,33.345804287316206],[131.49642310529046,33.34598529859249],[131.49570266075162,33.34623124612866],[131.49345992360546,33.345852498825096],[131.49308479292463,33.34301427641633]]]},"properties":{"KEY_CODE":"44202046001","PREF":"44","CITY":"202","CITY_NAME":"別府市","S_NAME":"大字内竃","SETAI":"0"}},{"type":"Feature","geometry":{"type":"Polygon","coordinates":[[[131.49308479292463,33.34301427641633],[131.49243546192494,33.34318662516165],[131.49016222221977,33.342410522685114],[131.48877551550777,33.34271833317368],[131.48647974467474,33.342055982868956],[131.48571963995474,33.34280635203681],[131.48530252162584,33.34263651343209],[131.4842856996354,33.34181921633722],[131.48611074379397,33.341391957801335],[131.48833216603936,33.341414990872686],[131.48968874239284,33.3390410066474],[131.49029551261657,33.338550624939394],[131.489112370643,33.33793046389153],[131.48908127174906,33.33730106687604],[131.4915736987783,33.338560849492765],[131.49302037993357,33.33726352859116],[131.49304815509853,33.33929416773887],[131.49308479292463,33.34301427641633]]]},"properties":{"KEY_CODE":"44202046001","PREF":"44","CITY":"202","CITY_NAME":"別府市","S_NAME":"大字内竃","SETAI":"0"}},{"type":"Feature","geometry":{"type":"Polygon","coordinates":[[[131.49010865126954,33.335250880728935],[131.48967465449132,33.33543342717737],[131.48935239959496,33.33540599133577],[131.48831079083848,33.335184060966505],[131.48837024007233,33.33517424563962],[131.48855437088562,33.3351369974361],[131.48864294730484,33.33504623141286],[131.48887174808428,33.33442790936813],[131.49021126256625,33.33438561166197],[131.49018506220202,33.33376205751784],[131.49278376702668,33.333754208115835],[131.4929734153927,33.333780647957106],[131.49298454336954,33.335084385104906],[131.49290528925553,33.33508593117138],[131.49262838231772,33.33520523988447],[131.49244160450894,33.33514514879667],[131.49247043283765,33.33511544775561],[131.49253827123601,33.33502303487032],[131.49219781529746,33.335079157196],[131.49138968592243,33.335030187653345],[131.49103655258946,33.335041128874906],[131.49010865126954,33.335250880728935]]]},"properties":{"KEY_CODE":"44202046001","PREF":"44","CITY":"202","CITY_NAME":"別府市","S_NAME":"大字内竃","SETAI":"384"}},{"type":"Feature","geometry":{"type":"Polygon","coordinates":[[[131.49018506220202,33.33376205751784],[131.49021126256625,33.33438561166197],[131.48887174808428,33.33442790936813],[131.48864294730484,33.33504623141286],[131.4879280308724,33.334998602766824],[131.4879008546987,33.33384413576193],[131.48957539003513,33.3337815093808],[131.49018506220202,33.33376205751784]]]},"properties":{"KEY_CODE":"44202046002","PREF":"44","CITY":"202","CITY_NAME":"別府市","S_NAME":"大字内竃","SETAI":"105"}},{"type":"Feature","geometry":{"type":"Polygon","coordinates":[[[131.4967366944317,33.33462612584287],[131.49673271680876,33.33467933040946],[131.49667022505116,33.334773062533195],[131.4944828244756,33.33485205427399],[131.49397870262914,33.33505391449796],[131.49306426936164,33.334317791509264],[131.4929734153927,33.333780647957106],[131.49278376702668,33.333754208115835],[131.49263801565323,33.33206133107052],[131.4929729945416,33.32971178370632],[131.49365944025354,33.32838093304154],[131.4937194579957,33.32836139197617],[131.49508543020448,33.32803703757892],[131.49698368258672,33.327883342507626],[131.49695101625602,33.32792369887846],[131.49690621164075,33.32797618488655],[131.4971070655239,33.3279762967533],[131.49716934872436,33.327971538641485],[131.4975027397048,33.32804321971828],[131.49758798750614,33.32937509178218],[131.49762217978298,33.32978124348767],[131.4977888692834,33.33248014945867],[131.49767643395074,33.3321488769636],[131.49768696275754,33.33211275770962],[131.49762626832546,33.331444874814956],[131.4976378526548,33.33140244919981],[131.49762819243514,33.33121493061304],[131.49760591684102,33.33107347533818],[131.497619874252,33.33107249256873],[131.4975963022568,33.33089497152623],[131.49760900704104,33.33086514960937],[131.49758795417895,33.33071769670261],[131.49760172972404,33.33071372415129],[131.49758794183742,33.330685821381415],[131.49757702556263,33.33052985938256],[131.4975879482329,33.33049557734948],[131.49756421421705,33.33035048409744],[131.49757691888303,33.33031975318247],[131.49756401494122,33.330131362766295],[131.4975500885862,33.330132332739424],[131.4975449652622,33.32999167330033],[131.4975576276839,33.32995283955441],[131.49753966138502,33.32981135156097],[131.4959562671522,33.329801448217275],[131.49602379724865,33.332044651004985],[131.4963138189923,33.33241949762862],[131.49661577798224,33.333765472650484],[131.4967366944317,33.33462612584287]]]},"properties":{"KEY_CODE":"442020470","PREF":"44","CITY":"202","CITY_NAME":"別府市","S_NAME":"亀川浜田町","SETAI":"475"}},{"type":"Feature","properties":{"KEY_CODE":"44202048001","PREF":"44","CITY":"202","CITY_NAME":"別府市","S_NAME":"亀川中央町","SETAI":"629"},"geometry":{"type":"Polygon","coordinates":[[[131.4883907069769,33.3283547621757],[131.4885245706821,33.32821475027322],[131.4888055770083,33.32823896754918],[131.48907429911532,33.32815217496167],[131.49021798008707,33.32784079645282],[131.4905458095675,33.3277372116957],[131.49067709360327,33.327138528994205],[131.48922706438452,33.32740814931736],[131.4893492809498,33.326776780427004],[131.49013629347107,33.32630671937393],[131.49192636308615,33.32536575980733],[131.4924029551938,33.32477017915466],[131.4924106389867,33.32448790337573],[131.49236371284476,33.324328141370735],[131.49240100498423,33.324259940807885],[131.49250268344736,33.32426313128273],[131.49263114030322,33.324342576876035],[131.49268889590812,33.324369188378725],[131.4929277438663,33.324359891573806],[131.4931150576924,33.324199938555786],[131.49324164993305,33.32403786606452],[131.49588015303047,33.32443611928818],[131.49529304181243,33.32549918022115],[131.4937194579957,33.32836139197617],[131.49365944025354,33.32838093304154],[131.49231075554064,33.328819218803154],[131.49002191586266,33.32895726568195],[131.48935347025517,33.32923509935619],[131.48907729914526,33.32936337922794],[131.4889885122016,33.329205648951266],[131.48888637512053,33.32920411077114],[131.48874401740585,33.32916032741755],[131.4887468491306,33.32911966897098],[131.48882109705553,33.32886083890084],[131.48876578845952,33.328836894900476],[131.4885639214405,33.32853593475156],[131.4883907069769,33.3283547621757]]]}},{"type":"Feature","geometry":{"type":"Polygon","coordinates":[[[131.49723308775597,33.32747171086942],[131.49716617536296,33.3276063563522],[131.49707468014114,33.32775638608342],[131.49700009827427,33.32786309436763],[131.49698368258672,33.327883342507626],[131.49508543020448,33.32803703757892],[131.4937194579957,33.32836139197617],[131.49529304181243,33.32549918022115],[131.49588015303047,33.32443611928818],[131.49663195148554,33.323104596357354],[131.49820361745736,33.32028839454223],[131.5001769950538,33.32137171595641],[131.50046192656046,33.320781176065154],[131.500086866252,33.31915145014713],[131.50186628401596,33.320941341185495],[131.50261537436742,33.32172611752377],[131.5023808846371,33.32233826023427],[131.50185601689364,33.32325020137917],[131.50071488537864,33.324338911802556],[131.49893480792085,33.323930264040506],[131.49886498626142,33.32414234174934],[131.4983092672876,33.32519958091402],[131.4982008091902,33.32539120856695],[131.49811257526775,33.32555295720229],[131.49804350083394,33.32568306502272],[131.49798615391558,33.325795129432755],[131.4979606858871,33.32584662395928],[131.49789274164613,33.325991170895506],[131.49776265903535,33.326348784231925],[131.49769415425044,33.32657899630377],[131.49758802675828,33.326922601858605],[131.4972511023518,33.32743018142803],[131.49758802044468,33.32750973822119],[131.4978200591879,33.32755593971393],[131.49787945370343,33.32761159888294],[131.49781373156253,33.3275794221212],[131.49723308775597,33.32747171086942]]]},"properties":{"KEY_CODE":"442020490","PREF":"44","CITY":"202","CITY_NAME":"別府市","S_NAME":"亀川東町","SETAI":"359"}},{"type":"Feature","properties":{"KEY_CODE":"44202050001","PREF":"44","CITY":"202","CITY_NAME":"別府市","S_NAME":"大字別府","SETAI":"757"},"geometry":{"type":"Polygon","coordinates":[[[131.37805982185026,33.244543340244725],[131.37810976040487,33.243823462809566],[131.37818131481276,33.24341741069486],[131.3793762855643,33.24314474787625],[131.38028448686262,33.242773835415356],[131.38024633578146,33.24175458675653],[131.37948227564874,33.23846519623708],[131.37917544778026,33.23764495804282],[131.37883428845268,33.236669094855564],[131.3788123373163,33.235494055668404],[131.3790608150972,33.235198421670376],[131.37908052861525,33.23518175318952],[131.37971980620233,33.234981585436344],[131.38035939079563,33.23485220240352],[131.38079614698708,33.23456770655777],[131.38163963569554,33.23291571563037],[131.38184145072714,33.23283015267285],[131.38406642664685,33.233134768143266],[131.38512725194485,33.233032407205435],[131.38609897073226,33.231825986566946],[131.38663715658765,33.23162611051185],[131.387546420595,33.23153834375168],[131.38887497866162,33.23103868798063],[131.38965731732927,33.230816797019976],[131.39152586364855,33.23020236961705],[131.3936601750433,33.22941678342344],[131.39493637414844,33.228520808745245],[131.39556006542833,33.22861793703111],[131.39609904431734,33.22860206742085],[131.39641746307876,33.22824712015923],[131.39656909244468,33.22824663843281],[131.39903688960166,33.22826002495458],[131.3996770917691,33.228286311661655],[131.40046892179075,33.22831210861486],[131.40279024639875,33.227610961825256],[131.4033090609308,33.22688724995642],[131.40379728462517,33.22682905600817],[131.40388910570852,33.22682876048264],[131.4042188750496,33.22692680286083],[131.4052996333731,33.227517943280496],[131.40617671813746,33.227682617600365],[131.40698553187582,33.22783810441102],[131.40767743599474,33.228104872989746],[131.40867115274034,33.22808748561432],[131.40956601075337,33.228537606642014],[131.41113860297594,33.229806610043575],[131.41210164007055,33.23006312921344],[131.4130121860401,33.23060738760327],[131.41433815738998,33.23136040405969],[131.41508332859414,33.232193206684784],[131.41554125097866,33.23284293644279],[131.41569345596167,33.232969832810085],[131.41626705722612,33.23315198217236],[131.41668823324895,33.23315057368758],[131.41720202651294,33.233155931112],[131.41806260205334,33.2334503374524],[131.41968365427147,33.23425187145373],[131.41008394680193,33.24232694919502],[131.41231628127372,33.254889036238204],[131.41960188003569,33.253003021134916],[131.41966937178833,33.25361031983838],[131.4193744829518,33.25403438432492],[131.41905283651954,33.254274125637096],[131.41879642825543,33.254654684506754],[131.41895372208447,33.25514233908097],[131.4190840957558,33.25540225489474],[131.41904818149555,33.25598818191231],[131.41886197802472,33.256200344668],[131.41961659789195,33.257391134323825],[131.4206361997515,33.259969595283444],[131.42061451987223,33.26082668158855],[131.4203796447969,33.26165738192187],[131.42099837183838,33.26143831226002],[131.42144858800333,33.26107879448677],[131.4220709409401,33.26160826398137],[131.4223593975662,33.26250768592268],[131.42240066744412,33.26302827401742],[131.42233340945435,33.26380414116958],[131.42230028099019,33.264260643830184],[131.42213017153486,33.26443064573715],[131.4219016943069,33.264704402628944],[131.42173268232747,33.265075423264],[131.4216569365405,33.26543367271458],[131.42156722697692,33.265575013579664],[131.42127095623636,33.26572788422591],[131.42084762925327,33.266304271182044],[131.42048443819945,33.266778358890406],[131.41969649163175,33.26716397470977],[131.4196341780963,33.26743137337383],[131.42068983230337,33.26791133701856],[131.42238131180707,33.268772318120604],[131.4235627991323,33.269115649775046],[131.42460190925928,33.26923675586568],[131.4269423332204,33.26848098370047],[131.4274028347264,33.268803570966476],[131.42727267193294,33.2697219814507],[131.4267372870458,33.270352230206065],[131.42697609967323,33.27108191771656],[131.42831833487062,33.27083781806513],[131.4286233086099,33.27079699961968],[131.42886744871993,33.270593696329755],[131.42941683003485,33.26986129938485],[131.429660970689,33.26977992882447],[131.4302075993447,33.269835002905104],[131.43057642662984,33.26907977624895],[131.43074392578495,33.26887672620943],[131.43118662989917,33.26831541600501],[131.43190016492292,33.26810172672621],[131.43206467354054,33.268603580492105],[131.431806376546,33.269284842958136],[131.4320189359527,33.269430653590064],[131.43220716232307,33.26970215254743],[131.43217162539545,33.27006861315062],[131.43230973500445,33.27027748001264],[131.4326715530091,33.270370429363474],[131.43292239715657,33.272580739780686],[131.43696369014197,33.27459539877445],[131.43740973363836,33.27596256642158],[131.44123442976095,33.27584250076019],[131.4428848023861,33.276530798046316],[131.44487541429604,33.27708683724231],[131.44540755135117,33.27719174410066],[131.4469786064536,33.27592910084409],[131.44601714101736,33.27548595477124],[131.44690957186845,33.27035245490576],[131.4455783402639,33.26709790470476],[131.44674826434937,33.267081622215045],[131.44698507111391,33.26707107644673],[131.44763120003736,33.26687462888373],[131.448844684309,33.266343698513744],[131.44923672953115,33.26618212516631],[131.44971083134106,33.26623868108469],[131.45023743964148,33.26640182959334],[131.45078519999393,33.26618147180439],[131.45086534796627,33.26604041343868],[131.45120294322444,33.26540822955613],[131.45170118984257,33.26455704683977],[131.45184270386346,33.26426886931529],[131.4518427038635,33.26426886931526],[131.4516074134614,33.26409503621918],[131.45140121743972,33.26383154308316],[131.4515481390389,33.262546727717705],[131.45206693410117,33.26244655829897],[131.45240323702595,33.26241461734388],[131.4524759713932,33.26234063622048],[131.45251099821053,33.26203939619991],[131.4524966148435,33.26153437243794],[131.45257407425237,33.261369684506654],[131.4531640331885,33.26052312489373],[131.45414887060522,33.259634382386885],[131.4542718349224,33.2592826439527],[131.45472380253187,33.25859941341969],[131.45493293644276,33.25832207338392],[131.4540288959475,33.25610488643222],[131.45371057917032,33.25491061995899],[131.45371239179318,33.254066472876545],[131.4531069387615,33.25284176800704],[131.45268384781883,33.252526553755004],[131.45433474212223,33.2518334584634],[131.4548511834453,33.251492013128924],[131.45523784741968,33.25089135360459],[131.45493819135748,33.249957636843114],[131.45454817091604,33.24971235695017],[131.4512595964662,33.24923474445388],[131.4491391693838,33.24933415902288],[131.44752353207795,33.24934377562513],[131.44724133149185,33.249344783835014],[131.44596647221226,33.249249890995976],[131.44534294674105,33.24836485475156],[131.4449141439254,33.24817516507078],[131.4443331027058,33.24757679076275],[131.44454790549068,33.24686468398515],[131.44519784614218,33.24580685323905],[131.44525741332316,33.24498821774229],[131.4464744750016,33.24358796447904],[131.44723637732537,33.24217403919398],[131.4475061262983,33.24153057664762],[131.44755823601446,33.24104085532236],[131.44761971542636,33.24060465797107],[131.44779238210668,33.24055049881943],[131.44876489351063,33.24028693497156],[131.44880703795252,33.23962899694615],[131.4492068576077,33.23950516829456],[131.44959785998364,33.23942726786937],[131.44986342582965,33.23929471080495],[131.4506123339388,33.24038039403767],[131.45211107921236,33.24048123458668],[131.45352303402893,33.240843200239595],[131.45563382321978,33.24211792472154],[131.4576906289463,33.24278899266355],[131.46117020356513,33.24289088076589],[131.46246598054503,33.24124396469307],[131.46311697722268,33.23777454528434],[131.4636383226995,33.23709314913794],[131.46377872227131,33.236107275168266],[131.46493832170756,33.23512402126292],[131.46615367243942,33.23529873317679],[131.46493987390986,33.2379921696768],[131.46737216525818,33.24357812191739],[131.4666463255059,33.24484832640514],[131.46790295368305,33.246111134909235],[131.46868691598135,33.24762921192015],[131.47083642698513,33.246643330355155],[131.47109936609186,33.247439077851936],[131.47191523030463,33.24689276063889],[131.47342382044522,33.246923238549456],[131.4733004383236,33.24801016225405],[131.47556473191648,33.25223856702808],[131.4813348878528,33.25131086564072],[131.48272062614814,33.253508504444916],[131.48223958399072,33.253731419499545],[131.48396847704637,33.259104881576434],[131.49531925645985,33.26197717734919],[131.50137259475605,33.26577998844198],[131.49882214757218,33.26594324698337],[131.49582315952043,33.266091839625716],[131.49645341979598,33.26859771226879],[131.49592594791068,33.26896623066007],[131.49590729758972,33.269092140682126],[131.49592717684493,33.26918087497542],[131.49596895236974,33.2693953518952],[131.49589117599558,33.26950594782724],[131.4956672002846,33.26948020533056],[131.49525617638605,33.269403402553905],[131.49498307849075,33.26925574061592],[131.49465841641944,33.26918302459986],[131.49420817594086,33.26903087751256],[131.49416596391993,33.268892637223054],[131.49410960334671,33.26859088092727],[131.49406121152867,33.268450446931475],[131.4938405628025,33.26838175215715],[131.49364019491787,33.26847286598513],[131.49344934130832,33.26868826376834],[131.49323564359435,33.26892006219126],[131.4925616382479,33.26892498036993],[131.49239060978474,33.26891085582083],[131.49221352608518,33.268909362866836],[131.49188874148328,33.26882183050614],[131.4918387594581,33.26870361276709],[131.49158600744488,33.26857139134291],[131.49115764975633,33.26839323590162],[131.491095884804,33.26837869120432],[131.49091614219773,33.26838088780608],[131.49061689153484,33.2682777168442],[131.49024455941935,33.2681903858297],[131.48985232504785,33.26816456446678],[131.48911654572674,33.26780249922092],[131.48902105701822,33.26783695445864],[131.4889631236467,33.267846923451785],[131.4888990336396,33.26779117501098],[131.48890170804438,33.26775218913834],[131.48881407548336,33.26763322000317],[131.48874680340126,33.26752634158062],[131.48424824272573,33.269227789822665],[131.48422975037798,33.26938523755791],[131.48422975037798,33.26938523755791],[131.48388011645923,33.27230349668877],[131.4848677338879,33.27249698247768],[131.48592083509135,33.27321861686526],[131.4861810313178,33.27372200699784],[131.48579088087254,33.27679623134227],[131.4848060898824,33.27743611056602],[131.48471386352298,33.27754666746833],[131.48442350820508,33.27940913757917],[131.48436238368248,33.2799333526116],[131.48395534137254,33.28342285364661],[131.48479341006242,33.28338930732627],[131.48856342502225,33.283746934277296],[131.48840102866222,33.285134726316315],[131.49000331811325,33.2864298027058],[131.48815324629408,33.28854795252245],[131.4875353871943,33.28893871139778],[131.48664441327497,33.28895443213641],[131.48753538719427,33.288938711397805],[131.48676021835934,33.29002264203193],[131.48674146348918,33.29002121994414],[131.48516969860918,33.289905334734435],[131.48515662772786,33.28967306398017],[131.48498760870814,33.289878915574384],[131.48463767084542,33.28984389123723],[131.4840231740634,33.2899012283319],[131.48387609573388,33.28993308536428],[131.48353177271022,33.2900189077837],[131.4830249324416,33.290243006862376],[131.48036072345732,33.29098814394299],[131.4804838967794,33.28835307930346],[131.48029732114838,33.2880955123353],[131.47926737255094,33.28783830142925],[131.47904377952264,33.28696113330567],[131.48157271429727,33.286475135907445],[131.48144561968715,33.28600095651913],[131.48206965396318,33.28592621699631],[131.48192045828867,33.28511163916838],[131.48189516519955,33.28486192003237],[131.48277853163654,33.28431096173917],[131.48261855814187,33.28346612234081],[131.48291715445828,33.28346570519907],[131.48201488926495,33.28286398387583],[131.48136203583584,33.28150867304844],[131.4816972922046,33.281153983968615],[131.48081600036642,33.28044755987505],[131.4800697671325,33.27932343612203],[131.48064364623193,33.27871203104422],[131.4816109408844,33.27687296884867],[131.4805940539924,33.27534533981024],[131.47998426026834,33.27482974521334],[131.4766997913907,33.273989953444044],[131.47398478131691,33.274472538530944],[131.47100464196836,33.27514545395047],[131.46983202306632,33.27505048486146],[131.47531144921996,33.271291813982586],[131.47892188617448,33.268756827117514],[131.47531144921996,33.27129181398257],[131.46983202306632,33.275050484861445],[131.46868024657792,33.27529933791374],[131.46797205448792,33.27553619394276],[131.46688587375573,33.27587535824189],[131.46553516021214,33.27634688212205],[131.46494439780759,33.27607872115008],[131.4634294837151,33.27593206920326],[131.46199603555823,33.27619441066902],[131.4598091802392,33.277584752611745],[131.45864086400712,33.27697975608334],[131.45805922320577,33.27759493795641],[131.45792939865592,33.27790004716937],[131.4577941429626,33.27848124110433],[131.45771933824912,33.278915620370874],[131.45513009342258,33.2849035371397],[131.45489288227998,33.28685705303776],[131.45361086386546,33.28933252368472],[131.4548272969772,33.29461883910401],[131.45398288912804,33.29480722086959],[131.45391492689433,33.29482835544248],[131.4531398962815,33.29531597324302],[131.45223497103834,33.2960878791584],[131.45190278615635,33.29650821530623],[131.45152570073083,33.29693290136297],[131.45085875394201,33.29728737877947],[131.45066448816797,33.29735514788182],[131.44929048048198,33.297455577697335],[131.44687935706585,33.29692443724526],[131.44530032687823,33.29707317694594],[131.4447675813248,33.29738724390882],[131.4425687527483,33.29747964167879],[131.440897990631,33.29786928549308],[131.43928732959128,33.29788800245654],[131.43825529861192,33.29748188602365],[131.43521837032273,33.29570394085877],[131.43429564827477,33.295466502199226],[131.43316650019793,33.29653383872241],[131.43211148712416,33.296640250793224],[131.4307546367755,33.29714075082857],[131.42918659010252,33.29695016498602],[131.42770686740047,33.29730787076314],[131.42516578896195,33.29710439432733],[131.4222768901262,33.29502429497097],[131.42104973183825,33.293551461332456],[131.42021858943662,33.292050652864525],[131.4203663565662,33.29138414216808],[131.42039480611598,33.290806366085185],[131.41929721888778,33.290114256102434],[131.41671158777822,33.28879701015101],[131.41547366897674,33.28817100888317],[131.41338093349904,33.28693737107148],[131.41253379378136,33.28629687261464],[131.40917865027922,33.284154911888784],[131.4058549539031,33.281999539022635],[131.40493141904548,33.28171373159569],[131.40311024100816,33.28166057598146],[131.39973466894313,33.281789668067226],[131.39732631854173,33.28150856771289],[131.3962322156756,33.281512086334544],[131.3940153271952,33.28211002150349],[131.39360718538467,33.28152517465873],[131.39326081344123,33.28115398196928],[131.3925322591861,33.2807690015005],[131.39126541734194,33.28058919979274],[131.3903226291037,33.27946309070339],[131.38954811008642,33.27752242338249],[131.38922719863146,33.27565913443869],[131.38964868834805,33.273800073080956],[131.39035436276936,33.27258343390075],[131.39144221425147,33.2712145890571],[131.3932334441538,33.26986975973838],[131.39370287235604,33.269464943985774],[131.3937127333441,33.269400976473044],[131.3937041201025,33.269183651173414],[131.3936060416203,33.268532995583506],[131.39357919389002,33.26761084441223],[131.39353770817644,33.266055015081506],[131.3936060806561,33.264137781619056],[131.39333675548477,33.263324635337604],[131.39150855074712,33.26163027162586],[131.39014387143132,33.260492385443946],[131.39011098855968,33.26012488631465],[131.39033240357315,33.25897541279985],[131.39006352977037,33.25825416418808],[131.38835422657343,33.25690728104165],[131.38578810724235,33.25612756695079],[131.38352013393234,33.25447238090878],[131.38296108343053,33.25379452915603],[131.38242749535925,33.25123363013664],[131.38034003346021,33.24973227169713],[131.37956070450136,33.24874363854327],[131.37861293977792,33.247769655289474],[131.37899498577056,33.246508432266275],[131.37863776071245,33.24571668262291],[131.37829839492426,33.24516557096977],[131.37805982185026,33.244543340244725]],[[131.45800969512854,33.269207565590825],[131.46104787637253,33.269171662474356],[131.45800969512857,33.26920756559082],[131.4581466488117,33.26891622285161],[131.45800969512854,33.269207565590825]],[[131.48390197563853,33.27738323160708],[131.48450500928357,33.274248049945406],[131.4844424620092,33.27393541259474],[131.48450500928354,33.27424804994539],[131.48390197563853,33.27738323160708]]]}},{"type":"Feature","properties":{"KEY_CODE":"44202051003","PREF":"44","CITY":"202","CITY_NAME":"別府市","S_NAME":"大字浜脇","SETAI":"458"},"geometry":{"type":"Polygon","coordinates":[[[131.4813348878528,33.25131086564072],[131.48163921909935,33.25108113808271],[131.4818676115678,33.25080239267124],[131.4819481889843,33.25075707666835],[131.4822196144618,33.25109296539457],[131.48256151593625,33.25129371524349],[131.4834846172841,33.25092811701836],[131.48475183867916,33.25114586331246],[131.48664142483642,33.25176507328687],[131.4878904216106,33.25110311129006],[131.49006136657138,33.25075800745553],[131.49170319611278,33.25076632432915],[131.49294207470658,33.25135731002401],[131.49375830749548,33.25141780064731],[131.49554404247772,33.25248450842587],[131.49830896465508,33.25247062297753],[131.49990690481985,33.25274362520306],[131.50028217936793,33.251498631754046],[131.50076286570263,33.25123122683712],[131.5024086124303,33.25115472436476],[131.50276492703057,33.250644646902764],[131.50315281683748,33.250425073925],[131.50399552941442,33.249408856267884],[131.5046452273509,33.249596971391405],[131.5059385151659,33.2507725406574],[131.50731343705078,33.251112085942715],[131.50763922685618,33.25136508932299],[131.50858797294634,33.25184715779509],[131.5092050827588,33.25199904603231],[131.5095290089474,33.251934136845996],[131.51002515638478,33.251741341715665],[131.51187891910232,33.250779983344],[131.5120587631755,33.25011162799855],[131.51273298195434,33.24986813011083],[131.51302065990262,33.24961489869585],[131.513760477219,33.248585420770695],[131.51452099341063,33.24831432536421],[131.5155318847556,33.247899424478405],[131.51812896637657,33.24799419730965],[131.5202238021615,33.24813793514583],[131.5208665599388,33.24824080994674],[131.51911484786262,33.24935450078275],[131.51902878956457,33.24984064987793],[131.51873681532055,33.25121892995201],[131.51753720781895,33.25254119637484],[131.51636006543535,33.254173077608435],[131.51633534756232,33.255927778125795],[131.51652388587706,33.257489572403315],[131.516706333158,33.25801755806359],[131.51669684580673,33.25819186504581],[131.5165008843861,33.25834628993579],[131.5164010855132,33.2593037499569],[131.5161572288132,33.259682853452794],[131.51622928941825,33.259977940218874],[131.51672408548458,33.2604130467708],[131.51645178823128,33.260775466575986],[131.5168418269324,33.26059876772661],[131.5168342020016,33.26119242407835],[131.5178544230234,33.26264074181656],[131.5176059901483,33.26357547416061],[131.51782658355398,33.2652250293621],[131.51652546469023,33.26547750658908],[131.514784299378,33.26625300078404],[131.51361556234733,33.2669294553345],[131.5128389906352,33.26721142583091],[131.51270171143088,33.26686990352094],[131.50837787777274,33.26845595091587],[131.50718280492617,33.26866496154835],[131.50715774446888,33.26866738874998],[131.50532313265438,33.26880837175601],[131.50320471357622,33.26913360556398],[131.5027082548901,33.26847464361144],[131.5027314813373,33.26832950107456],[131.50232384484977,33.267765650156186],[131.50137259475605,33.26577998844198],[131.49531925645985,33.26197717734919],[131.48396847704637,33.259104881576434],[131.4822395839907,33.253731419499545],[131.48272062614814,33.253508504444916],[131.4813348878528,33.25131086564072]],[[131.50180376592536,33.26151361868614],[131.50238869475652,33.26157025904356],[131.5023886947565,33.26157025904354],[131.50180376592536,33.26151361868614]],[[131.50409140861697,33.26800914063606],[131.50459488702728,33.26779130048384],[131.50508220466335,33.2671890832727],[131.50409140861697,33.26800914063606]],[[131.50588333329466,33.26419033853413],[131.50807278688907,33.26618514855794],[131.50807278688907,33.266185148557895],[131.50588333329466,33.26419033853411],[131.50588333329466,33.26419033853413]],[[131.5071643216932,33.26704584006125],[131.50729990262113,33.26703589858397],[131.5072129705949,33.267011915159465],[131.5071643216932,33.26704584006125]],[[131.50941705656697,33.26440642337912],[131.509421913753,33.264598227449724],[131.509417056567,33.26440642337912],[131.5104158900292,33.26366696186198],[131.50941705656697,33.26440642337912]]]}},{"type":"Feature","properties":{"KEY_CODE":"44202052001","PREF":"44","CITY":"202","CITY_NAME":"別府市","S_NAME":"大字南立石","SETAI":"3174"},"geometry":{"type":"Polygon","coordinates":[[[131.45361086386546,33.28933252368472],[131.45489288227998,33.28685705303776],[131.45513009342258,33.2849035371397],[131.45771933824912,33.278915620370874],[131.4577941429626,33.27848124110433],[131.45792939865592,33.27790004716937],[131.45805922320577,33.27759493795641],[131.45864086400712,33.27697975608334],[131.4598091802392,33.277584752611745],[131.46199603555823,33.27619441066902],[131.4634294837151,33.27593206920326],[131.46494439780759,33.27607872115008],[131.46553516021217,33.27634688212205],[131.46688587375573,33.27587535824189],[131.46797205448792,33.27553619394276],[131.46868024657792,33.27529933791374],[131.46983202306632,33.275050484861445],[131.46983202306635,33.27505048486146],[131.47100464196836,33.27514545395047],[131.47398478131691,33.274472538530944],[131.4766997913907,33.273989953444044],[131.47998426026834,33.27482974521334],[131.4805940539924,33.27534533981024],[131.4816109408844,33.27687296884867],[131.48064364623193,33.27871203104422],[131.47993468655787,33.27929978419757],[131.4800697671325,33.27932343612203],[131.48081600036642,33.28044755987505],[131.4816972922046,33.281153983968615],[131.48136203583584,33.28150867304844],[131.48201488926495,33.28286398387583],[131.48291715445828,33.28346570519907],[131.48261855814187,33.28346612234081],[131.48277853163654,33.28431096173917],[131.48189516519955,33.28486192003237],[131.48192045828867,33.28511163916838],[131.48206965396318,33.28592621699631],[131.48144561968715,33.28600095651913],[131.48157271429727,33.286475135907445],[131.47904377952264,33.28696113330567],[131.47926737255094,33.28783830142925],[131.48029732114838,33.2880955123353],[131.4804838967794,33.28835307930346],[131.48036072345732,33.29098814394299],[131.4780635305011,33.29123793861513],[131.47619518238693,33.29212827668635],[131.47461915568408,33.29261194460201],[131.47309688741527,33.29255279938373],[131.4726419317693,33.2925200481327],[131.4718444840051,33.29244768540632],[131.46905595736106,33.29274177263383],[131.46678295541963,33.29236060711176],[131.4664991678057,33.29227956652891],[131.46631725431362,33.29223713840122],[131.46608412447677,33.29221811043124],[131.46582194773273,33.29230366422316],[131.4651539242323,33.29267726237899],[131.46501594335734,33.292718498663454],[131.4635217549114,33.29275342237606],[131.4602520290412,33.293117704306006],[131.45571650516493,33.294416692995995],[131.4548272969772,33.29461883910401],[131.45361086386546,33.28933252368472]]]}},{"type":"Feature","properties":{"KEY_CODE":"44202053001","PREF":"44","CITY":"202","CITY_NAME":"別府市","S_NAME":"大字内成","SETAI":"92"},"geometry":{"type":"Polygon","coordinates":[[[131.46493987390986,33.2379921696768],[131.46615367243942,33.23529873317679],[131.46785989959898,33.234063142713076],[131.4696528215948,33.23349744831648],[131.47094592528927,33.23185283365501],[131.47281202807181,33.23062710930043],[131.47515462356628,33.22981162596083],[131.47696480530038,33.229947043346876],[131.47603266629164,33.22891787618067],[131.47782950555913,33.2280558204257],[131.47859579388322,33.22803971832375],[131.4810842642443,33.22666250746321],[131.4829281667847,33.226265810498155],[131.48574983099485,33.22919173486138],[131.4875902820223,33.23000323347428],[131.48820200358054,33.230660086574765],[131.49087764643255,33.22961232387557],[131.49223536428437,33.22986474777454],[131.4933705900403,33.228476629601914],[131.4960926117806,33.22760782246063],[131.49659044272974,33.22848473486522],[131.49764876640518,33.22816522099492],[131.49924303311687,33.2281945799135],[131.5002549647677,33.22652312300574],[131.5000107028973,33.22575706473994],[131.50057093105428,33.22553971051774],[131.50178385899642,33.22392986907331],[131.50401115277614,33.22406600614897],[131.5045756093406,33.2244997303275],[131.50544375905798,33.22605418125533],[131.50637313781033,33.226448879341255],[131.50591293549428,33.23002647089093],[131.50621730266397,33.23044600785318],[131.50557537690887,33.23108536040981],[131.5061322014401,33.231825471118846],[131.50623501521744,33.23463258414468],[131.50583103307585,33.23602156807919],[131.50624463341703,33.2365104053839],[131.50603177274482,33.2380145654152],[131.50557551234675,33.238547800854604],[131.505699191368,33.239373896109626],[131.5049906841591,33.2402124575852],[131.50561194798243,33.24203114048872],[131.50508702630913,33.2428417129417],[131.50467524925827,33.24382841545579],[131.5043774713169,33.24402937702395],[131.5042097271524,33.244050333018514],[131.5041937441797,33.244061738126945],[131.5041828305072,33.244069531072476],[131.5041742912401,33.24407565965522],[131.50416263933386,33.24408401965016],[131.50416013304783,33.244085822707746],[131.50415814102388,33.24408724640543],[131.50415077999736,33.24409241865971],[131.5041487518444,33.244093845826676],[131.5041335894847,33.24410451141296],[131.50414434788132,33.24424898251528],[131.5043510258884,33.244588294449805],[131.50276810034703,33.2474654651791],[131.50293597886775,33.24845486807281],[131.502783628435,33.250144987359896],[131.50276492703057,33.250644646902764],[131.5024086124303,33.25115472436476],[131.50076286570263,33.25123122683712],[131.50028217936793,33.251498631754046],[131.49990690481985,33.25274362520306],[131.49830896465508,33.25247062297753],[131.49554404247772,33.25248450842587],[131.49375830749548,33.25141780064731],[131.49294207470658,33.25135731002401],[131.49170319611278,33.25076632432915],[131.49006136657138,33.25075800745553],[131.4878904216106,33.25110311129006],[131.48664142483642,33.25176507328687],[131.48475183867916,33.25114586331246],[131.4834846172841,33.25092811701836],[131.48256151593625,33.25129371524349],[131.4822196144618,33.25109296539457],[131.4819481889843,33.25075707666835],[131.4818676115678,33.25080239267124],[131.48163921909935,33.25108113808271],[131.4813348878528,33.25131086564072],[131.47556473191648,33.25223856702808],[131.4733004383236,33.24801016225405],[131.47342382044522,33.246923238549456],[131.47191523030463,33.24689276063889],[131.47109936609186,33.247439077851936],[131.47083642698513,33.246643330355155],[131.46868691598135,33.24762921192015],[131.46790295368305,33.246111134909235],[131.4666463255059,33.24484832640514],[131.46737216525818,33.24357812191739],[131.46493987390986,33.2379921696768]],[[131.48938625120337,33.24376763274139],[131.49045455714034,33.24381518259258],[131.49045455714034,33.24381518259258],[131.48938625120337,33.24376763274139]]]}},{"type":"Feature","properties":{"KEY_CODE":"44202054005","PREF":"44","CITY":"202","CITY_NAME":"別府市","S_NAME":"大字南石垣","SETAI":"416"},"geometry":{"type":"Polygon","coordinates":[[[131.47619518238693,33.29212827668635],[131.4780635305011,33.29123793861513],[131.48036072345732,33.29098814394299],[131.4830249324416,33.290243006862376],[131.48353177271022,33.2900189077837],[131.48387609573388,33.28993308536428],[131.4840231740634,33.2899012283319],[131.48463767084542,33.28984389123723],[131.48498760870814,33.289878915574384],[131.48516969860918,33.289905334734435],[131.48674146348918,33.29002121994414],[131.48676021835934,33.29002264203193],[131.4888068082203,33.29000090164326],[131.49258794229365,33.2889242442408],[131.49238062343943,33.290439455441394],[131.49179272921336,33.29206429872155],[131.49018857433737,33.29208822284401],[131.48961735923297,33.29157036770167],[131.48565391771987,33.29166408839195],[131.4862119690137,33.29089084123235],[131.48376460067396,33.290843627016436],[131.48136250277864,33.2915091864299],[131.47622441371283,33.2927602495194],[131.47619518238693,33.29212827668635]]]}},{"type":"Feature","properties":{"KEY_CODE":"44202055001","PREF":"44","CITY":"202","CITY_NAME":"別府市","S_NAME":"大字北石垣","SETAI":"3709"},"geometry":{"type":"Polygon","coordinates":[[[131.4854973348324,33.31219418852694],[131.4865014673993,33.31142171381233],[131.48667118666455,33.31125429958392],[131.48681701279884,33.310978880606356],[131.48703646963762,33.310824300560526],[131.4872883483641,33.310369988502615],[131.48752957372042,33.30995350770135],[131.4876006654065,33.30990630894364],[131.48781940526436,33.30962408302903],[131.488134803757,33.309201630648346],[131.48756872309056,33.3090051911615],[131.48754174989472,33.30898720979898],[131.4874856259767,33.30872601775482],[131.4874221108126,33.307398151892535],[131.4883379644099,33.306936020164166],[131.48834494384982,33.306439592448854],[131.48833993731265,33.30626568110946],[131.4882817772236,33.30576352375627],[131.48920833233223,33.30376366821931],[131.49001227247538,33.301407475791535],[131.4907824294115,33.30027032209869],[131.49075667766095,33.30085044134085],[131.49067198236187,33.302294694566896],[131.4905826741703,33.30373464735487],[131.49027731217294,33.307894021584666],[131.49091535392202,33.30763727089616],[131.4918461095762,33.30711900938282],[131.49190588749428,33.30708210097839],[131.49302920227922,33.30638859477041],[131.49461504387654,33.30614654031005],[131.49584694758022,33.3061549980772],[131.4966044928449,33.30624609367421],[131.4986121234196,33.30652328111221],[131.49961270768472,33.30693880863151],[131.50225532912208,33.30705895277949],[131.50225453614465,33.307198338220346],[131.5028918788337,33.30724415410591],[131.5027622902621,33.308139795295425],[131.50256983335842,33.309293289561225],[131.5024280880946,33.310184296183266],[131.50176995170665,33.31009301818147],[131.50163148323387,33.309882232244064],[131.5009518106782,33.31272030425415],[131.4994059461805,33.31264693370304],[131.49752528809304,33.312459144973275],[131.49648079957177,33.31258169800096],[131.495071276485,33.312355408402574],[131.49374080857226,33.312545338016896],[131.49388816245772,33.313109871108196],[131.49348639034403,33.31670900372201],[131.49345294723938,33.317092118620906],[131.49208283699133,33.316543753846155],[131.49154930448483,33.316029606598235],[131.49205761368026,33.315475924586934],[131.49162220149393,33.31451553632804],[131.49065120169968,33.31400150778277],[131.489828944424,33.31309661729344],[131.48931228071777,33.312719734704324],[131.48890805494304,33.31257544136746],[131.48884300826057,33.312593945290416],[131.48859194460874,33.312641818348865],[131.48825558044138,33.31241909660549],[131.48803730382573,33.312232397460676],[131.4877001144371,33.312138628541135],[131.4873244918392,33.312111439424484],[131.4865804268598,33.3122212044703],[131.4860853741834,33.312470626443314],[131.48586544202425,33.31254186741311],[131.48569800737863,33.31256334232982],[131.48565334387928,33.31234207389489],[131.4854973348324,33.31219418852694]]]}},{"type":"Feature","properties":{"KEY_CODE":"44202056002","PREF":"44","CITY":"202","CITY_NAME":"別府市","S_NAME":"大字鶴見","SETAI":"13219"},"geometry":{"type":"Polygon","coordinates":[[[131.4189800833945,33.29478272556469],[131.41929182511996,33.293717139800194],[131.4199829645311,33.292477262270495],[131.42021858943662,33.292050652864525],[131.42104973183825,33.293551461332456],[131.4222768901262,33.29502429497097],[131.42516578896195,33.29710439432733],[131.42770686740047,33.29730787076314],[131.42918659010252,33.29695016498602],[131.4307546367755,33.29714075082857],[131.43211148712416,33.296640250793224],[131.43316650019793,33.29653383872241],[131.43429564827477,33.295466502199226],[131.43521837032273,33.29570394085877],[131.43825529861192,33.29748188602365],[131.43928732959128,33.29788800245654],[131.440897990631,33.29786928549308],[131.4425687527483,33.29747964167879],[131.4447675813248,33.29738724390882],[131.44530032687823,33.29707317694594],[131.44687935706585,33.29692443724526],[131.44929048048198,33.297455577697335],[131.45066448816797,33.29735514788182],[131.4508790227657,33.29734597107714],[131.45085875394201,33.29728737877947],[131.45152570073083,33.29693290136297],[131.45190278615635,33.29650821530623],[131.45223497103834,33.2960878791584],[131.4531398962815,33.29531597324302],[131.45391492689433,33.29482835544248],[131.45398288912804,33.29480722086959],[131.4548272969772,33.29461883910401],[131.45571650516493,33.294416692995995],[131.4602520290412,33.293117704306006],[131.4635217549114,33.29275342237606],[131.46501594335734,33.292718498663454],[131.4651539242323,33.29267726237899],[131.46582194773273,33.29230366422316],[131.46608412447677,33.29221811043124],[131.46631725431362,33.29223713840122],[131.4664991678057,33.29227956652891],[131.46678295541963,33.29236060711176],[131.46905595736106,33.29274177263383],[131.4718444840051,33.29244768540632],[131.4726419317693,33.2925200481327],[131.47309688741527,33.29255279938373],[131.47461915568408,33.29261194460201],[131.47619518238693,33.29212827668635],[131.47622441371283,33.2927602495194],[131.48136250277864,33.2915091864299],[131.48376460067396,33.290843627016436],[131.4862119690137,33.29089084123235],[131.48565391771987,33.29166408839195],[131.48961735923297,33.29157036770167],[131.49018857433737,33.29208822284401],[131.49179272921336,33.29206429872155],[131.491434946429,33.29421149625642],[131.49141137791915,33.295391755800566],[131.49140606886667,33.295733356813166],[131.49129355697036,33.29726374326679],[131.49086326173148,33.29891587145113],[131.49085052301425,33.29912910676664],[131.4907824294115,33.30027032209869],[131.49001227247538,33.301407475791535],[131.48920833233223,33.30376366821931],[131.4882817772236,33.30576352375627],[131.48833993731265,33.30626568110946],[131.4883379644099,33.306936020164166],[131.4874221108126,33.307398151892535],[131.4874856259767,33.30872601775482],[131.48754174989472,33.30898720979898],[131.48756872309056,33.3090051911615],[131.488134803757,33.309201630648346],[131.48781940526436,33.30962408302903],[131.4876006654065,33.30990630894364],[131.48752957372042,33.30995350770135],[131.4872883483641,33.310369988502615],[131.48703646963762,33.310824300560526],[131.48681701279884,33.310978880606356],[131.48667118666455,33.31125429958392],[131.4865014673993,33.31142171381233],[131.4854973348324,33.31219418852694],[131.485323792838,33.31221861220032],[131.48497316700224,33.312204487847204],[131.485214975582,33.31225704260743],[131.48356273535018,33.31281410308562],[131.48277680447802,33.312631297203566],[131.48154608713125,33.31299514309784],[131.4803004882964,33.31369703257866],[131.4795003582762,33.314603378150935],[131.47917157639003,33.3146716787291],[131.47868029488873,33.31460774692636],[131.4783883557786,33.314761598501086],[131.47810043510918,33.314617136177205],[131.47791017100877,33.314653691080416],[131.4777426876384,33.314690123730884],[131.47748809980177,33.31466366682765],[131.477297284899,33.314592794601346],[131.47710938628745,33.314548186337575],[131.47544852956605,33.31492447861693],[131.47532601112997,33.314944146189916],[131.47508914591228,33.314913776556054],[131.4748940601262,33.314912692424016],[131.47476064138863,33.3149573740667],[131.47464595483385,33.31502864567527],[131.47453212275053,33.31505669575203],[131.4743255438487,33.31495625816059],[131.47420673485416,33.314872072475104],[131.47403767243014,33.31481199568657],[131.47377013155116,33.314787271935884],[131.47368885733792,33.31475443767276],[131.4734055334867,33.31464330078266],[131.47333981314605,33.31465457769086],[131.47327398439225,33.3145611716243],[131.4729524867341,33.31466616532494],[131.47165103978466,33.315051876294255],[131.471140542136,33.315039973817],[131.47061238577388,33.31479566499662],[131.46969120284535,33.313824047729575],[131.4683980819775,33.31299605970098],[131.46767721971338,33.31356283037849],[131.46742419925428,33.31356910353866],[131.46724067832932,33.313564474090484],[131.46696269428114,33.31363987613776],[131.46697323760958,33.3147141635106],[131.466945805696,33.31491084270849],[131.46685674040097,33.3151143452723],[131.46632492828076,33.315047270175214],[131.4659559644551,33.31467152650114],[131.46567965778533,33.31446538518469],[131.46534347879603,33.314304655605206],[131.46519160276586,33.31429458809437],[131.46489749715784,33.31431428624848],[131.4648344050434,33.314346399556385],[131.4646456365298,33.31453833004706],[131.4642606491622,33.314720355284834],[131.46379734975426,33.31474734162168],[131.46337596974266,33.31462672770221],[131.46293951143295,33.31463631797596],[131.4626559802195,33.314561680869105],[131.46221308723577,33.31455273022514],[131.46234832906683,33.315017410164835],[131.46184094805986,33.31554651373406],[131.46074495031056,33.31608875153777],[131.45978173262034,33.31701494496403],[131.46019864391755,33.31838162398211],[131.4580544630841,33.31955197592819],[131.4579821230081,33.31977344037406],[131.4577940949722,33.3201341455571],[131.45766621134555,33.32028378562895],[131.45719406481194,33.32061883826424],[131.45624908675865,33.32166490759436],[131.45456442891356,33.322864360531945],[131.45403366242064,33.32270427852368],[131.4533580710464,33.32238270006645],[131.45237499020737,33.32184111108025],[131.451583256684,33.32097216741699],[131.45081700097498,33.31910530735625],[131.45083045531882,33.31815372665672],[131.4501190139473,33.31778626053482],[131.45019486438832,33.31827374592679],[131.44667728322585,33.31919400218558],[131.445854075074,33.31952089925264],[131.44476587687893,33.3200609560779],[131.44441946028658,33.31996167413969],[131.44395378557385,33.31996333972136],[131.44358145682295,33.31999816434496],[131.4425591122374,33.32041510819688],[131.44209411003493,33.32055078507979],[131.44198249222745,33.3208360207417],[131.4398990477337,33.32190454602943],[131.4385011133576,33.32304320646839],[131.43840563134057,33.32480238054065],[131.43648280791885,33.32312381413946],[131.4338444056649,33.32200347058445],[131.43382794779177,33.32137873189869],[131.43407384055783,33.32079709931838],[131.4340894010688,33.32065281490055],[131.4339603254198,33.32016889781856],[131.43371076513407,33.31869439163653],[131.433703468498,33.3182323389135],[131.43343453535527,33.31767564480232],[131.4331180416793,33.31730596497321],[131.43090618055885,33.315653921367804],[131.4290679504843,33.314580608991186],[131.42884576423276,33.314366411665596],[131.42854957926284,33.313302411241494],[131.42843026987632,33.31270682184041],[131.4269519107128,33.31144655379677],[131.42651851692682,33.31087151955501],[131.4261804438386,33.31074565573718],[131.42552846043034,33.310689269065044],[131.4249325642484,33.31019294698862],[131.4242446859856,33.30993145368294],[131.42383663305657,33.30977651392592],[131.42335131077363,33.30928469677449],[131.42288371203597,33.30885636318648],[131.422739605186,33.30792853349711],[131.42250284505278,33.30709876787773],[131.42234879065015,33.30653256206877],[131.42161586858802,33.305367361904146],[131.4214398522409,33.30506502858093],[131.42140259085713,33.30457659082209],[131.42123386091717,33.303375293374586],[131.42069719258677,33.30309373654752],[131.42026616586824,33.302997489936466],[131.41989308474464,33.30284242976656],[131.41968392734347,33.30170473155356],[131.42027389754705,33.300979619841],[131.42017727392104,33.29905009222519],[131.42012887131088,33.298669151489925],[131.4191130546726,33.29607301944564],[131.4189800833945,33.29478272556469]],[[131.45038489469167,33.311233827498455],[131.45153083281213,33.313041130203445],[131.45153083281213,33.31304113020344],[131.45038489469167,33.311233827498455]],[[131.46893219195744,33.306492678046226],[131.46910482120063,33.30658107013],[131.4692386138142,33.306631746053554],[131.46893219195744,33.306492678046226]],[[131.47327398439302,33.31456117162404],[131.47535335935376,33.31390849583923],[131.4738638374051,33.31436860950529],[131.47327398439302,33.31456117162404]],[[131.47535335935748,33.313908495838085],[131.47537181471512,33.31441404567844],[131.47535335935754,33.313908495838064],[131.47535335935748,33.313908495838085]],[[131.47998105188884,33.306797632683946],[131.48058328621013,33.30565284727837],[131.48138201142197,33.30573034098995],[131.48058328621008,33.30565284727835],[131.47998105188884,33.306797632683946]]]}},{"type":"Feature","properties":{"KEY_CODE":"44202057001","PREF":"44","CITY":"202","CITY_NAME":"別府市","S_NAME":"大字亀川","SETAI":"997"},"geometry":{"type":"MultiPolygon","coordinates":[[[[131.48350705601501,33.31785550173746],[131.4835745825829,33.31763418023904],[131.4839009981525,33.317216082696305],[131.48392406702993,33.317139946714214],[131.48418107751198,33.31690799136507],[131.48469948840088,33.316635630363685],[131.48515757828994,33.31607478616221],[131.48534328448451,33.31479403664586],[131.48484418250777,33.31372579385563],[131.4849441819834,33.31301288827062],[131.4852716172519,33.31278910179932],[131.48541228067936,33.312743502433065],[131.48559313778355,33.312692071326765],[131.485699926192,33.31259873342868],[131.48569800737863,33.31256334232982],[131.48586544202425,33.31254186741311],[131.4860853741834,33.312470626443314],[131.4865804268598,33.3122212044703],[131.4873244918392,33.312111439424484],[131.4877001144371,33.312138628541135],[131.48803730382573,33.312232397460676],[131.48825558044138,33.31241909660549],[131.48859194460874,33.312641818348865],[131.48884300826057,33.312593945290416],[131.48890805494304,33.31257544136746],[131.48931228071777,33.312719734704324],[131.489828944424,33.31309661729344],[131.49065120169968,33.31400150778277],[131.49162220149393,33.31451553632804],[131.49205761368026,33.315475924586934],[131.49154930448483,33.316029606598235],[131.49208283699133,33.316543753846155],[131.49345294723938,33.317092118620906],[131.49301411142176,33.31804485619124],[131.49300698959183,33.319229898084245],[131.49292492561554,33.31906671809738],[131.49237736612548,33.31940368724139],[131.49240144244757,33.320799243811244],[131.49253336822727,33.32095930389276],[131.4925991041221,33.321106980712464],[131.4923146676666,33.32123660380959],[131.49197965202086,33.321444235712605],[131.49191194300602,33.32157201264001],[131.49180817214054,33.32171856556441],[131.49230260331453,33.32274460049374],[131.4917731516008,33.323682617587636],[131.49192636308615,33.32536575980733],[131.49013629347107,33.32630671937393],[131.49081799908055,33.32525641063075],[131.49056777324063,33.32332726615034],[131.49082208742303,33.32278512181579],[131.49001549550576,33.3222092011069],[131.48814278137274,33.320133324895046],[131.48689930047982,33.31958721596214],[131.48596761347105,33.319308946489784],[131.48630299008445,33.31840523488422],[131.48390894292567,33.31893540137692],[131.48350705601501,33.31785550173746]]],[[[131.48863905641403,33.33022260597264],[131.48938321902128,33.32981968238351],[131.4894003679713,33.330206997605124],[131.48863905641403,33.33022260597264]]],[[[131.48935347025517,33.32923509935619],[131.49002191586266,33.32895726568195],[131.49231075554064,33.328819218803154],[131.49365944025354,33.32838093304154],[131.4929729945416,33.32971178370632],[131.49139711375102,33.32975438224243],[131.4914282168867,33.330540261813574],[131.49043700042876,33.33056235608679],[131.49042925334666,33.330071483636225],[131.48939652072372,33.33011191129157],[131.48938321902128,33.32981968238351],[131.48935347025517,33.32923509935619]]]]}},{"type":"Feature","properties":{"KEY_CODE":"44202058002","PREF":"44","CITY":"202","CITY_NAME":"別府市","S_NAME":"大字野田","SETAI":"334"},"geometry":{"type":"Polygon","coordinates":[[[131.43822621197606,33.32789742343539],[131.43840563134057,33.32480238054065],[131.4385011133576,33.32304320646839],[131.4398990477337,33.32190454602943],[131.44198249222745,33.3208360207417],[131.44209411003493,33.32055078507979],[131.4425591122374,33.32041510819688],[131.44358145682295,33.31999816434496],[131.44395378557385,33.31996333972136],[131.44441946028658,33.31996167413969],[131.44476587687893,33.3200609560779],[131.445854075074,33.31952089925264],[131.44667728322585,33.31919400218558],[131.45019486438832,33.31827374592679],[131.45083045531882,33.31815372665672],[131.45081700097498,33.31910530735625],[131.451583256684,33.32097216741699],[131.45237499020737,33.32184111108025],[131.4533580710464,33.32238270006645],[131.45403366242064,33.32270427852368],[131.45456442891356,33.322864360531945],[131.45624908675865,33.32166490759436],[131.45719406481194,33.32061883826424],[131.45766621134555,33.32028378562895],[131.4577940949722,33.3201341455571],[131.4579821230081,33.31977344037406],[131.4580544630841,33.31955197592819],[131.46019864391755,33.31838162398211],[131.4656671348366,33.32137017070937],[131.46573948278342,33.322864092021355],[131.46718815879927,33.32338329610273],[131.46854453368843,33.32325215868135],[131.470417959169,33.323561413699665],[131.47375626648036,33.32308535631879],[131.47374589088795,33.32404899419368],[131.4743834034513,33.32497735887897],[131.47481235418059,33.324702876991736],[131.47557085215354,33.32543986699381],[131.47686509436488,33.32472528951991],[131.4766864654589,33.32364684431372],[131.47922743336375,33.322106454921745],[131.4793997503894,33.32220575068493],[131.47964777461712,33.32240063417124],[131.47967912381014,33.322425061207994],[131.47976911691373,33.322462404380474],[131.48005602799236,33.322456394727084],[131.48012417752787,33.32242006199772],[131.48026968564258,33.32226053641283],[131.48056716121826,33.32186308383426],[131.48064064331726,33.32120211634461],[131.4816573884565,33.32045086795819],[131.4813562228003,33.319267811328544],[131.48275101811592,33.32003266456255],[131.48385036717823,33.319856556534255],[131.48663244519983,33.32020406581872],[131.48689930047982,33.31958721596214],[131.48814278137274,33.320133324895046],[131.49001549550576,33.3222092011069],[131.49082208742303,33.32278512181579],[131.49056777324063,33.32332726615034],[131.49081799908055,33.32525641063075],[131.49013629347107,33.32630671937393],[131.4893492809498,33.326776780427004],[131.48922706438452,33.32740814931736],[131.49067709360327,33.327138528994205],[131.4905458095675,33.3277372116957],[131.49021798008707,33.32784079645282],[131.48907429911532,33.32815217496167],[131.4888055770083,33.32823896754918],[131.4885245706821,33.32821475027322],[131.4883907069769,33.3283547621757],[131.4885639214405,33.32853593475156],[131.48876578845952,33.328836894900476],[131.48882109705553,33.32886083890084],[131.4887468491306,33.32911966897098],[131.48874401740585,33.32916032741755],[131.48888637512053,33.32920411077114],[131.4872020491306,33.32900792245803],[131.48563675751856,33.329428984612264],[131.48437701567272,33.32935412456066],[131.483690723448,33.32886921429342],[131.48351276221467,33.328798794124815],[131.48327884956154,33.32882340752842],[131.48306965497648,33.328932603112364],[131.48260200453512,33.329014026696484],[131.48248256794545,33.32894168403795],[131.4817238732556,33.32892938014277],[131.4799512684368,33.32797762367718],[131.4790682230044,33.328647492371914],[131.47777301036237,33.32884472845853],[131.47734716504914,33.32824634849136],[131.47642734380867,33.32798620374509],[131.4754804046615,33.32714497666313],[131.47485779885656,33.32599172739468],[131.4710313080121,33.328522495806055],[131.47013276005708,33.3303745534127],[131.47345115098796,33.33185932410139],[131.47279726729963,33.33261648991364],[131.47238862890583,33.33283695321005],[131.47208322194817,33.3331977720769],[131.47201902848042,33.3333856824813],[131.4720076586516,33.333866581248905],[131.47199224857607,33.33446084168213],[131.47158939205772,33.33576028548223],[131.47166611558237,33.3361665661906],[131.47266774198232,33.33707755387677],[131.47273551473765,33.33755061664764],[131.47301784337668,33.337434401179145],[131.47387968039584,33.33750343069898],[131.47429355493657,33.337796243465895],[131.47439732760762,33.338777222932556],[131.47393238106756,33.33927482461323],[131.47276005141444,33.33983710799721],[131.47194725295333,33.33973692681256],[131.4717503485149,33.339742816370006],[131.47036015627592,33.341431615740056],[131.46996396901503,33.34225013597418],[131.46979043208202,33.34332394590718],[131.46980040101468,33.3434450744606],[131.4697168009961,33.3435143549485],[131.4694371422266,33.34381846571771],[131.46921491016843,33.34388432467866],[131.46864034451582,33.34413117750392],[131.46852644282058,33.34424005625237],[131.46801684451853,33.34426972695433],[131.4667869568967,33.343972525701524],[131.46618037787925,33.34386927430793],[131.46600136199245,33.34383915716744],[131.46563415824895,33.34360278218949],[131.46493813245252,33.34335418227375],[131.46447448647933,33.343178534525066],[131.46412445824834,33.34314793004553],[131.4636753463983,33.34311688269184],[131.46356245172097,33.34309962467778],[131.4633993152146,33.343032919947504],[131.46299389934256,33.342767025134044],[131.4626615386308,33.34260941264908],[131.46261839337498,33.3426003092135],[131.46245549676797,33.34267403385554],[131.46221825801533,33.34281457127951],[131.46199858484124,33.34289615254307],[131.46188857813928,33.3429012080748],[131.46182407034482,33.342844494431],[131.46177484230856,33.34281195665562],[131.46136551897519,33.342670756128435],[131.46113806910336,33.34249693368814],[131.46102255860757,33.34250814248],[131.46088268024982,33.34268064639691],[131.46066849165734,33.34276068808407],[131.46055661743134,33.3427618777322],[131.460204664834,33.342715842248516],[131.45997603177074,33.34292019927331],[131.45984844593804,33.342901435855296],[131.45948687703554,33.34277311345886],[131.45904877184813,33.34273277298031],[131.45888043042874,33.34263262106948],[131.4583063797686,33.34234129609731],[131.4602638665537,33.337828121260195],[131.45986921182316,33.33772563678179],[131.46027976611134,33.33641509650091],[131.4603523430177,33.33578310472332],[131.46014191574866,33.33322258261568],[131.45973533579703,33.33237204103545],[131.4584759493001,33.3313933288387],[131.45831232626688,33.330645551660304],[131.45732635821923,33.330392261431626],[131.45612843709523,33.330318461637425],[131.4556101496466,33.33044321504759],[131.45438739200966,33.33071575880787],[131.45361595534166,33.33077443409649],[131.45235137235164,33.33067850814905],[131.4520517998592,33.33064049844875],[131.4512134133411,33.33062120732683],[131.45094785364572,33.33073385883183],[131.45040451634193,33.33116028545098],[131.44997936069785,33.33128467581573],[131.44904747511876,33.33119867849173],[131.44827591620242,33.33123498810423],[131.44700382978257,33.33097704703017],[131.44676433359228,33.33097790468293],[131.44629927573828,33.33110242219415],[131.4454893197381,33.33144041478339],[131.44470234230224,33.33106346122619],[131.44454167902379,33.33087415369689],[131.44368776747677,33.33041924183892],[131.44339440210533,33.33029739547173],[131.4424376952904,33.33055769838136],[131.44178509141824,33.33043715803937],[131.4410920343487,33.330216199620565],[131.4400717982804,33.32975625423553],[131.43822621197606,33.32789742343539]]]}},{"type":"Feature","properties":{"KEY_CODE":"44202059002","PREF":"44","CITY":"202","CITY_NAME":"別府市","S_NAME":"大字内竃","SETAI":"1946"},"geometry":{"type":"Polygon","coordinates":[[[131.46979043208202,33.34332394590718],[131.46996396901503,33.34225013597418],[131.47036015627592,33.341431615740056],[131.4717503485149,33.339742816370006],[131.47194725295333,33.33973692681256],[131.47276005141444,33.33983710799721],[131.47393238106756,33.33927482461323],[131.47439732760762,33.338777222932556],[131.47429355493657,33.337796243465895],[131.47387968039584,33.33750343069898],[131.47301784337668,33.337434401179145],[131.47273551473765,33.33755061664764],[131.47266774198232,33.33707755387677],[131.47166611558237,33.3361665661906],[131.47158939205772,33.33576028548223],[131.47199224857607,33.33446084168213],[131.4720076586516,33.333866581248905],[131.47201902848042,33.3333856824813],[131.47208322194817,33.3331977720769],[131.47238862890583,33.33283695321005],[131.47279726729963,33.33261648991364],[131.47345115098796,33.33185932410139],[131.47013276005708,33.3303745534127],[131.4710313080121,33.328522495806055],[131.47485779885656,33.32599172739468],[131.4754804046615,33.32714497666313],[131.47642734380867,33.32798620374509],[131.47734716504914,33.32824634849136],[131.47777301036237,33.32884472845853],[131.4790682230044,33.328647492371914],[131.4799512684368,33.32797762367718],[131.4817238732556,33.32892938014277],[131.48248256794545,33.32894168403795],[131.48260200453512,33.329014026696484],[131.48306965497648,33.328932603112364],[131.48327884956154,33.32882340752842],[131.48351276221467,33.328798794124815],[131.483690723448,33.32886921429342],[131.48437701567272,33.32935412456066],[131.48563675751856,33.329428984612264],[131.4872020491306,33.32900792245803],[131.48888637512053,33.32920411077114],[131.4889885122016,33.329205648951266],[131.48844250581874,33.329665238921244],[131.48907729914526,33.32936337922794],[131.48935347025517,33.32923509935619],[131.48938321902128,33.32981968238351],[131.48863905641403,33.33022260597264],[131.4894003679713,33.330206997605124],[131.48939652072372,33.33011191129157],[131.49042925334666,33.330071483636225],[131.49043700042876,33.33056235608679],[131.4914282168867,33.330540261813574],[131.49139711375102,33.32975438224243],[131.4929729945416,33.32971178370632],[131.49263801565323,33.33206133107052],[131.49278376702668,33.333754208115835],[131.49018506220202,33.33376205751784],[131.48957539003513,33.3337815093808],[131.4879008546987,33.33384413576193],[131.48792803087244,33.334998602766824],[131.48864294730484,33.33504623141286],[131.48855437088562,33.3351369974361],[131.48837024007233,33.33517424563962],[131.48831079083848,33.335184060966505],[131.48935239959496,33.33540599133577],[131.48967465449132,33.33543342717737],[131.49010865126954,33.335250880728935],[131.49103655258946,33.335041128874906],[131.49138968592243,33.335030187653345],[131.49219781529746,33.335079157196],[131.49253827123601,33.33502303487032],[131.49247043283765,33.33511544775561],[131.49244160450894,33.33514514879667],[131.49262838231772,33.33520523988447],[131.49290528925553,33.33508593117138],[131.4931315039098,33.335159778764094],[131.49313808574544,33.335225829473195],[131.49323780295458,33.3353995419553],[131.4936040659334,33.33570724087009],[131.49371260279682,33.33590430618086],[131.4937260269396,33.33607466378845],[131.49340728758108,33.33631326132211],[131.49349229526828,33.33631989751006],[131.49354035383365,33.33639621344097],[131.49337561929934,33.336569000274814],[131.4932455396518,33.33665123284531],[131.4930057464805,33.33673738852623],[131.49302037993357,33.33726352859116],[131.4915736987783,33.338560849492765],[131.48908127174906,33.33730106687604],[131.489112370643,33.33793046389153],[131.49029551261657,33.338550624939394],[131.48968874239284,33.3390410066474],[131.48833216603936,33.341414990872686],[131.48611074379397,33.341391957801335],[131.4842856996354,33.34181921633722],[131.48530252162584,33.34263651343209],[131.48571963995474,33.34280635203681],[131.48647974467474,33.342055982868956],[131.48877551550777,33.34271833317368],[131.49016222221977,33.342410522685114],[131.49243546192494,33.34318662516165],[131.49154030791453,33.3431380363079],[131.49068395573312,33.34351291480381],[131.490072274375,33.344541230539924],[131.4893440057005,33.345009428002875],[131.48897970339058,33.345206522808766],[131.48829858046798,33.34537182220169],[131.48805622466807,33.34540979182259],[131.4877319340576,33.3454454416449],[131.487536801986,33.34547790698294],[131.4872697826141,33.34561646246319],[131.48709979754656,33.34563565420272],[131.48699241972685,33.345593738098124],[131.48609003110096,33.34510911833266],[131.48589340783542,33.34557454277547],[131.48400867438318,33.34588680699259],[131.48201397720234,33.345270998510074],[131.4787424639471,33.34496693336987],[131.4774594252704,33.34458483437301],[131.4766268456656,33.344799148651305],[131.4778729824418,33.34525568033245],[131.47847510921906,33.34590427704469],[131.47832043348382,33.3465811732532],[131.47759410047516,33.34579036803581],[131.47413599968652,33.345008054518054],[131.47229826505924,33.34497396739059],[131.47226076682443,33.34493110224892],[131.47216058078,33.34449363019135],[131.4721777572991,33.344223831060475],[131.47211658657682,33.34411067990595],[131.47185092715563,33.34408431862312],[131.47173451604317,33.34408475980115],[131.47153386036686,33.34401905781928],[131.47146582199622,33.34392354435587],[131.4708166840183,33.34360935115637],[131.4702993424798,33.3435487515546],[131.46997799706622,33.34355387682303],[131.46982396690484,33.34349581198311],[131.46980040101468,33.3434450744606],[131.46979043208202,33.34332394590718]]]}},{"type":"Feature","properties":{"KEY_CODE":"44202060002","PREF":"44","CITY":"202","CITY_NAME":"別府市","S_NAME":"大字南畑","SETAI":"56"},"geometry":{"type":"Polygon","coordinates":[[[131.39679903180473,33.334032313425105],[131.39687305005134,33.33303303691977],[131.39741371070158,33.33160960583001],[131.3968576981183,33.33029483045512],[131.39801434267432,33.32993443413718],[131.39805429264453,33.329125788606206],[131.39904960248657,33.32785723389802],[131.39880640024128,33.325196250493285],[131.39884267773428,33.324614049483465],[131.39891611727944,33.32412038326362],[131.39930915714285,33.32289044816402],[131.399424208938,33.32259695407077],[131.39965657332243,33.32250334940832],[131.40025005258954,33.32247700411585],[131.40196668332678,33.3217996270692],[131.40296210285322,33.321850106845325],[131.4047916816718,33.321685293870715],[131.4056744723515,33.32130130671923],[131.40703629433352,33.320673926328496],[131.40726338019104,33.320702476726204],[131.40772690890208,33.32026615481655],[131.40806836796907,33.31985464251867],[131.40949784161296,33.319400427905805],[131.4111638525078,33.31912860012572],[131.41236001271318,33.319185695341424],[131.41301629619073,33.32013128600771],[131.4144305535414,33.32199031827977],[131.41583763350536,33.32354644950128],[131.4160588695025,33.32357011333035],[131.41655350832627,33.32355869194098],[131.41755566202866,33.32440778233481],[131.41950610860434,33.32517549106937],[131.42033862907607,33.32583461684183],[131.42222964115805,33.32574025715464],[131.42301556940632,33.32639463008653],[131.42397116958088,33.326635625720165],[131.42536766111976,33.32658198613879],[131.42800747228355,33.326113674605736],[131.42926158098393,33.32552310640994],[131.43022778923793,33.32554905885033],[131.4334059962354,33.324526731827405],[131.4340276958751,33.323673072294056],[131.4338444056649,33.32200347058445],[131.43648280791885,33.32312381413946],[131.43840563134057,33.32480238054065],[131.43822621197606,33.32789742343539],[131.4400717982804,33.32975625423553],[131.4410920343487,33.330216199620565],[131.44178509141824,33.33043715803937],[131.4424376952904,33.33055769838136],[131.44339440210533,33.33029739547173],[131.44368776747677,33.33041924183892],[131.44454167902379,33.33087415369689],[131.44470234230224,33.33106346122619],[131.4454893197381,33.33144041478339],[131.44629927573828,33.33110242219415],[131.44676433359228,33.33097790468293],[131.44700382978257,33.33097704703017],[131.44827591620242,33.33123498810423],[131.44904747511876,33.33119867849173],[131.44997936069785,33.33128467581573],[131.45040451634193,33.33116028545098],[131.45094785364572,33.33073385883183],[131.4512134133411,33.33062120732683],[131.4520517998592,33.33064049844875],[131.45235137235164,33.33067850814905],[131.45361595534166,33.33077443409649],[131.45438739200966,33.33071575880787],[131.4556101496466,33.33044321504759],[131.45612843709523,33.330318461637425],[131.45732635821923,33.330392261431626],[131.45831232626688,33.330645551660304],[131.4584759493001,33.3313933288387],[131.45973533579703,33.33237204103545],[131.46014191574866,33.33322258261568],[131.4603523430177,33.33578310472332],[131.46027976611134,33.33641509650091],[131.45986921182313,33.337725636781784],[131.4602638665537,33.337828121260195],[131.4583063797686,33.34234129609731],[131.458181928541,33.34235126311169],[131.45888043042874,33.34263262106948],[131.45904877184813,33.34273277298031],[131.45948687703554,33.34277311345886],[131.45984844593804,33.342901435855296],[131.45997603177074,33.34292019927331],[131.460204664834,33.342715842248516],[131.46055661743134,33.3427618777322],[131.46066849165734,33.34276068808407],[131.46088268024982,33.34268064639691],[131.46102255860757,33.34250814248],[131.46113806910336,33.34249693368814],[131.46136551897519,33.342670756128435],[131.46177484230856,33.34281195665562],[131.46182407034482,33.342844494431],[131.46188857813928,33.3429012080748],[131.46199858484124,33.34289615254307],[131.46221825801533,33.34281457127951],[131.46245549676797,33.34267403385554],[131.46261839337498,33.3426003092135],[131.4626615386308,33.34260941264908],[131.46299389934256,33.342767025134044],[131.4633993152146,33.343032919947504],[131.46356245172097,33.34309962467778],[131.4636753463983,33.34311688269184],[131.46412445824834,33.34314793004553],[131.46447448647933,33.343178534525066],[131.46493813245252,33.34335418227375],[131.46563415824895,33.34360278218949],[131.46600136199245,33.34383915716744],[131.46618037787925,33.34386927430793],[131.4667869568967,33.343972525701524],[131.46801684451853,33.34426972695433],[131.46852644282058,33.34424005625237],[131.46864034451582,33.34413117750392],[131.46921491016843,33.34388432467866],[131.4694371422266,33.34381846571771],[131.4697168009961,33.3435143549485],[131.46982396690484,33.34349581198311],[131.46997799706622,33.34355387682303],[131.4702993424798,33.3435487515546],[131.4708166840183,33.34360935115637],[131.47146582199622,33.34392354435587],[131.47153386036686,33.34401905781928],[131.47173451604317,33.34408475980115],[131.47185092715563,33.34408431862312],[131.47211658657682,33.34411067990595],[131.4721777572991,33.344223831060475],[131.47216058078,33.34449363019135],[131.47226076682443,33.34493110224892],[131.47226566593827,33.345014103134744],[131.4730233340724,33.34575134838123],[131.4733497819645,33.34629816317365],[131.47330764439272,33.34640585680552],[131.4731000502552,33.34638618017925],[131.47287364504132,33.34627947433343],[131.47276319557034,33.3461723242851],[131.4723166998774,33.34598452180779],[131.47214578861636,33.34598002843714],[131.47183515215883,33.346088774697094],[131.47165996878658,33.346427497582745],[131.47138997780704,33.34727874468825],[131.47067128970477,33.34811890089496],[131.47030034174423,33.34836104373345],[131.46988782911583,33.348818444642234],[131.46947709897893,33.35018498812341],[131.46953902807093,33.350353782360585],[131.46950890608454,33.35042560895492],[131.46957017750017,33.350471482542794],[131.46991303386991,33.35066993441922],[131.4707396851321,33.35117390621308],[131.47092421086808,33.351444664334856],[131.4710331899141,33.35184631097178],[131.47125513377827,33.35226035058449],[131.47155879130347,33.35452439869746],[131.4709169793719,33.35462541188449],[131.4707034116083,33.35463646940566],[131.4693751351841,33.35419972486844],[131.4689209400579,33.35401317447167],[131.4688779268292,33.35395958706057],[131.4687910467471,33.35369356604061],[131.46879783516528,33.353159997120954],[131.46878475493548,33.35308407418056],[131.46645659956465,33.351983918189674],[131.4659617186458,33.351885879696],[131.46537132543457,33.351907280876254],[131.46495966790343,33.35195749432713],[131.46390548044366,33.35198829660332],[131.46353306955805,33.35196154123262],[131.46299278635973,33.35193537226617],[131.4617177025806,33.351733948212036],[131.46039348778956,33.35147891102194],[131.4595411480498,33.35128741372864],[131.4587393867447,33.35115077432512],[131.45808864783277,33.351002058340384],[131.45661739017228,33.35062714926419],[131.4554469385332,33.349997563442145],[131.45408821293935,33.34954025276009],[131.4540999006245,33.34944800091672],[131.45407478740748,33.349307238468995],[131.45372761864562,33.34915102201958],[131.45293618197175,33.348928505169866],[131.45139517087057,33.34862292771163],[131.4500142930839,33.34802127674669],[131.4493572621757,33.3483052743865],[131.44628511870567,33.34864305404195],[131.44237613782747,33.34939022387175],[131.44115963129804,33.34921382076378],[131.43949675963296,33.34841195974173],[131.43970430904383,33.346891491008144],[131.4413852770924,33.346269203227614],[131.44130523314476,33.34547241760031],[131.44018227843546,33.344815930854764],[131.43620057947672,33.34384788938241],[131.43325043658803,33.343105910675355],[131.43308029238958,33.34342180163573],[131.4342503151758,33.344503306834],[131.43462310977765,33.34499300255627],[131.43406111869382,33.34530577764221],[131.433224639749,33.34546181422999],[131.43277322344017,33.34533724648817],[131.43237292370958,33.34470802553604],[131.43199568311212,33.34439399136298],[131.43078799721883,33.344375643247815],[131.4293965169416,33.34516419181928],[131.42889312647125,33.34539112060872],[131.42889312647125,33.345391120608696],[131.42819327906844,33.34495208515275],[131.4265258481667,33.344210037679396],[131.4251120363525,33.343741906623194],[131.4241539644758,33.34317761749644],[131.42344401686844,33.34287371343738],[131.42150073954613,33.342799265736105],[131.41984393036674,33.34315178409321],[131.4180244772392,33.34427502880398],[131.41641942415922,33.34535251749631],[131.4160776807199,33.345723035017976],[131.41607893762458,33.345984297870885],[131.41629117464063,33.34881680354933],[131.41620325256307,33.348958335133275],[131.41618463695607,33.34898833617245],[131.41569115311933,33.34906206467582],[131.4143908544289,33.34878718099903],[131.41396123487158,33.34874358005938],[131.4118839088072,33.34873705725646],[131.41125207371869,33.34906347607629],[131.41028731626497,33.3493639524327],[131.4094935193597,33.34951078955307],[131.40925171880826,33.34946205580347],[131.40833845937593,33.34932102645193],[131.40823142796916,33.34939344976178],[131.40771882596496,33.34997174023852],[131.40724779410135,33.35027059028123],[131.4067758282662,33.35036227680992],[131.4067936443306,33.350963748015616],[131.40582522636964,33.35105788013917],[131.40563132023223,33.35107237510803],[131.40523426140246,33.351027535458684],[131.40506141702238,33.35099469264999],[131.4041462076206,33.35076238553864],[131.40396837858995,33.350686833290524],[131.4031293025606,33.350414463658936],[131.402710920346,33.35032277310694],[131.40223773942063,33.35014539407303],[131.4016663127428,33.350098975119764],[131.40134720490175,33.35005231483321],[131.40128721304347,33.35003240219236],[131.4007602745784,33.34971998386231],[131.40038028826842,33.34939654201226],[131.4002756728202,33.34906612940549],[131.40074954820474,33.34865099104043],[131.40128101043828,33.34836439175343],[131.40168388211598,33.34802746694102],[131.40193947075755,33.34748484702374],[131.4019505632259,33.34738806093233],[131.40223099574425,33.34676371597211],[131.40223357087845,33.346550269138916],[131.40200369031896,33.34625292438785],[131.40176983487586,33.34604026269087],[131.4017427050877,33.34599199326645],[131.40268196826648,33.345147759020406],[131.4025175594338,33.34295575789672],[131.40113917553992,33.342783159383536],[131.4003487392091,33.34178146933093],[131.4004454484514,33.34098997466685],[131.39907781788483,33.34057051559526],[131.39951336401353,33.33872756494707],[131.40054046299042,33.33759664809857],[131.39951333107652,33.33738481976954],[131.39890672300592,33.33657688677413],[131.39781745309062,33.335867807003595],[131.39679903180473,33.334032313425105]],[[131.42747926413716,33.34229473295643],[131.42843017139197,33.34343569371106],[131.4285345933046,33.34433547188916],[131.428430171392,33.34343569371106],[131.42747926413716,33.34229473295643]]]}},{"type":"Feature","geometry":{"type":"Polygon","coordinates":[[[131.47713479478784,33.352905363623876],[131.47623778309998,33.35326326277012],[131.47533240511217,33.35315787742952],[131.47393547639723,33.35357169042738],[131.47237866321484,33.354334337048],[131.47155879130347,33.35452439869746],[131.47125513377827,33.35226035058449],[131.4710331899141,33.35184631097178],[131.47092421086808,33.351444664334856],[131.4707396851321,33.35117390621308],[131.46991303386991,33.35066993441922],[131.46957017750017,33.350471482542794],[131.46950890608454,33.35042560895492],[131.46953902807093,33.350353782360585],[131.46947709897893,33.35018498812341],[131.46988782911583,33.348818444642234],[131.47030034174423,33.34836104373345],[131.47067128970477,33.34811890089496],[131.47138997780704,33.34727874468825],[131.47165996878658,33.346427497582745],[131.47183515215883,33.346088774697094],[131.47214578861636,33.34598002843714],[131.4723166998774,33.34598452180779],[131.47276319557034,33.3461723242851],[131.47287364504132,33.34627947433343],[131.4731000502552,33.34638618017925],[131.47330764439272,33.34640585680552],[131.4733497819645,33.34629816317365],[131.4730233340724,33.34575134838123],[131.47226566593827,33.345014103134744],[131.47229826505924,33.34497396739059],[131.47413599968652,33.345008054518054],[131.47759410047516,33.34579036803581],[131.47832043348382,33.3465811732532],[131.47847510921906,33.34590427704469],[131.4778729824418,33.34525568033245],[131.4766268456656,33.344799148651305],[131.4774594252704,33.34458483437301],[131.4787424639471,33.34496693336987],[131.48201397720234,33.345270998510074],[131.48400867438318,33.34588680699259],[131.48589340783542,33.34557454277547],[131.48609003110096,33.34510911833266],[131.48699241972685,33.345593738098124],[131.48709979754656,33.34563565420272],[131.4872697826141,33.34561646246319],[131.487536801986,33.34547790698294],[131.4877319340576,33.3454454416449],[131.48805622466807,33.34540979182259],[131.48829858046798,33.34537182220169],[131.48897970339058,33.345206522808766],[131.4893440057005,33.345009428002875],[131.490072274375,33.344541230539924],[131.49068395573312,33.34351291480381],[131.49154030791453,33.3431380363079],[131.49243546192494,33.34318662516165],[131.49308479292463,33.34301427641633],[131.49345992360546,33.345852498825096],[131.49570266075162,33.34623124612866],[131.4959523353065,33.346439438028895],[131.49639983765056,33.346986779137616],[131.49662403319027,33.34734156408578],[131.4968252239571,33.34766530519342],[131.49717961804168,33.34892892000486],[131.49719137119612,33.35072030848934],[131.4939719720068,33.35072801602074],[131.49237808797932,33.34974449894323],[131.49102551285654,33.3498868573591],[131.49047848058163,33.35055870364903],[131.48793820172972,33.3511308399823],[131.48754089276173,33.351848223627954],[131.48632402071445,33.35142784293472],[131.48605777692404,33.352116497664376],[131.48430497190438,33.352183514763205],[131.4825394122018,33.35103660635384],[131.48136274196796,33.34988487237147],[131.48159117593568,33.34897098962414],[131.48000851744777,33.34889129273792],[131.47959552812253,33.34926165766965],[131.48041619760915,33.35033158308452],[131.48214476694764,33.35196265459397],[131.48065968527618,33.35298895015861],[131.47874139640626,33.353489325966294],[131.47713479478784,33.352905363623876]]]},"properties":{"KEY_CODE":"442020610","PREF":"44","CITY":"202","CITY_NAME":"別府市","S_NAME":"大字平道","SETAI":"224"}},{"type":"Feature","properties":{"KEY_CODE":"44202062001","PREF":"44","CITY":"202","CITY_NAME":"別府市","S_NAME":"大字鉄輪","SETAI":"1402"},"geometry":{"type":"Polygon","coordinates":[[[131.45978173262034,33.31701494496403],[131.46074495031056,33.31608875153777],[131.46184094805986,33.31554651373406],[131.46234832906683,33.315017410164835],[131.46221308723577,33.31455273022514],[131.4626559802195,33.314561680869105],[131.46293951143295,33.31463631797596],[131.46337596974266,33.31462672770221],[131.46379734975426,33.31474734162168],[131.4642606491622,33.314720355284834],[131.4646456365298,33.31453833004706],[131.4648344050434,33.314346399556385],[131.46489749715784,33.31431428624848],[131.46519160276586,33.31429458809437],[131.46534347879603,33.314304655605206],[131.46567965778533,33.31446538518469],[131.4659559644551,33.31467152650114],[131.46632492828076,33.315047270175214],[131.46685674040097,33.3151143452723],[131.466945805696,33.31491084270849],[131.46697323760958,33.3147141635106],[131.46696269428114,33.31363987613776],[131.46724067832932,33.313564474090484],[131.46742419925428,33.31356910353866],[131.46767721971338,33.31356283037849],[131.4683980819775,33.31299605970098],[131.46969120284535,33.313824047729575],[131.47061238577388,33.31479566499662],[131.471140542136,33.315039973817],[131.47165103978466,33.315051876294255],[131.4729524867341,33.31466616532494],[131.47327398439225,33.31456117162429],[131.47333981314608,33.31465457769088],[131.4734055334867,33.31464330078266],[131.47368885733792,33.31475443767276],[131.47377013155116,33.314787271935884],[131.47403767243014,33.31481199568657],[131.47420673485416,33.314872072475104],[131.4743255438487,33.31495625816059],[131.47453212275053,33.31505669575203],[131.47464595483385,33.31502864567527],[131.47476064138863,33.3149573740667],[131.4748940601262,33.314912692424016],[131.47508914591228,33.314913776556054],[131.47532601112997,33.314944146189916],[131.47544852956605,33.31492447861693],[131.47710938628745,33.314548186337575],[131.477297284899,33.314592794601346],[131.47748809980177,33.31466366682765],[131.4777426876384,33.314690123730884],[131.47791017100877,33.314653691080416],[131.47810043510918,33.314617136177205],[131.4783883557786,33.314761598501086],[131.47868029488873,33.31460774692636],[131.47917157639003,33.3146716787291],[131.4795003582762,33.314603378150935],[131.4803004882964,33.31369703257866],[131.48154608713125,33.31299514309784],[131.48277680447802,33.312631297203566],[131.48356273535018,33.31281410308562],[131.485214975582,33.31225704260743],[131.485323792838,33.31221861220032],[131.4854973348324,33.31219418852694],[131.48565334387928,33.31234207389489],[131.485699926192,33.31259873342868],[131.48559313778355,33.312692071326765],[131.48541228067936,33.312743502433065],[131.4852716172519,33.31278910179932],[131.4849441819834,33.31301288827062],[131.48484418250777,33.31372579385563],[131.48534328448451,33.31479403664586],[131.48515757828994,33.31607478616221],[131.48469948840088,33.316635630363685],[131.48418107751198,33.31690799136507],[131.48392406702993,33.317139946714214],[131.4839009981525,33.317216082696305],[131.4835745825829,33.31763418023904],[131.48350705601501,33.31785550173746],[131.48390894292567,33.31893540137692],[131.48630299008445,33.31840523488422],[131.48596761347105,33.319308946489784],[131.48689930047982,33.31958721596214],[131.48663244519983,33.32020406581872],[131.48385036717823,33.319856556534255],[131.48275101811592,33.32003266456255],[131.4813562228003,33.319267811328544],[131.4816573884565,33.32045086795819],[131.48064064331726,33.32120211634461],[131.48056716121826,33.32186308383426],[131.48026968564258,33.32226053641283],[131.48012417752787,33.32242006199772],[131.48005602799236,33.322456394727084],[131.47976911691373,33.322462404380474],[131.47967912381014,33.322425061207994],[131.47964777461712,33.32240063417124],[131.4793997503894,33.32220575068493],[131.47922743336375,33.322106454921745],[131.4766864654589,33.32364684431372],[131.47686509436488,33.32472528951991],[131.47557085215354,33.32543986699381],[131.47481235418059,33.324702876991736],[131.4743834034513,33.32497735887897],[131.47374589088795,33.32404899419368],[131.47375626648036,33.32308535631879],[131.470417959169,33.323561413699665],[131.46854453368843,33.32325215868135],[131.46718815879927,33.32338329610273],[131.46573948278342,33.322864092021355],[131.4656671348366,33.32137017070937],[131.46019864391755,33.31838162398211],[131.45978173262034,33.31701494496403]],[[131.47785146861452,33.31624277406181],[131.47800247203247,33.316207212674534],[131.47788175826182,33.31617457033804],[131.47785146861452,33.31624277406181]],[[131.47871428638084,33.31551350401653],[131.47879859162458,33.31567706874233],[131.47879746787916,33.31549662739068],[131.47871428638084,33.31551350401653]],[[131.4797074806098,33.317953332520695],[131.48042271709608,33.31819422716428],[131.48034518914247,33.31812693864219],[131.4797074806098,33.317953332520695]]]}},{"type":"Feature","properties":{"KEY_CODE":"44202064001","PREF":"44","CITY":"202","CITY_NAME":"別府市","S_NAME":"大字東山","SETAI":"113"},"geometry":{"type":"Polygon","coordinates":[[[131.41008394680193,33.24232694919502],[131.41968365427147,33.23425187145373],[131.4200205472024,33.234250735987516],[131.4217813593688,33.23433681089324],[131.42264270896084,33.23478693034378],[131.42368864236596,33.23509485460299],[131.42409379806563,33.23526336697011],[131.4252402809336,33.23545767437144],[131.42694197226012,33.235508507805946],[131.42760013235738,33.23574692529541],[131.4280382376031,33.23575958337605],[131.42872892349044,33.235757213882415],[131.42997501644265,33.235653826148564],[131.43061557461021,33.235736562823824],[131.43098628151162,33.235749442943174],[131.43201616365172,33.23621308288252],[131.4322877351001,33.23662271824051],[131.4324242059565,33.23696203673477],[131.43266099606205,33.23715940395591],[131.433201001354,33.2373415981533],[131.43415296996747,33.23843907831651],[131.43461338201774,33.23855982806588],[131.43496943082258,33.238497421599995],[131.4354359917932,33.23832191131501],[131.43586561443067,33.238413772351635],[131.43648031860303,33.23873686808585],[131.43762632892046,33.23880691302392],[131.4384931480103,33.238977755930954],[131.4388533518484,33.23898291984703],[131.438967511375,33.238821508971625],[131.4395213601075,33.23771830815773],[131.43984188989813,33.23745313800037],[131.4403873628657,33.23772814831537],[131.44079932552157,33.23735960413455],[131.44023559653147,33.23650505758844],[131.44005072426026,33.236306059660784],[131.4404777302159,33.235885943491816],[131.44116114898839,33.23539728952584],[131.44126662307318,33.23504271815579],[131.44107792590884,33.23409024366604],[131.44158723238291,33.23327052767765],[131.44217449747472,33.232910017877494],[131.44336081309,33.23319017282719],[131.4439992537953,33.23367736684677],[131.44445055756367,33.23427145686704],[131.4446350576006,33.23438674032638],[131.44576954921047,33.23445995740162],[131.44807413031586,33.23482201221057],[131.44971771166092,33.23554382580597],[131.4504267185927,33.23557668065123],[131.45090887188974,33.235459011181824],[131.4513709793795,33.235420700020065],[131.45105044909562,33.23691075844268],[131.45090753157893,33.237432936308906],[131.45060194740867,33.2376143747],[131.45002015511298,33.23773238802929],[131.44987487736537,33.237797319597],[131.44966194711645,33.23811366840499],[131.44970858718122,33.23824229985703],[131.44998968627294,33.23851499517209],[131.45008223930105,33.23863058627681],[131.4500159402057,33.23914603794098],[131.44959785998364,33.23942726786937],[131.4492068576077,33.23950516829456],[131.44880703795252,33.23962899694615],[131.44876489351063,33.24028693497156],[131.44779238210668,33.24055049881943],[131.44761971542636,33.24060465797107],[131.44755823601446,33.24104085532236],[131.4475061262983,33.24153057664762],[131.44723637732537,33.24217403919398],[131.4464744750016,33.24358796447904],[131.44525741332316,33.24498821774229],[131.44519784614218,33.24580685323905],[131.44454790549068,33.24686468398515],[131.4443331027058,33.24757679076275],[131.4449141439254,33.24817516507078],[131.44534294674105,33.24836485475156],[131.44596647221226,33.249249890995976],[131.44724133149185,33.249344783835014],[131.44752353207795,33.24934377562513],[131.4491391693838,33.24933415902288],[131.4512595964662,33.24923474445388],[131.45454817091604,33.24971235695017],[131.45493819135748,33.249957636843114],[131.45523784741968,33.25089135360459],[131.4548511834453,33.251492013128924],[131.45433474212223,33.2518334584634],[131.4526838478188,33.252526553755004],[131.4531069387615,33.25284176800704],[131.45371239179318,33.254066472876545],[131.45371057917032,33.25491061995899],[131.4540288959475,33.25610488643222],[131.45493293644276,33.25832207338392],[131.45472380253187,33.25859941341969],[131.4542718349224,33.2592826439527],[131.45414887060522,33.259634382386885],[131.4531640331885,33.26052312489373],[131.45257407425237,33.261369684506654],[131.4524966148435,33.26153437243794],[131.45251099821053,33.26203939619991],[131.4524759713932,33.26234063622048],[131.45240323702595,33.26241461734388],[131.45206693410117,33.26244655829897],[131.4515481390389,33.262546727717705],[131.45140121743972,33.26383154308316],[131.4516074134614,33.26409503621918],[131.45184270386346,33.26426886931529],[131.45150035982337,33.26451063562506],[131.45184270386352,33.26426886931527],[131.45170118984257,33.26455704683977],[131.45120294322444,33.26540822955613],[131.45086534796627,33.26604041343868],[131.45078519999393,33.26618147180439],[131.45023743964148,33.26640182959334],[131.44971083134106,33.26623868108469],[131.44923672953115,33.26618212516631],[131.448844684309,33.266343698513744],[131.44763120003736,33.26687462888373],[131.44698507111391,33.26707107644673],[131.44674826434937,33.267081622215045],[131.4455783402639,33.267097904704734],[131.44690957186847,33.27035245490574],[131.44601714101736,33.27548595477124],[131.4469786064536,33.27592910084409],[131.44540755135117,33.27719174410066],[131.44487541429604,33.27708683724231],[131.4428848023861,33.276530798046316],[131.44123442976098,33.27584250076018],[131.43740973363836,33.27596256642158],[131.43696369014197,33.27459539877445],[131.4329223971566,33.27258073978069],[131.4326715530091,33.270370429363474],[131.43230973500445,33.27027748001264],[131.43217162539545,33.27006861315062],[131.43220716232307,33.26970215254743],[131.4320189359527,33.269430653590064],[131.431806376546,33.269284842958136],[131.43206467354054,33.268603580492105],[131.43190016492292,33.26810172672621],[131.43118662989917,33.26831541600501],[131.43074392578495,33.26887672620943],[131.43057642662984,33.26907977624895],[131.43020759934473,33.269835002905104],[131.429660970689,33.26977992882447],[131.42941683003485,33.26986129938485],[131.42886744871993,33.270593696329755],[131.4286233086099,33.27079699961968],[131.42831833487062,33.27083781806513],[131.42697609967323,33.27108191771656],[131.4267372870458,33.270352230206065],[131.42727267193294,33.2697219814507],[131.4274028347264,33.268803570966476],[131.4269423332204,33.26848098370047],[131.42460190925928,33.26923675586568],[131.4235627991323,33.269115649775046],[131.42238131180707,33.268772318120604],[131.42068983230337,33.26791133701856],[131.4196341780963,33.26743137337383],[131.41969649163175,33.26716397470977],[131.42048443819945,33.266778358890406],[131.42084762925327,33.266304271182044],[131.42127095623636,33.26572788422591],[131.42156722697692,33.265575013579664],[131.4216569365405,33.26543367271458],[131.42173268232747,33.265075423264],[131.4219016943069,33.264704402628944],[131.42213017153486,33.26443064573715],[131.42230028099019,33.264260643830184],[131.42233340945435,33.26380414116958],[131.42240066744412,33.26302827401742],[131.4230059474185,33.262523630399926],[131.42240066744404,33.26302827401742],[131.4223593975662,33.26250768592268],[131.4220709409401,33.26160826398137],[131.42144858800333,33.26107879448677],[131.42099837183838,33.26143831226002],[131.42037964479695,33.26165738192187],[131.42061451987223,33.26082668158855],[131.4206361997515,33.259969595283444],[131.41961659789186,33.25739113432382],[131.41886197802472,33.25620034466799],[131.41904818149555,33.25598818191231],[131.4190840957558,33.25540225489474],[131.41895372208447,33.25514233908097],[131.41879642825543,33.254654684506754],[131.41905283651954,33.254274125637096],[131.4193744829518,33.25403438432492],[131.41966937178833,33.25361031983838],[131.41960188003569,33.253003021134916],[131.41231628127372,33.254889036238204],[131.41008394680193,33.24232694919502]],[[131.45150035982337,33.26451063562506],[131.45051704407922,33.26471302159073],[131.45005114198722,33.2644900561361],[131.45051704407922,33.26471302159075],[131.45150035982337,33.26451063562506]],[[131.42307745979684,33.25207515731236],[131.42345791112464,33.25176853180767],[131.42598497258516,33.2524703017734],[131.42345791112464,33.25176853180764],[131.42307745979684,33.25207515731236]],[[131.41960188003569,33.253003021134916],[131.42286651663335,33.252163118240894],[131.42307745979684,33.25207515731236],[131.42286651663335,33.25216311824089],[131.41960188003569,33.253003021134916]],[[131.4271545891947,33.2527951066192],[131.42715458919474,33.25279510661921],[131.42734699662216,33.252707195989366],[131.4271545891947,33.2527951066192]],[[131.42951902779947,33.26000332961839],[131.42951902779947,33.26000332961839],[131.430378026733,33.259713727208165],[131.42951902779947,33.26000332961839]],[[131.43070653270695,33.25565574400198],[131.43082020985116,33.25676871850462],[131.43070653270695,33.25565574400197],[131.43070653270695,33.25565574400198]]]}},{"type":"Feature","geometry":{"type":"Polygon","coordinates":[[[131.51782658355398,33.2652250293621],[131.51785852089776,33.26535636847141],[131.51589997159707,33.28670052621127],[131.5120031334912,33.329862138136036],[131.51034753313505,33.34824510628577],[131.49749326033606,33.34769285748898],[131.49662403319027,33.34734156408578],[131.49639983765056,33.346986779137616],[131.4959523353065,33.346439438028895],[131.49570266075162,33.34623124612866],[131.49642310529046,33.34598529859249],[131.49637049674462,33.345804287316206],[131.49623889318676,33.345524369421994],[131.4961582094644,33.34531370455011],[131.4960846468009,33.34503355501705],[131.49607046014086,33.34499662534517],[131.49599983063538,33.344856262069676],[131.49597269104572,33.3448067762881],[131.49593023091145,33.34470504706002],[131.49589318679122,33.34461861438386],[131.49579333010504,33.344437790605056],[131.4957299517434,33.34425139646088],[131.49569183323183,33.343967509960414],[131.49566186146689,33.343796304640364],[131.49560186907132,33.34363691243787],[131.4955517693616,33.343519889857255],[131.49542914212398,33.34330492029213],[131.49536443825866,33.34326185261418],[131.49531226734592,33.343156569657275],[131.49529232854263,33.343044849542586],[131.4952883071198,33.342905100603055],[131.49527537672856,33.34271216460088],[131.49525643553548,33.342398438102535],[131.49524929103515,33.34208558040771],[131.49522179512778,33.34197297621648],[131.49509331154533,33.34167141511419],[131.49506635886033,33.34146955411782],[131.49506375184933,33.341387494286266],[131.49505276463364,33.341151299360526],[131.4949962871741,33.34085667053608],[131.49495586891618,33.34073689864516],[131.4949259394743,33.34057199565867],[131.49492356759242,33.34053142816401],[131.49489307495594,33.34027456226522],[131.49490603588305,33.34009596511206],[131.49495348939996,33.339938895027785],[131.49505599086226,33.339639124717024],[131.4951147123464,33.339574854871785],[131.49738897993856,33.33938723250799],[131.49716207971989,33.33764604254428],[131.49692602821142,33.33599865008495],[131.49667022505116,33.334773062533195],[131.49673271680876,33.33467933040946],[131.4967366944317,33.33462612584287],[131.49661577798224,33.333765472650484],[131.4963138189923,33.33241949762862],[131.49602379724865,33.332044651004985],[131.49595626715225,33.329801448217275],[131.49753966138502,33.32981135156097],[131.4975576276839,33.32995283955441],[131.4975449652622,33.32999167330033],[131.4975500885862,33.330132332739424],[131.49756401494122,33.330131362766295],[131.49757691888303,33.33031975318247],[131.49756421421705,33.33035048409744],[131.4975879482329,33.33049557734948],[131.49757702556263,33.33052985938256],[131.49758794183742,33.330685821381415],[131.49760172972404,33.33071372415129],[131.49758795417895,33.33071769670261],[131.49760900704104,33.33086514960937],[131.4975963022568,33.33089497152623],[131.497619874252,33.33107249256873],[131.49760591684102,33.33107347533818],[131.49762819243514,33.33121493061304],[131.4976378526548,33.33140244919981],[131.49762626832546,33.331444874814956],[131.49768696275754,33.33211275770962],[131.49767643395074,33.3321488769636],[131.4977888692834,33.33248014945867],[131.49762217978298,33.32978124348767],[131.49758798750614,33.32937509178218],[131.4975027397048,33.32804321971828],[131.49716934872436,33.327971538641485],[131.4971070655239,33.3279762967533],[131.49690621164075,33.32797618488655],[131.49695101625602,33.32792369887846],[131.49700009827427,33.32786309436763],[131.49707468014114,33.32775638608342],[131.49716617536296,33.3276063563522],[131.49723308775597,33.32747171086942],[131.49781373156253,33.3275794221212],[131.49787945370343,33.32761159888294],[131.4978200591879,33.32755593971393],[131.49758802044468,33.32750973822119],[131.4972511023518,33.32743018142803],[131.49758802675828,33.326922601858605],[131.49769415425044,33.32657899630377],[131.49776265903535,33.326348784231925],[131.49789274164613,33.325991170895506],[131.4979606858871,33.32584662395928],[131.49798615391558,33.325795129432755],[131.49804350083394,33.32568306502272],[131.49811257526775,33.32555295720229],[131.4982008091902,33.32539120856695],[131.4983092672876,33.32519958091402],[131.49886498626142,33.32414234174934],[131.49893480792085,33.32393026404052],[131.50071488537864,33.324338911802556],[131.50185601689364,33.32325020137917],[131.5023808846371,33.32233826023427],[131.50261537436742,33.32172611752377],[131.50186628401596,33.320941341185495],[131.5000938179123,33.3190904851857],[131.5004028299344,33.31735433299597],[131.50115472801528,33.316436045922934],[131.50132083081832,33.316372254027065],[131.50143016450883,33.31633662318648],[131.5015469784778,33.31628838823786],[131.50158446877853,33.316271082183405],[131.50181461500588,33.31613852105934],[131.50196528169,33.31600983754062],[131.50202712428722,33.315930264012074],[131.50225909934545,33.31555419389277],[131.5023106299658,33.31554947662315],[131.50234172175368,33.31554304403031],[131.50243263459598,33.3154777585032],[131.50245784885513,33.31538297493449],[131.50242949974574,33.31530461067587],[131.50236043428376,33.315251704706654],[131.50232047060194,33.315211288770115],[131.50232472998272,33.315200456180044],[131.5023716142001,33.31513894342286],[131.50236708585075,33.31509566956635],[131.5023734051853,33.31507852578111],[131.50240440960627,33.31504955196331],[131.50244819768253,33.315011473303144],[131.5024619293707,33.31496995987297],[131.50246374627432,33.31491405241131],[131.50244633422926,33.31486991657316],[131.50240614517685,33.314797061053746],[131.50240823181826,33.31478081445076],[131.50243150445237,33.3147203114462],[131.5024462398147,33.314671536753295],[131.50244932526027,33.314646268820766],[131.5024297307176,33.314602179798314],[131.50239065292385,33.31452569118064],[131.5023791397863,33.31439139274838],[131.50235181320767,33.31430851570132],[131.50235050971725,33.31427157180896],[131.50235119540903,33.31420122883793],[131.50226088334998,33.31399870574347],[131.50215693483662,33.31385485014491],[131.50211830883316,33.31367466090311],[131.5021117715932,33.313653938376476],[131.50203714584362,33.31356769627116],[131.50193916302368,33.31333723805147],[131.50187821835965,33.31319320821856],[131.5018594570562,33.31311121060135],[131.5018061132389,33.312983388133894],[131.5017834625046,33.31277971093769],[131.50173113192625,33.31264554352474],[131.5016722672892,33.31249069371916],[131.5016967827989,33.312275093962086],[131.50172296706475,33.31215955977017],[131.50176354810458,33.311928538505],[131.50179808912148,33.311777819349025],[131.50195061385097,33.31140389555867],[131.50200118385618,33.31123236032625],[131.5020040106975,33.3111692271244],[131.50166116850255,33.31112189928459],[131.50227419702793,33.311086062063985],[131.50236961539366,33.31049862677947],[131.5024280880947,33.310184296183266],[131.50256983335842,33.309293289561225],[131.5027622902621,33.308139795295425],[131.5028918788337,33.307244154105895],[131.50225453614465,33.307198338220346],[131.50225532912208,33.30705895277949],[131.5023651077706,33.30691243312484],[131.5024489481364,33.306924739384264],[131.50246516481664,33.30694358851052],[131.50248777820087,33.30695881938636],[131.50256647494604,33.30700992828093],[131.502960039293,33.30709759195359],[131.50315070831883,33.30701925228979],[131.50328624374714,33.30686632433341],[131.50429036638354,33.30687305532537],[131.50431809508757,33.304422923348895],[131.50433921378772,33.30278905633508],[131.50435933025193,33.30188884017656],[131.503499160038,33.301322429637665],[131.50316654626343,33.301179497776175],[131.5031659033144,33.30050406202038],[131.5035763619034,33.300179596897095],[131.50360823333583,33.30011993917463],[131.50493325146164,33.30048519031868],[131.50494335375492,33.29999636920686],[131.50396987036132,33.29951880323774],[131.50395655899413,33.29944312213042],[131.50397617688586,33.299491724936466],[131.50402678899076,33.29951857220126],[131.50409913625015,33.29940013209432],[131.50412050785135,33.29938201019929],[131.50411910892774,33.299328828531316],[131.50409033896966,33.29936592978627],[131.50392293850305,33.299198303665996],[131.50390912904487,33.2990356917507],[131.50392163076597,33.29897072156839],[131.50380674901234,33.2989711876446],[131.5037807095974,33.29892891993038],[131.5037810774393,33.29899295563775],[131.50343455987397,33.29904212519215],[131.50342269555742,33.299035868026415],[131.5036830944326,33.2985695270886],[131.50343362668914,33.298506501145326],[131.50353948721988,33.29805970202627],[131.50377583536823,33.29808036982227],[131.50344835583195,33.297894160317824],[131.50499238633645,33.29844515081176],[131.5056319076273,33.29855347224683],[131.50563562532813,33.29845606060836],[131.50573040794947,33.298505271252075],[131.50577953370345,33.29845547477064],[131.50438673951203,33.29769195012864],[131.5034765411683,33.29719247143347],[131.50338819387255,33.2971096456104],[131.503468809981,33.29697065564991],[131.50349261563318,33.29606159992423],[131.50355722786585,33.294976514002926],[131.50354950384033,33.29493868051878],[131.50382425316954,33.29360565502755],[131.50381968429826,33.29356240175159],[131.50383475705527,33.29356503332752],[131.50395054231942,33.29316058933719],[131.50388282852933,33.29315002912034],[131.50416939589624,33.29163573104603],[131.50431118448464,33.29089661445434],[131.5044338599938,33.29020355962484],[131.50494524584784,33.290258316573066],[131.5051944364442,33.2902780562686],[131.5052502167572,33.290270611554085],[131.50536043726729,33.290206145274226],[131.5053710903372,33.29019167603717],[131.50539872240404,33.29013925725473],[131.50580578048567,33.289237653614606],[131.50579398630902,33.289235906985134],[131.50533417534845,33.29011697410083],[131.50530865807715,33.29016487556581],[131.5052894950471,33.29018749683729],[131.50524133798402,33.290214743982354],[131.5051168123694,33.29022065548535],[131.50449696505194,33.29015731901289],[131.50447955007058,33.290119524624345],[131.50443423386702,33.29007912818955],[131.50442022626746,33.29007196134283],[131.50436541466968,33.29005775987218],[131.50434070987072,33.290056961212606],[131.50452231044537,33.28915357086109],[131.50529149689933,33.289231628331045],[131.50528698955665,33.289199168687404],[131.50490029001514,33.28916557421621],[131.50408515824492,33.289083471282815],[131.50413652713033,33.28888494944569],[131.50416847183186,33.288693177101884],[131.50524307296075,33.28882702003764],[131.50588232130605,33.286861577398234],[131.5059260185205,33.286701605533324],[131.50602979079673,33.286380928795424],[131.50613508924053,33.28605680990219],[131.50617206187025,33.28593908768361],[131.50554438056196,33.28580669904983],[131.50519297375,33.28573127632017],[131.50584266657137,33.28374023997867],[131.5062036957528,33.28264784052998],[131.50659211856518,33.28271521679556],[131.50711980941654,33.28281867433498],[131.5073722392663,33.281867032003596],[131.50755031682306,33.281109779208435],[131.50757534254583,33.28098615418963],[131.50759637172408,33.280896355189],[131.50761926171108,33.28078760216388],[131.50760588291598,33.28070109548571],[131.5076490703724,33.280556648196466],[131.50785233671022,33.27980505248335],[131.50798532298901,33.279254683367355],[131.50848684712616,33.27769935918468],[131.50846777722347,33.27774360538386],[131.50842277696944,33.27775731461578],[131.50817144888862,33.27828313847461],[131.50818555194388,33.27830652136353],[131.50812680995057,33.27854481312498],[131.5081065596709,33.27856653843083],[131.50805099351032,33.278795782219255],[131.50805981849751,33.27883452854773],[131.50804260743345,33.27883188440855],[131.50778685174075,33.27915484649874],[131.50727245324504,33.2791199741937],[131.5073271875713,33.278382158062755],[131.50735946369787,33.278201228079894],[131.50740413040802,33.27795894565],[131.50744431922348,33.27785419142522],[131.50751342709754,33.2775536373912],[131.5080578361091,33.277579382982466],[131.5082135648031,33.277412833913644],[131.5082606224509,33.27737836816814],[131.50937955992865,33.2770762336217],[131.5094950946184,33.274993745013724],[131.50927733150272,33.27703428177075],[131.50874796756548,33.27719152952686],[131.50829457191827,33.27731150075652],[131.50847682270447,33.27562550751116],[131.50877110158393,33.27564592964797],[131.50903143254868,33.275377070359326],[131.50903127373155,33.27535002020276],[131.50858075680998,33.27475077387186],[131.50910425002303,33.27370233218035],[131.50953930790922,33.27284122796287],[131.51007908428414,33.27207707897437],[131.5102890637573,33.27182553991541],[131.51054340936076,33.27163245133949],[131.5102642590859,33.271807607391004],[131.50988609568134,33.271938109048705],[131.50980368351804,33.271792378305776],[131.51030166638148,33.27159465771011],[131.51031127840318,33.271589213959224],[131.51031659234755,33.271580175271765],[131.5103165710942,33.271576562850335],[131.51030684770612,33.27156307716164],[131.50984591373725,33.27124444079701],[131.51069245553114,33.271245010223005],[131.51114856759077,33.271407242636904],[131.51122597326395,33.27142856986213],[131.51130541180694,33.271432752941976],[131.5113450892188,33.271427185929554],[131.51178131564959,33.27094749795577],[131.51195690382173,33.27068889549796],[131.512034629166,33.27058037274854],[131.51205166583264,33.270561369035164],[131.51214452257716,33.27047261606229],[131.5122054238016,33.270419160111025],[131.51209060852105,33.27043136274225],[131.51204472988215,33.27047302564921],[131.51199454109235,33.27052282502886],[131.51189336720452,33.270658494904765],[131.51171777890474,33.270917095057406],[131.51146127540628,33.271284232384865],[131.51141003439977,33.271334035734675],[131.5113725825416,33.27135403930762],[131.5113308112778,33.27136683608655],[131.51031125174538,33.27103556687997],[131.51049048136355,33.27066875078897],[131.5103404191205,33.27051968656095],[131.51058193121662,33.27051869849579],[131.51056579318643,33.270512439889096],[131.5108251407382,33.27025800503235],[131.51083575782778,33.270238133472006],[131.5114751399557,33.2697244482835],[131.51197967776304,33.26872849226062],[131.5127534400777,33.26725101844213],[131.51361556234733,33.2669294553345],[131.514784299378,33.26625300078404],[131.51652546469023,33.26547750658908],[131.51782658355398,33.2652250293621]]]},"properties":{"KEY_CODE":"442020650","PREF":"44","CITY":"202","CITY_NAME":"別府市","S_NAME":"","SETAI":"0"}},{"type":"Feature","geometry":{"type":"Polygon","coordinates":[[[131.4981876418326,33.288312277047176],[131.50085278640984,33.288493656275065],[131.50093903327925,33.28850477867965],[131.5005990816743,33.29060633828108],[131.4960575545374,33.290534096461435],[131.49625095180264,33.28846949558771],[131.4981876418326,33.288312277047176]]]},"properties":{"KEY_CODE":"44202066001","PREF":"44","CITY":"202","CITY_NAME":"別府市","S_NAME":"石垣東一丁目","SETAI":"764"}},{"type":"Feature","geometry":{"type":"Polygon","coordinates":[[[131.4960575545374,33.290534096461435],[131.5005990816743,33.29060633828108],[131.5004236079811,33.29169116195603],[131.50031175228983,33.292753503362185],[131.4958951125003,33.292256841164935],[131.4960575545374,33.290534096461435]]]},"properties":{"KEY_CODE":"44202066002","PREF":"44","CITY":"202","CITY_NAME":"別府市","S_NAME":"石垣東二丁目","SETAI":"418"}},{"type":"Feature","geometry":{"type":"Polygon","coordinates":[[[131.4958951125003,33.292256841164935],[131.50031175228983,33.292753503362185],[131.50023089166055,33.29441445210535],[131.49569999816202,33.29430898967608],[131.4958951125003,33.292256841164935]]]},"properties":{"KEY_CODE":"44202066003","PREF":"44","CITY":"202","CITY_NAME":"別府市","S_NAME":"石垣東三丁目","SETAI":"362"}},{"type":"Feature","geometry":{"type":"Polygon","coordinates":[[[131.49569999816202,33.29430898967608],[131.50023089166055,33.29441445210535],[131.50015713722786,33.295929208654734],[131.49555786710383,33.2958320975865],[131.49569999816202,33.29430898967608]]]},"properties":{"KEY_CODE":"44202066004","PREF":"44","CITY":"202","CITY_NAME":"別府市","S_NAME":"石垣東四丁目","SETAI":"338"}},{"type":"Feature","geometry":{"type":"Polygon","coordinates":[[[131.49555786710383,33.2958320975865],[131.50015713722786,33.295929208654734],[131.50008301304192,33.29745195418942],[131.49541722131303,33.29735749778952],[131.49555786710383,33.2958320975865]]]},"properties":{"KEY_CODE":"44202066005","PREF":"44","CITY":"202","CITY_NAME":"別府市","S_NAME":"石垣東五丁目","SETAI":"270"}},{"type":"Feature","geometry":{"type":"Polygon","coordinates":[[[131.50000997639404,33.29898924606507],[131.49935614809357,33.29908606769468],[131.4952555908935,33.29912011943749],[131.49541722131303,33.29735749778952],[131.50008301304192,33.29745195418942],[131.50000997639404,33.29898924606507]]]},"properties":{"KEY_CODE":"44202066006","PREF":"44","CITY":"202","CITY_NAME":"別府市","S_NAME":"石垣東六丁目","SETAI":"461"}},{"type":"Feature","geometry":{"type":"Polygon","coordinates":[[[131.50000997639404,33.29898924606507],[131.49999848946,33.29975610643713],[131.49990008742012,33.301097170466974],[131.49507692451644,33.30097255999973],[131.4952555908935,33.29912011943749],[131.49935614809357,33.29908606769468],[131.50000997639404,33.29898924606507]]]},"properties":{"KEY_CODE":"44202066007","PREF":"44","CITY":"202","CITY_NAME":"別府市","S_NAME":"石垣東七丁目","SETAI":"408"}},{"type":"Feature","geometry":{"type":"Polygon","coordinates":[[[131.49507692451644,33.30097255999973],[131.49990008742012,33.301097170466974],[131.49982780228024,33.30251706937966],[131.49630711132912,33.302433766751896],[131.49493539332866,33.30239598367281],[131.49507692451644,33.30097255999973]]]},"properties":{"KEY_CODE":"44202066008","PREF":"44","CITY":"202","CITY_NAME":"別府市","S_NAME":"石垣東八丁目","SETAI":"530"}},{"type":"Feature","geometry":{"type":"Polygon","coordinates":[[[131.49493539332866,33.30239598367281],[131.49630711132912,33.302433766751896],[131.49982780228024,33.30251706937966],[131.49974297720993,33.3039572230872],[131.49480307306592,33.303849926641725],[131.49493539332866,33.30239598367281]]]},"properties":{"KEY_CODE":"44202066009","PREF":"44","CITY":"202","CITY_NAME":"別府市","S_NAME":"石垣東九丁目","SETAI":"136"}},{"type":"Feature","geometry":{"type":"Polygon","coordinates":[[[131.49480307306592,33.303849926641725],[131.49974297720993,33.3039572230872],[131.49961270768472,33.30693880863151],[131.4986121234196,33.30652328111221],[131.4966044928449,33.30624609367421],[131.49584694758025,33.306154998077204],[131.49461504387654,33.30614654031005],[131.49480307306592,33.303849926641725]]]},"properties":{"KEY_CODE":"44202066010","PREF":"44","CITY":"202","CITY_NAME":"別府市","S_NAME":"石垣東十丁目","SETAI":"452"}},{"type":"Feature","geometry":{"type":"Polygon","coordinates":[[[131.49625095180264,33.28846949558771],[131.4960575545374,33.290534096461435],[131.49238062343943,33.290439455441394],[131.49258794229365,33.2889242442408],[131.49625095180264,33.28846949558771]]]},"properties":{"KEY_CODE":"44202067001","PREF":"44","CITY":"202","CITY_NAME":"別府市","S_NAME":"石垣西一丁目","SETAI":"104"}},{"type":"Feature","geometry":{"type":"Polygon","coordinates":[[[131.49238062343943,33.290439455441394],[131.4960575545374,33.290534096461435],[131.4958951125003,33.292256841164935],[131.49179272921336,33.29206429872155],[131.49238062343943,33.290439455441394]]]},"properties":{"KEY_CODE":"44202067002","PREF":"44","CITY":"202","CITY_NAME":"別府市","S_NAME":"石垣西二丁目","SETAI":"242"}},{"type":"Feature","geometry":{"type":"Polygon","coordinates":[[[131.49179272921336,33.29206429872155],[131.4958951125003,33.292256841164935],[131.49569999816202,33.29430898967608],[131.491434946429,33.29421149625642],[131.49179272921336,33.29206429872155]]]},"properties":{"KEY_CODE":"44202067003","PREF":"44","CITY":"202","CITY_NAME":"別府市","S_NAME":"石垣西三丁目","SETAI":"409"}},{"type":"Feature","geometry":{"type":"Polygon","coordinates":[[[131.491434946429,33.29421149625642],[131.49569999816202,33.29430898967608],[131.49555786710383,33.2958320975865],[131.49140606886667,33.295733356813166],[131.49141137791915,33.295391755800566],[131.491434946429,33.29421149625642]]]},"properties":{"KEY_CODE":"44202067004","PREF":"44","CITY":"202","CITY_NAME":"別府市","S_NAME":"石垣西四丁目","SETAI":"280"}},{"type":"Feature","geometry":{"type":"Polygon","coordinates":[[[131.49140606886667,33.295733356813166],[131.49555786710383,33.2958320975865],[131.49541722131303,33.29735749778952],[131.49129355697036,33.29726374326679],[131.49140606886667,33.295733356813166]]]},"properties":{"KEY_CODE":"44202067005","PREF":"44","CITY":"202","CITY_NAME":"別府市","S_NAME":"石垣西五丁目","SETAI":"234"}},{"type":"Feature","geometry":{"type":"Polygon","coordinates":[[[131.49129355697036,33.29726374326679],[131.49541722131303,33.29735749778952],[131.4952555908935,33.29912011943749],[131.49085052301425,33.29912910676664],[131.49086326173148,33.29891587145113],[131.49129355697036,33.29726374326679]]]},"properties":{"KEY_CODE":"44202067006","PREF":"44","CITY":"202","CITY_NAME":"別府市","S_NAME":"石垣西六丁目","SETAI":"271"}},{"type":"Feature","geometry":{"type":"Polygon","coordinates":[[[131.4952555908935,33.29912011943749],[131.49507692451644,33.30097255999973],[131.49075667766095,33.30085044134085],[131.4907824294115,33.30027032209869],[131.49085052301425,33.29912910676664],[131.4952555908935,33.29912011943749]]]},"properties":{"KEY_CODE":"44202067007","PREF":"44","CITY":"202","CITY_NAME":"別府市","S_NAME":"石垣西七丁目","SETAI":"227"}},{"type":"Feature","geometry":{"type":"Polygon","coordinates":[[[131.49493539332866,33.30239598367281],[131.49382429301997,33.302371719797485],[131.49378176111486,33.30280565408578],[131.49295682071732,33.30236066347298],[131.49067198236187,33.302294694566896],[131.49075667766095,33.30085044134085],[131.49507692451644,33.30097255999973],[131.49493539332866,33.30239598367281]]]},"properties":{"KEY_CODE":"44202067008","PREF":"44","CITY":"202","CITY_NAME":"別府市","S_NAME":"石垣西八丁目","SETAI":"310"}},{"type":"Feature","geometry":{"type":"Polygon","coordinates":[[[131.49480307306592,33.303849926641725],[131.4905826741703,33.30373464735487],[131.49067198236187,33.302294694566896],[131.49295682071732,33.30236066347298],[131.49378176111486,33.30280565408578],[131.49382429301997,33.302371719797485],[131.49493539332866,33.30239598367281],[131.49480307306592,33.303849926641725]]]},"properties":{"KEY_CODE":"44202067009","PREF":"44","CITY":"202","CITY_NAME":"別府市","S_NAME":"石垣西九丁目","SETAI":"244"}},{"type":"Feature","geometry":{"type":"Polygon","coordinates":[[[131.49461504387654,33.30614654031005],[131.49302920227922,33.30638859477041],[131.49190588749428,33.30708210097839],[131.4918461095762,33.30711900938282],[131.49091535392202,33.30763727089616],[131.49027731217294,33.307894021584666],[131.4905826741703,33.30373464735487],[131.49480307306592,33.303849926641725],[131.49461504387654,33.30614654031005]]]},"properties":{"KEY_CODE":"44202067010","PREF":"44","CITY":"202","CITY_NAME":"別府市","S_NAME":"石垣西十丁目","SETAI":"449"}}]}