{"type":"FeatureCollection","features":[{"type":"Feature","properties":{"KEY_CODE":"21506001001","PREF":"21","CITY":"506","CITY_NAME":"白川町","S_NAME":"河岐","SETAI":"246"},"geometry":{"type":"Polygon","coordinates":[[[137.15688855601098,35.59975979268147],[137.157412348343,35.59908418057963],[137.1589477300522,35.59920886964566],[137.16324630488296,35.59819642787769],[137.16549806329905,35.59732427845789],[137.1669668282685,35.595724893084444],[137.16864458041456,35.59384775592967],[137.1695374076023,35.592546047186076],[137.17226345702363,35.58940404309907],[137.1729313506513,35.587592513862354],[137.17311579469296,35.58571840163445],[137.17422442132852,35.58386264446396],[137.1760098640059,35.58284701331652],[137.17739606986575,35.582600716815136],[137.1799134991975,35.581813711248145],[137.18156589303055,35.58179301106828],[137.1830072737368,35.581382536260534],[137.18437365359998,35.58072840406145],[137.18755059760966,35.578597580823136],[137.19013568299664,35.57583149730391],[137.19094045698705,35.57431034528421],[137.19101148060744,35.5736379502087],[137.18881892219906,35.57155973055992],[137.18834782482546,35.57055445395349],[137.18741507346144,35.566780510043024],[137.18454572799556,35.562685263698846],[137.18361456494154,35.56089005878619],[137.18338801991317,35.56043264459637],[137.1835507263374,35.55881902611749],[137.18361560053984,35.557158028167315],[137.18387261770297,35.55612764549948],[137.1847235634952,35.554589125551075],[137.1849382218885,35.5537799309377],[137.18489769560964,35.55346769678758],[137.18681582526955,35.55350161735747],[137.1886136698784,35.553319167286375],[137.1893582698117,35.553600271123784],[137.1911605526253,35.55350791902637],[137.19403945893453,35.553730792995026],[137.1949923720058,35.55349711762744],[137.19960449926702,35.55469801604319],[137.20069735669662,35.55585905930365],[137.2016970097869,35.55662243350207],[137.2031392677869,35.55731775106556],[137.20392505255768,35.558035369956826],[137.2037980269545,35.55900941723971],[137.20265180304096,35.56118864010101],[137.20187196971418,35.56232196483143],[137.20154596513902,35.56463729524457],[137.20165111577944,35.56576770189652],[137.20213380042134,35.566391216302854],[137.20518730816886,35.5684538285387],[137.20535382935682,35.569062321223065],[137.20420855368553,35.57167888565786],[137.2040315641492,35.57268254575427],[137.20388904399582,35.57348852228647],[137.2036286689726,35.57398894243376],[137.20320980299215,35.57458701360767],[137.20287114013706,35.57488520639674],[137.20233710653352,35.57536443713837],[137.2021134813324,35.575518865123776],[137.20101041746017,35.57597695254841],[137.2007867796512,35.576085253009126],[137.2005523562812,35.576422458762494],[137.20048760744078,35.57740900816762],[137.20101414023313,35.57970483224194],[137.20085205033845,35.58068855039459],[137.20075753609822,35.58132958325142],[137.20096593952653,35.58229530977138],[137.20126108509427,35.582871689739086],[137.2011716753314,35.58315561685299],[137.20084274478037,35.58361816439785],[137.2006955993966,35.584340934944876],[137.20093275007352,35.58477966016057],[137.20139367715734,35.58510434156999],[137.20168862209474,35.58517309215344],[137.20256286791616,35.585323392229604],[137.20325802382376,35.58536620688335],[137.2046351127275,35.585311975758714],[137.2048615670406,35.58532482565907],[137.20549882509016,35.5854321521054],[137.20686055113603,35.58625554912539],[137.20747725295632,35.58733938923545],[137.20763498972593,35.58782512995493],[137.20787536605144,35.58831365856665],[137.20824424817042,35.58876520719629],[137.20882893661897,35.58897580696471],[137.20913961492826,35.58890256558615],[137.210722117725,35.58879231070175],[137.21186987226713,35.58821541695106],[137.21223557415874,35.58767106717612],[137.21253558412064,35.587361206738855],[137.21301997817017,35.58718894628302],[137.21337817989766,35.58733506874131],[137.2140363852037,35.58797806475341],[137.213783222471,35.588449314987784],[137.21342576022147,35.589884309928586],[137.212941444085,35.590171322692356],[137.21265955406432,35.590220621258986],[137.21162642518863,35.59038534177042],[137.21127337807664,35.590439135045884],[137.2103510640706,35.590555705655966],[137.20935437228943,35.590661943592764],[137.20906393541034,35.59068693913161],[137.20839182934967,35.590760867162665],[137.2080246618072,35.5908076815607],[137.20703615503035,35.590824633678515],[137.20610738639544,35.590857121623266],[137.2051493099187,35.59073912361004],[137.20478370080534,35.59005458073969],[137.2047161348228,35.58813840629616],[137.20444711955656,35.58781174297484],[137.20256167625251,35.58754715691627],[137.19874784699627,35.58611534148532],[137.19693704868126,35.58617419783994],[137.1955024300697,35.58627846250969],[137.19368964270927,35.58669800962015],[137.19240669161184,35.58607296363311],[137.19212866563808,35.58607643604009],[137.1913968370127,35.58562155918748],[137.19013133868424,35.5858896484233],[137.18924958742423,35.58633919808481],[137.18885679167082,35.58646841964646],[137.18783315304967,35.58646989913975],[137.18714020094637,35.58616885992981],[137.18646036203904,35.586224495889965],[137.1848263604507,35.58706844097208],[137.1832994265805,35.58741040599871],[137.18117626511437,35.58747476411684],[137.17982190402108,35.58790208373732],[137.17895137938964,35.58908335705534],[137.17949014544735,35.589830874529824],[137.17949816322692,35.59086251833492],[137.1770003888166,35.59339284898967],[137.17532460071547,35.59343290221795],[137.17462702433915,35.59381690872729],[137.1730028100262,35.59533925378181],[137.1718113751408,35.59569517105864],[137.17090505910355,35.59638080783985],[137.16923588831915,35.59724027943557],[137.1688891542912,35.59848062090493],[137.16853521975233,35.59871110676686],[137.165517139041,35.60042998528107],[137.164951140078,35.60147281115861],[137.16424000305318,35.602090225121565],[137.16178859712613,35.60276793366829],[137.16074839552917,35.60282058080122],[137.15894741792494,35.602349727030024],[137.15785454874685,35.601523360333715],[137.15716109925512,35.60059745470271],[137.15688855601098,35.59975979268147]],[[137.1877706232871,35.57974085341009],[137.1878055041449,35.57979267677127],[137.18807412259497,35.57940848669235],[137.1877706232871,35.57974085341009]]]}},{"type":"Feature","properties":{"KEY_CODE":"21506002001","PREF":"21","CITY":"506","CITY_NAME":"白川町","S_NAME":"和泉","SETAI":"102"},"geometry":{"type":"Polygon","coordinates":[[[137.1730028100262,35.59533925378181],[137.17462702433915,35.59381690872729],[137.17532460071547,35.59343290221795],[137.1770003888166,35.59339284898967],[137.17949816322692,35.59086251833492],[137.17949014544735,35.589830874529824],[137.17895137938964,35.58908335705534],[137.17982190402108,35.58790208373732],[137.18117626511437,35.58747476411684],[137.1832994265805,35.58741040599871],[137.1848263604507,35.58706844097208],[137.18646036203904,35.586224495889965],[137.18714020094637,35.58616885992981],[137.18783315304967,35.58646989913975],[137.18885679167082,35.58646841964646],[137.18924958742423,35.58633919808481],[137.19013133868424,35.5858896484233],[137.1913968370127,35.58562155918748],[137.19212866563808,35.58607643604009],[137.19240669161184,35.58607296363311],[137.19368964270927,35.58669800962015],[137.1955024300697,35.58627846250969],[137.19693704868126,35.58617419783994],[137.19874784699627,35.58611534148532],[137.20256167625251,35.58754715691627],[137.20444711955656,35.58781174297484],[137.2047161348228,35.58813840629616],[137.20478370080534,35.59005458073969],[137.2051493099187,35.59073912361004],[137.20610738639544,35.590857121623266],[137.20703615503035,35.590824633678515],[137.2076282533875,35.59083066796896],[137.2080246618072,35.5908076815607],[137.20839182934967,35.590760867162665],[137.20906393541034,35.59068693913161],[137.20935437228943,35.590661943592764],[137.2103510640706,35.590555705655966],[137.21127337807664,35.590439135045884],[137.21162642518863,35.59038534177042],[137.21265955406432,35.590220621258986],[137.212941444085,35.590171322692356],[137.21342576022147,35.589884309928586],[137.213783222471,35.588449314987784],[137.2140363852037,35.58797806475341],[137.21451334785363,35.58779706859062],[137.2151671492257,35.58767015181709],[137.21519047774214,35.587665388892255],[137.2164403080147,35.58754871326903],[137.21785207055083,35.58756339407952],[137.2169813182102,35.589432203621485],[137.21702130840387,35.59004114898174],[137.2179255147582,35.59038202207104],[137.21865396921487,35.59185268972042],[137.2196877032477,35.59196695165139],[137.22093596483634,35.592412083027696],[137.2221046865955,35.592401265885094],[137.2241124194337,35.59211053887175],[137.22502920232364,35.59233808316505],[137.22568703924384,35.59308647309007],[137.225709037705,35.5936101455799],[137.22460651037244,35.59518637620853],[137.22438981732972,35.59638970239016],[137.2236253693799,35.597521178664344],[137.22263169564843,35.60199618874932],[137.22202950817555,35.60140483633248],[137.22142685727084,35.60025932224095],[137.2211457888404,35.59998703295458],[137.2207301619468,35.59977212537061],[137.22028494452317,35.59907933020178],[137.22019401941165,35.598732873422755],[137.22010621364893,35.59869942877666],[137.21963216559524,35.59861841031427],[137.21954435580056,35.59856109263643],[137.21919891962693,35.598284039399736],[137.21908181007814,35.59817416634467],[137.21853747342533,35.59798800339962],[137.2179347243673,35.59793569395678],[137.2166632814253,35.59809787731385],[137.2163296323661,35.598278288624726],[137.21592079359806,35.59874012545186],[137.2150411821231,35.59966159796362],[137.21461899649802,35.60032786056116],[137.21421339257816,35.601741577687925],[137.21245820751213,35.60145649788209],[137.21114968112875,35.60083261956601],[137.2108566525411,35.60011529966827],[137.21136345196717,35.598058209974695],[137.21111272373287,35.59732182645517],[137.21026482294297,35.59654633278251],[137.20950270062468,35.596469428555494],[137.20700112869545,35.59759747407307],[137.2066826737246,35.5982752922138],[137.2058387446204,35.59908186460045],[137.2042968145362,35.599065660585474],[137.20278804344773,35.599384482496426],[137.2016157146399,35.599921420461925],[137.2007609513899,35.60063029511382],[137.19902968231116,35.60281060823283],[137.19759946285924,35.60326543743154],[137.19575409510884,35.60428640065949],[137.19427374568784,35.60505209358376],[137.1918701667083,35.605661320904794],[137.19075845615785,35.60663421088792],[137.1900895378372,35.60659642365194],[137.1894762219927,35.60605783579088],[137.18932769286803,35.60645999207036],[137.1884403944649,35.60619080359886],[137.18752071738044,35.606433772607105],[137.18709358721648,35.60729116519426],[137.186170004023,35.608075861977575],[137.18394579469395,35.607219478718235],[137.18344212659622,35.60563775066282],[137.18138943935523,35.605016943061315],[137.18139560911615,35.60360655158621],[137.17970667931743,35.603919927038234],[137.17942610439516,35.603189499447055],[137.17798573637302,35.602952041585915],[137.17716578917572,35.6018582463163],[137.17716088145283,35.600893317483774],[137.17760555983486,35.6004648811442],[137.17683073163371,35.59995183119954],[137.17668280133333,35.599268910893805],[137.17743085156468,35.59868802651036],[137.17636658499492,35.59827203552834],[137.17622273441754,35.59769252573657],[137.1743265655994,35.597277949444354],[137.17324963848287,35.59650902227379],[137.1730028100262,35.59533925378181]]]}},{"type":"Feature","geometry":{"type":"Polygon","coordinates":[[[137.21532987214133,35.61309522692349],[137.21491579632766,35.61337266832166],[137.2135907925153,35.61300613734278],[137.2126877692327,35.61317947221169],[137.2113016239288,35.61309989489374],[137.20916702508163,35.61219564549876],[137.20738859943341,35.610763278593026],[137.20625361678927,35.610776509471535],[137.20529072852958,35.6113577404428],[137.20301602923686,35.61187409327678],[137.20133971673263,35.611062205767105],[137.19948256863032,35.60920026659028],[137.19960734694064,35.60867846677145],[137.1993818335587,35.60693722035686],[137.19763071098623,35.60520141003281],[137.19575409510884,35.60428640065949],[137.19759946285924,35.60326543743154],[137.19902968231116,35.60281060823283],[137.2007609513899,35.60063029511382],[137.2016157146399,35.599921420461925],[137.20278804344773,35.599384482496426],[137.2042968145362,35.599065660585474],[137.2058387446204,35.59908186460045],[137.2066826737246,35.5982752922138],[137.20700112869545,35.59759747407307],[137.20950270062468,35.596469428555494],[137.21026482294297,35.59654633278251],[137.21111272373287,35.59732182645517],[137.21136345196717,35.598058209974695],[137.2108566525411,35.60011529966827],[137.21114968112875,35.60083261956601],[137.21245820751213,35.60145649788209],[137.21421339257816,35.601741577687925],[137.2138504404928,35.602469394368015],[137.21370011823552,35.60317734024945],[137.2138411924308,35.605015098219994],[137.21392235583707,35.60568777284119],[137.21398720034023,35.606092265508636],[137.2141650323417,35.606351581923256],[137.21453661155334,35.60652290273689],[137.21537117998088,35.60663689192604],[137.21637536566013,35.60679696564451],[137.2169334693964,35.60694387169092],[137.21786132590324,35.6076391085605],[137.21773618501797,35.60826570729073],[137.21764876273562,35.60866283302807],[137.2177287637242,35.60910872331064],[137.21786874082696,35.609847491603894],[137.2177535833322,35.610508276166335],[137.2176899331158,35.6106807916072],[137.21742121210414,35.61118052287275],[137.217204184646,35.61148820125302],[137.21671832006433,35.61210682205552],[137.21532987214133,35.61309522692349]]]},"properties":{"KEY_CODE":"215060030","PREF":"21","CITY":"506","CITY_NAME":"白川町","S_NAME":"広野","SETAI":"33"}},{"type":"Feature","geometry":{"type":"Polygon","coordinates":[[[137.2364155281724,35.604681955199815],[137.23569192238767,35.605083632998635],[137.2368476814021,35.60739476934566],[137.23897742062448,35.60954412543476],[137.23952905556274,35.61092763182731],[137.23601709666968,35.61109276652416],[137.2352209090731,35.61124604210264],[137.23353672659016,35.61201589569796],[137.2333006297788,35.61367937436637],[137.23180192689597,35.61583182153558],[137.2304869075585,35.617171878642274],[137.23062435877705,35.617817505935115],[137.2322266434061,35.61916054035226],[137.232403396564,35.61999782633061],[137.23017787887514,35.62201839199761],[137.23018979826205,35.62263963368124],[137.22760980124787,35.62400588256642],[137.22661595923938,35.624279397848674],[137.22394004294776,35.62407024547526],[137.22374422097283,35.62168264100237],[137.2240586553769,35.61993026465811],[137.22475888546273,35.618513392072046],[137.22410160022162,35.618501031934706],[137.22207110961548,35.6195610751089],[137.22087004211295,35.61881427828338],[137.22102405526724,35.61808241972543],[137.22051264866883,35.61765362839505],[137.21928815648528,35.61736109413998],[137.21852937939016,35.61671889242059],[137.21692897292576,35.616498217304496],[137.2159662592807,35.61600178046551],[137.21517214248232,35.61416745162176],[137.2149157963276,35.61337266832166],[137.21532987214133,35.61309522692349],[137.21671832006433,35.61210682205554],[137.217204184646,35.61148820125302],[137.21742121210414,35.61118052287275],[137.2176899331158,35.6106807916072],[137.2177535833322,35.610508276166335],[137.21786874082696,35.609847491603894],[137.2177287637242,35.60910872331064],[137.21764876273562,35.60866283302807],[137.21773618501797,35.60826570729073],[137.21786132590324,35.6076391085605],[137.2169334693964,35.60694387169092],[137.21637536566013,35.60679696564451],[137.21537117998088,35.60663689192604],[137.21453661155334,35.60652290273689],[137.2141650323417,35.606351581923256],[137.21398720034023,35.606092265508636],[137.21392235583707,35.60568777284119],[137.2138411924308,35.605015098219994],[137.21370011823552,35.60317734024945],[137.2138504404928,35.602469394368015],[137.21421339257816,35.601741577687946],[137.21461899649802,35.60032786056116],[137.2150411821231,35.59966159796362],[137.21592079359806,35.59874012545186],[137.2163296323661,35.598278288624726],[137.2166632814253,35.59809787731385],[137.2179347243673,35.59793569395678],[137.21853747342533,35.59798800339962],[137.21908181007814,35.59817416634467],[137.21919891962693,35.598284039399736],[137.21954435580056,35.59856109263643],[137.21963216559524,35.59861841031427],[137.22010621364893,35.59869942877666],[137.22019401941165,35.598732873422755],[137.22028494452317,35.59907933020178],[137.2207301619468,35.59977212537061],[137.2211457888404,35.59998703295458],[137.22142685727084,35.60025932224095],[137.22202950817555,35.6014048363325],[137.22263169564843,35.60199618874932],[137.2236253693799,35.597521178664344],[137.22438981732972,35.59638970239016],[137.22460651037244,35.59518637620853],[137.225709037705,35.5936101455799],[137.22568703924384,35.59308647309007],[137.22502920232364,35.59233808316505],[137.2241124194337,35.59211053887175],[137.2221046865955,35.592401265885094],[137.22093596483634,35.592412083027696],[137.2196877032477,35.59196695165139],[137.21865396921487,35.59185268972042],[137.2179255147582,35.59038202207104],[137.21702130840387,35.59004114898174],[137.2169813182102,35.589432203621485],[137.21785207055083,35.58756339407952],[137.21889226214333,35.587707058116074],[137.2192504105894,35.587754222986085],[137.22017000740902,35.58798282063122],[137.22044455669894,35.588127341163315],[137.22147867606034,35.58885907050165],[137.22189947730013,35.58924942955598],[137.2224729049951,35.58950046154957],[137.22275177564705,35.58949674111816],[137.22317220545406,35.58933742832165],[137.22366342652245,35.589127449825305],[137.2250065735445,35.588622383250744],[137.226931639329,35.58791272403844],[137.22782559686985,35.587615768331865],[137.22813098164764,35.587543292012505],[137.22850719203117,35.58747436962319],[137.2299977921033,35.588820564211254],[137.23120153985784,35.589333677642266],[137.23424175546012,35.59000248149045],[137.23568711353983,35.59003963354472],[137.23714499309946,35.58920172424591],[137.23904153030074,35.5888770100273],[137.2414371623792,35.58898310962604],[137.24206402861128,35.589382748922226],[137.2425765651308,35.590390287038275],[137.24262612798938,35.59072098520995],[137.24252041984414,35.591764675743335],[137.24178774607014,35.592332712515216],[137.24078975495934,35.59297917459028],[137.24041263885348,35.59344868071252],[137.23997315379475,35.5945327790072],[137.2397603505066,35.595194363195034],[137.2394223598416,35.59586345255999],[137.2387612979986,35.59668754933503],[137.23835613886672,35.59721312182545],[137.23814226199133,35.59754594806866],[137.23781726531715,35.598301183633225],[137.2375975797278,35.599339518722154],[137.2371791774276,35.59991143257722],[137.23692147988908,35.60022899937398],[137.2366133040898,35.60070461826565],[137.23632339453948,35.60113691747962],[137.2361941987998,35.60147288650015],[137.2369356307654,35.60156318348349],[137.2368502820995,35.60366343361915],[137.2364155281724,35.604681955199815]]]},"properties":{"KEY_CODE":"215060040","PREF":"21","CITY":"506","CITY_NAME":"白川町","S_NAME":"水戸野","SETAI":"44"}},{"type":"Feature","properties":{"KEY_CODE":"21506005001","PREF":"21","CITY":"506","CITY_NAME":"白川町","S_NAME":"中川","SETAI":"67"},"geometry":{"type":"Polygon","coordinates":[[[137.2300016518105,35.628088636986696],[137.23030641762853,35.62708389797679],[137.2312033545687,35.626445768390575],[137.23118133445655,35.625690663389086],[137.2302880340967,35.62427410548465],[137.23018979826205,35.62263963368124],[137.23017787887514,35.62201839199761],[137.232403396564,35.61999782633061],[137.2322266434061,35.61916054035226],[137.23062435877705,35.617817505935115],[137.2304869075585,35.617171878642274],[137.23180192689597,35.61583182153558],[137.2333006297788,35.61367937436637],[137.23353672659016,35.61201589569796],[137.2352209090731,35.61124604210264],[137.23601709666968,35.61109276652416],[137.23952905556274,35.61092763182731],[137.23897742062448,35.60954412543476],[137.2368476814021,35.60739476934566],[137.23569192238767,35.605083632998635],[137.2364155281724,35.604681955199815],[137.2368502820995,35.60366343361915],[137.2369356307654,35.60156318348349],[137.2361941987998,35.60147288650015],[137.23632339453948,35.60113691747962],[137.2366133040898,35.60070461826565],[137.23692147988908,35.60022899937398],[137.2371791774276,35.59991143257722],[137.2375975797278,35.599339518722154],[137.23781726531715,35.598301183633225],[137.23814226199133,35.59754594806866],[137.23835613886672,35.59721312182545],[137.2387612979986,35.59668754933503],[137.2394223598416,35.59586345255999],[137.2397603505066,35.595194363195034],[137.23997315379475,35.5945327790072],[137.24041263885348,35.59344868071252],[137.24078975495934,35.59297917459028],[137.24178774607014,35.592332712515216],[137.24252041984414,35.591764675743335],[137.24262612798938,35.59072098520995],[137.2425765651308,35.590390287038275],[137.24206402861128,35.58938274892224],[137.24232365173614,35.589089852425325],[137.24435105260972,35.589318757732784],[137.24798475570708,35.58992424315739],[137.25604220831556,35.59043488454841],[137.2555135822267,35.59232135512057],[137.2562454342761,35.593529790847306],[137.25721987997568,35.593931314328614],[137.2578973624757,35.59540347160609],[137.258874906426,35.59610222988554],[137.26065047851176,35.596018182995365],[137.2618116176924,35.59691568567231],[137.26464534428484,35.5984576506807],[137.26621918295947,35.59863684376058],[137.26856318722784,35.59827120934404],[137.27016657801897,35.59829670538088],[137.2718468567485,35.598541118910575],[137.2732745146749,35.598092948722346],[137.2743561699961,35.598742307358734],[137.27514567949598,35.599845554034026],[137.27533058522351,35.60099178737694],[137.2749726669781,35.601383176355974],[137.2744699360679,35.60191098776659],[137.27359869982106,35.60312074593935],[137.27297802443832,35.60345869753372],[137.27291806669982,35.60363750887187],[137.27260133100128,35.60414283010651],[137.27251413481508,35.60442447709407],[137.27264337043192,35.60488695101755],[137.27238242767163,35.60574562324967],[137.2715119677813,35.6059784357555],[137.27118942321573,35.60624239684825],[137.27015900521698,35.607161750683034],[137.26892462323474,35.60772673740517],[137.2679073185389,35.60769895449476],[137.2664626822854,35.608561577018655],[137.2648994731856,35.60879610063669],[137.26315899855302,35.60955251642023],[137.26338424925478,35.61137954629504],[137.2631208811524,35.613200860352684],[137.26281848160664,35.613845606436385],[137.2611949999362,35.615146195232086],[137.26079590192788,35.6161430322766],[137.25992400574697,35.61750583862252],[137.25913040664938,35.618390825066655],[137.26020406877132,35.619567735660866],[137.2591475077318,35.62129063818072],[137.25898278829092,35.62217014119257],[137.25944089502687,35.623079208241364],[137.26030686331336,35.6235051840553],[137.26041125359663,35.62429617975525],[137.2615581655238,35.625226373931035],[137.2610583888708,35.626022230188156],[137.26159064240852,35.62726399563175],[137.2599688253006,35.629679439837254],[137.25914728660032,35.630279369964],[137.257303000156,35.631045658589606],[137.25697298914147,35.63162542515394],[137.2546872045782,35.631906064915086],[137.25400243415328,35.632664274657955],[137.25266938194108,35.63330773180195],[137.2499926907906,35.633282793724185],[137.24821648176396,35.63362035057937],[137.24692232095563,35.63355818123254],[137.24620654660282,35.63424798264091],[137.24478057781002,35.63485865736431],[137.24252105119783,35.63484063235244],[137.24200063597314,35.634711343360536],[137.23923992630597,35.6332962855184],[137.23831740724822,35.63304693620983],[137.23648087154737,35.632887814274746],[137.2355569211021,35.63261298611365],[137.23414820050118,35.63259756609439],[137.2325606466134,35.63224925431265],[137.23188839254237,35.6323990117515],[137.23090000666122,35.631453404507155],[137.23062919323365,35.630819553988225],[137.2304639927299,35.629420040175],[137.2300016518105,35.628088636986696]]]}},{"type":"Feature","properties":{"KEY_CODE":"21506006001","PREF":"21","CITY":"506","CITY_NAME":"白川町","S_NAME":"白山","SETAI":"101"},"geometry":{"type":"Polygon","coordinates":[[[137.1774506043915,35.645273721424296],[137.18071327691777,35.64498869035885],[137.1828756795238,35.644963695263506],[137.1856432144307,35.64399277830069],[137.1866437103345,35.64332248523818],[137.1883679089499,35.64158377619291],[137.1885340141958,35.64072886665347],[137.1876080168301,35.64046601195308],[137.18581537502487,35.63953938150243],[137.18570234352524,35.637979170300426],[137.18526581649783,35.63736001144584],[137.18318226495234,35.635712234535454],[137.18220810371955,35.63438287595086],[137.18200649491962,35.63254529762724],[137.18219660139397,35.630904776729814],[137.18254346933892,35.6296531927953],[137.18441234833338,35.62938185035519],[137.1856648676408,35.628583045206746],[137.18755776814677,35.627036946412034],[137.18606645140915,35.62512607144081],[137.18554363224516,35.62377168794577],[137.18531247898807,35.62226772536969],[137.18621369597275,35.62077137216595],[137.18636173434427,35.619453192142906],[137.18634338902447,35.61820117338776],[137.18679501369007,35.617149171124034],[137.18873845405557,35.61458415278732],[137.18969550966887,35.61402010172608],[137.19076041039153,35.61372902981281],[137.19292822087817,35.61219658744345],[137.19535389912625,35.611673938411656],[137.1995186702351,35.61140136189374],[137.20133971673263,35.611062205767105],[137.20301602923686,35.61187409327678],[137.20529072852958,35.6113577404428],[137.20625361678927,35.610776509471535],[137.20738859943341,35.610763278593026],[137.20916702508163,35.61219564549876],[137.2113016239288,35.61309989489374],[137.2126877692327,35.61317947221169],[137.2135907925153,35.61300613734278],[137.21491579632766,35.61337266832166],[137.21517214248232,35.61416745162176],[137.2159662592807,35.61600178046551],[137.21692897292576,35.616498217304496],[137.21852937939016,35.61671889242059],[137.21928815648528,35.61736109413998],[137.22051264866883,35.61765362839505],[137.22102405526724,35.61808241972543],[137.22087004211295,35.61881427828338],[137.22207110961548,35.6195610751089],[137.22410160022162,35.618501031934706],[137.22475888546273,35.618513392072046],[137.2240586553769,35.61993026465811],[137.22374422097283,35.62168264100237],[137.22394004294776,35.62407024547526],[137.22661595923938,35.624279397848674],[137.22760980124787,35.62400588256642],[137.23018979826205,35.62263963368124],[137.2302880340967,35.62427410548465],[137.23118133445655,35.625690663389086],[137.2312033545687,35.626445768390575],[137.23030641762853,35.62708389797679],[137.2300016518105,35.628088636986696],[137.2304639927299,35.629420040175],[137.23062919323365,35.630819553988225],[137.22809867435168,35.630691282919145],[137.22581042708748,35.63081536762824],[137.22323845444987,35.63171672706513],[137.2213716000247,35.63298812105903],[137.22130030840043,35.63393459137406],[137.22078268353204,35.63412572744837],[137.2183179664776,35.63370842536667],[137.2175844757195,35.63435412310677],[137.2160630750131,35.635206180505826],[137.21443153565863,35.63558145065124],[137.21289372544254,35.63644146126633],[137.21151176508832,35.63805024227325],[137.2099283592513,35.63876770358003],[137.20998799236037,35.639193332043256],[137.20920090155676,35.639927441304835],[137.20754544083536,35.64029790782953],[137.20622315883077,35.64122733859],[137.2043280737369,35.64173451872902],[137.20338457247502,35.64246264902042],[137.2025281572458,35.64406320060241],[137.20214774368094,35.644338716348045],[137.20172708406335,35.64484521574212],[137.20104567167076,35.646046113919546],[137.20109442422378,35.64682546199923],[137.20133804263048,35.64717734849673],[137.2019677291462,35.648274933886796],[137.20157822874148,35.649615850361045],[137.2014932259717,35.64976671058741],[137.20131597976092,35.650232438643954],[137.2011431307679,35.65071133288384],[137.2011138878002,35.65090287976917],[137.20109796190064,35.651354197850665],[137.20136800841735,35.651756357131326],[137.20164856037178,35.65201609054047],[137.2004029917549,35.65240791603151],[137.2016485603718,35.65201609054047],[137.20200189979263,35.652352384346706],[137.20214482941847,35.65375417015805],[137.2035228912743,35.65542140834923],[137.20506329414076,35.656043472511904],[137.20693149674108,35.65802180938736],[137.20723875830825,35.65938046315184],[137.20839822341947,35.66065390116748],[137.20775928692552,35.66180333992928],[137.2077142527845,35.66263774681495],[137.208078991055,35.66441659800049],[137.2066744101094,35.664796204912555],[137.20624059381467,35.66492557941068],[137.2055254490947,35.665045803418295],[137.20511597107975,35.664620937075725],[137.20464107290258,35.66411926144387],[137.2043439905186,35.66384541215842],[137.20230155883908,35.66270149601196],[137.20150640666387,35.6624502638479],[137.201116217729,35.66245275125486],[137.20033444604798,35.6626002140093],[137.1997814934179,35.66273321906012],[137.1996377514426,35.662757158934035],[137.1990290468272,35.66287105431907],[137.1983000531595,35.66294423509523],[137.19793921453385,35.662989801457705],[137.19631963847016,35.66261906852008],[137.19577021548923,35.66254174539664],[137.19564586477597,35.66252424175029],[137.19546397935673,35.66243063003954],[137.19537670829874,35.66238019749419],[137.1951701073943,35.662203568906776],[137.19507728515134,35.66206747445785],[137.19491899542027,35.6618481958808],[137.19489385474193,35.66182056290562],[137.19455797259394,35.66147091243229],[137.19442650594425,35.66134655085021],[137.19435137324055,35.66128798077311],[137.19411606909836,35.66113300986496],[137.19387414014653,35.66097261884715],[137.19369848698858,35.66084379416159],[137.19363882793536,35.66078430409493],[137.193623347105,35.66075096482396],[137.1936288472863,35.660699594517126],[137.1936730016689,35.660626561071965],[137.19399535848487,35.6602632396422],[137.1943585803036,35.65991613953179],[137.19443365239863,35.65983771245504],[137.1948188996052,35.65933829376553],[137.19488403308824,35.65927606426881],[137.19507724099788,35.65911377744154],[137.19518541598887,35.658969537173476],[137.1952681736125,35.65879016448794],[137.19538180759284,35.65849357520124],[137.19543211336602,35.658421666590236],[137.19546449747898,35.65839208363138],[137.19554630673392,35.65834122292933],[137.1957660425988,35.65824293905325],[137.19591951414492,35.65815093728796],[137.19619660284582,35.657869658282245],[137.19624405746637,35.657774126183135],[137.1962836014198,35.65725763967342],[137.19632868653224,35.65676819265476],[137.19634961755438,35.656651013054756],[137.19639596598796,35.65655907196748],[137.19651740614313,35.656458979512045],[137.1967282942242,35.6563453808246],[137.19690164125416,35.65625520424667],[137.19715559024488,35.65611902790559],[137.1973786208635,35.655992789482625],[137.19770430713166,35.655743049757056],[137.19785886377662,35.65561319980072],[137.19787318864084,35.65554291975118],[137.1978356060145,35.65545638477515],[137.19782344643033,35.65543476996744],[137.19778588213418,35.65539780894331],[137.19746116926538,35.6553212697818],[137.19717180782678,35.65527806449222],[137.19699399654266,35.65526099355827],[137.19684821949488,35.655256522404045],[137.19656741071498,35.65525821110046],[137.19628831853146,35.65527105824493],[137.19575815647693,35.655353501636974],[137.19573393559025,35.655357626183196],[137.19498436026143,35.65548560830842],[137.19488255979473,35.655494925502175],[137.19462524241897,35.655490476984966],[137.19447354339033,35.65545745053993],[137.1943712141613,35.65542384845398],[137.19420221962122,35.6553580807641],[137.19379070057516,35.6552234974666],[137.19363962287457,35.655195152525906],[137.1936384041082,35.655194905777975],[137.19343572151502,35.6551590370443],[137.1933385313786,35.655134728029594],[137.1931900469888,35.65507708762879],[137.19304094798508,35.65499906122856],[137.19302213241167,35.654987199821065],[137.19257415449528,35.65469773583987],[137.19239191293823,35.65459954067342],[137.19218646516293,35.654508532529285],[137.19201254390188,35.65444191738626],[137.19159556099945,35.654278807637496],[137.19074507336813,35.65385984607181],[137.19062276684855,35.65378571984138],[137.19046340419277,35.65367962960813],[137.19012207507856,35.65341291550465],[137.18984700865133,35.653147947281774],[137.1897917715205,35.65308398280261],[137.18968460170885,35.652920842328825],[137.18968457820083,35.652847819012365],[137.19003899239092,35.652633259738224],[137.19013176276044,35.652553669793356],[137.1902454040092,35.652332147031366],[137.19025972650542,35.65222398168278],[137.19025747815965,35.65211581942019],[137.19024752398218,35.65206173993427],[137.19020000448953,35.65195988909732],[137.19016465104662,35.65191123599513],[137.19007073998276,35.65177513516205],[137.19005082927754,35.65168771383459],[137.1900485914047,35.651577755895126],[137.1900772726496,35.651496628573845],[137.19011480462797,35.65144525138303],[137.19021856989127,35.65133795017682],[137.19032779725808,35.65123314715251],[137.1904106620992,35.65114595358712],[137.19043935484424,35.65110718229257],[137.19050115458205,35.650969256141146],[137.19052539650912,35.650824119718074],[137.19050878004728,35.65066730045382],[137.19047673957405,35.65060600725777],[137.190411551267,35.65050148392985],[137.1903894489969,35.650451913510594],[137.1903496500951,35.650316717594215],[137.19031315305182,35.65015627548615],[137.19022581266623,35.64983990179957],[137.19001913971084,35.649320780885525],[137.18928435017597,35.64792469291239],[137.18902585426403,35.64760387806803],[137.1887465707557,35.64790767672949],[137.1886151923711,35.64799963094455],[137.18853127555786,35.64803749543594],[137.18838315510325,35.648084208455],[137.1881161091129,35.64814484975257],[137.18755517259967,35.648246768818915],[137.18741715268018,35.64829907666358],[137.18723605941645,35.64832255557998],[137.18710796979397,35.64833338556851],[137.1869665911469,35.64822165491484],[137.18685615666396,35.64819463192765],[137.1867391098029,35.64822169120113],[137.18617054482442,35.6486679507275],[137.18613413091455,35.648773407252385],[137.18646229878183,35.64947729412867],[137.18652306215688,35.649581855348316],[137.18649989213648,35.649660269802176],[137.186417099471,35.649761227949305],[137.18624821201385,35.64998842364309],[137.18599099993628,35.65030030998761],[137.185977750557,35.65030844586344],[137.18561218761656,35.6501624531007],[137.18544874235704,35.6501174095439],[137.1848645531034,35.650045385775464],[137.18299950214225,35.65050803881286],[137.18237560885171,35.65067398783184],[137.1822364712895,35.65070914302563],[137.1818267923085,35.65080024361746],[137.1817318315347,35.650835393042186],[137.18167883179825,35.65087053860635],[137.1816666842021,35.650877757367006],[137.1814910620995,35.65071644898509],[137.1814303097774,35.6506479387717],[137.18131430981887,35.65043254181678],[137.18130212796012,35.65026487675025],[137.18126124160915,35.65016034564852],[137.1812391514428,35.65013239143791],[137.18118392925138,35.650090921682136],[137.18111766676813,35.65007110571931],[137.18104809227808,35.65007653567362],[137.18098072303837,35.65010654140975],[137.18094761460586,35.650130628191235],[137.18074668275662,35.6503613770112],[137.18067711606957,35.650395642611706],[137.18052362354948,35.65042361525559],[137.18041408329972,35.65042774638539],[137.1803341028428,35.65040645376052],[137.18029281418575,35.65038128345938],[137.1800697105029,35.65022624492472],[137.17998355434045,35.6501144989062],[137.17994488941025,35.65004331020019],[137.1797482252072,35.64954666705154],[137.17974151855904,35.64952832422149],[137.1796399465736,35.649252821442886],[137.1796211610911,35.64918972820586],[137.1796056789943,35.64907889081376],[137.17962443341298,35.64898424634842],[137.1796673212361,35.64885949500248],[137.1796751980677,35.6488310104466],[137.1796862183914,35.64869309394392],[137.17968288802888,35.6486173595928],[137.17963757096678,35.64839473499213],[137.17946413265602,35.648063045327945],[137.17939565835283,35.648015308026295],[137.17928521824655,35.64796933455809],[137.17914496224324,35.64789903465808],[137.17899145304682,35.64777106289578],[137.1788357106504,35.64758809410511],[137.1786832896541,35.647386217339886],[137.17846459074016,35.64710861075425],[137.1780183797797,35.64658226898864],[137.17778422542665,35.64628571887378],[137.17769144698892,35.64614421974972],[137.1774506043915,35.645273721424296]],[[137.1895185947975,35.64322478072309],[137.19015664209135,35.64290291981766],[137.1912249713319,35.6430546411268],[137.19015664209135,35.64290291981763],[137.1895185947975,35.64322478072309]],[[137.19273756545616,35.6433901240664],[137.19309723889606,35.643201080301864],[137.19309723889603,35.64320108030185],[137.19273756545616,35.6433901240664]],[[137.195272931931,35.633868463414764],[137.19621751688766,35.63412526854917],[137.19621751688769,35.63412526854916],[137.195272931931,35.633868463414764]]]}},{"type":"Feature","properties":{"KEY_CODE":"21506007001","PREF":"21","CITY":"506","CITY_NAME":"白川町","S_NAME":"河東","SETAI":"91"},"geometry":{"type":"Polygon","coordinates":[[[137.16193992775123,35.61821429061034],[137.16262665855155,35.617602143127975],[137.16444918905955,35.616331099324505],[137.1659377015186,35.61578297660432],[137.16769391895127,35.61592824891548],[137.16868647342955,35.61574545274839],[137.17012973082123,35.61508619898008],[137.17185847716644,35.614049558818216],[137.17441457835028,35.61321652562203],[137.17614573966975,35.61242384264807],[137.17747684707044,35.61199416769114],[137.18005762698118,35.61174590145227],[137.1811863517979,35.61209466933787],[137.18215937647884,35.61195341134147],[137.18304341057706,35.61142894250533],[137.18372236808096,35.610511189177316],[137.18346787258503,35.609984836842955],[137.1814203176192,35.60884154353575],[137.1804297841399,35.60758516225619],[137.17916769140675,35.606760400257556],[137.1762016058247,35.60544768972492],[137.17434941530027,35.60493959875821],[137.17274423259488,35.604758141739914],[137.17156123037194,35.603086274946264],[137.17115614148653,35.60089598140535],[137.17003992997854,35.59906875193972],[137.16853521975233,35.59871110676686],[137.1688891542912,35.59848062090493],[137.16923588831915,35.59724027943557],[137.17090505910355,35.59638080783985],[137.1718113751408,35.59569517105864],[137.1730028100262,35.59533925378181],[137.17324963848287,35.59650902227379],[137.1743265655994,35.597277949444354],[137.17622273441754,35.59769252573657],[137.17636658499492,35.59827203552834],[137.17743085156468,35.59868802651036],[137.17668280133333,35.599268910893805],[137.17683073163371,35.59995183119954],[137.17760555983486,35.6004648811442],[137.17716088145283,35.600893317483774],[137.17716578917572,35.6018582463163],[137.17798573637302,35.602952041585915],[137.17942610439516,35.603189499447055],[137.17970667931743,35.603919927038234],[137.18139560911615,35.60360655158621],[137.18138943935523,35.605016943061315],[137.18344212659622,35.60563775066282],[137.18394579469395,35.607219478718235],[137.186170004023,35.608075861977575],[137.18709358721648,35.60729116519426],[137.18752071738044,35.606433772607105],[137.1884403944649,35.60619080359886],[137.18932769286803,35.60645999207036],[137.1894762219927,35.60605783579088],[137.1900895378372,35.60659642365194],[137.19075845615785,35.60663421088792],[137.1918701667083,35.605661320904794],[137.19427374568784,35.60505209358376],[137.19575409510884,35.60428640065949],[137.19763071098623,35.60520141003281],[137.1993818335587,35.60693722035686],[137.19960734694064,35.60867846677145],[137.19948256863032,35.60920026659028],[137.20133971673263,35.611062205767105],[137.1995186702351,35.61140136189374],[137.19535389912625,35.611673938411656],[137.19292822087817,35.61219658744345],[137.19076041039153,35.61372902981281],[137.18969550966887,35.61402010172608],[137.18873845405557,35.61458415278732],[137.18679501369007,35.617149171124034],[137.18634338902447,35.61820117338776],[137.18636173434427,35.619453192142906],[137.18621369597275,35.62077137216595],[137.18531247898807,35.62226772536969],[137.18554363224516,35.62377168794577],[137.18606645140915,35.62512607144081],[137.18755776814677,35.627036946412034],[137.1856648676408,35.628583045206746],[137.18441234833338,35.62938185035519],[137.18254346933892,35.6296531927953],[137.18277032592127,35.627180246793685],[137.182523487969,35.62557589750987],[137.18189690845554,35.624551276142874],[137.18092221552845,35.62399937289541],[137.17812506027641,35.623695006973215],[137.17490033923696,35.6237192425807],[137.17310977972045,35.62409779276148],[137.16975866953817,35.624042498839245],[137.16861450355358,35.62431942758624],[137.16720446210755,35.623611331599264],[137.16656502029505,35.622344144778786],[137.1657554042007,35.62166515633688],[137.1641011650618,35.62117334246556],[137.16294574787304,35.620418198196916],[137.16202990994054,35.61939697867817],[137.16193992775123,35.61821429061034]]]}},{"type":"Feature","properties":{"KEY_CODE":"21506008001","PREF":"21","CITY":"506","CITY_NAME":"白川町","S_NAME":"坂ノ東","SETAI":"356"},"geometry":{"type":"Polygon","coordinates":[[[137.1353843741644,35.61105866356887],[137.13607790400863,35.610433904422194],[137.1365842417966,35.609833912937866],[137.13775569281864,35.60929120291865],[137.13975888575868,35.60955912803634],[137.14036332199973,35.610241729535986],[137.14128368711988,35.61092567254599],[137.14288345791616,35.61283381386229],[137.14327087690154,35.61346706920469],[137.1441207520216,35.614133697921936],[137.14565579051873,35.61409240391869],[137.14711538494834,35.614412887286306],[137.14801058611025,35.61504273118785],[137.15035745418,35.615500486987514],[137.1520145406028,35.615106667480994],[137.15339461458922,35.61445910394355],[137.1547125352942,35.614270474363394],[137.1557701966718,35.61457071978855],[137.15629801741667,35.614485780505944],[137.15679615364172,35.61393948496707],[137.1573565469672,35.61351843402419],[137.15808977192535,35.61292581985037],[137.15817904602656,35.612270226648064],[137.1576816803628,35.61157630648164],[137.15745672767318,35.61027652570557],[137.15735676337118,35.60854344459607],[137.15676935081441,35.60752691351367],[137.15579448763168,35.606935265080345],[137.15456963980782,35.60611035374767],[137.1539072596821,35.60491883901011],[137.15339481790974,35.604518867458424],[137.1522122189972,35.60437487030728],[137.1514044405043,35.60372190429368],[137.15127947182992,35.60366407114354],[137.15088373290203,35.60349743482837],[137.1506761370019,35.60349469073278],[137.14998725252434,35.60359865398454],[137.14975270264088,35.6032609953683],[137.1493345190206,35.6030021711095],[137.14887092905406,35.602315049002016],[137.1490718714067,35.60183482955542],[137.14926980187883,35.601598608907125],[137.14826343833028,35.600873539748555],[137.14807022149617,35.60070432284974],[137.1469818218217,35.60077288176742],[137.14662760857559,35.600909993318254],[137.14585087746966,35.600910904302836],[137.1453572381266,35.600360875176236],[137.1442227770145,35.600327305962935],[137.143633638152,35.600518899708746],[137.14317117743613,35.6005272174397],[137.1427578952488,35.59985040658115],[137.1414522912351,35.598983548842135],[137.1403546780207,35.59863335299233],[137.13963411763828,35.59826073844797],[137.13965911600513,35.597877456557676],[137.140501968984,35.59738690960636],[137.14117942798447,35.59719373128599],[137.14158359651398,35.5966105816121],[137.14149647778012,35.59585278867273],[137.14181258606243,35.59503751742599],[137.14253901817904,35.59469769608931],[137.14395877496733,35.59456972477471],[137.14452120836447,35.594511425576556],[137.146289006284,35.594948425267404],[137.14711762054935,35.59379871999991],[137.14772164354181,35.59325893832135],[137.14946407063542,35.5928026199434],[137.15000270696456,35.59269606068186],[137.15080803248122,35.59237870992102],[137.1527529222725,35.59246318413014],[137.15416076829936,35.59177344839582],[137.1564622794382,35.59026725273915],[137.15652915221617,35.590087234784534],[137.1563824883207,35.58992099552044],[137.15619723395463,35.588950744972514],[137.15707469175575,35.587394368598986],[137.15748090119865,35.58620967328644],[137.15840743068276,35.58557164037928],[137.15860935869043,35.58439112575533],[137.15918437307903,35.58339179542778],[137.16030834521052,35.58237484495911],[137.1617910588822,35.58129781900503],[137.16275933546936,35.58081053419151],[137.16360689246486,35.58017232440165],[137.16368874012224,35.57910487867228],[137.16430688423648,35.57744761248997],[137.166069170971,35.57681440759848],[137.16718557315718,35.57621977845989],[137.16865635235712,35.57591455475588],[137.17079356324086,35.5759812724119],[137.1717628814911,35.57572877594178],[137.17233339431448,35.57535444417869],[137.172510548226,35.57474352122692],[137.17334037017534,35.57414320522303],[137.1744431509632,35.5735900467096],[137.17529307302118,35.57269018252302],[137.17606737573672,35.57170996548908],[137.17649296336785,35.571182070714826],[137.17760535211735,35.570373880100725],[137.17845530401615,35.568932425997126],[137.17915524984988,35.56717434439183],[137.17945509540667,35.5668223588696],[137.18032801414284,35.56628549539438],[137.18064263703968,35.56456642369764],[137.18066019772888,35.562997836707005],[137.18237244277583,35.56147854537055],[137.18302806775623,35.56114009329646],[137.18361456494154,35.56089005878619],[137.18454572799556,35.562685263698846],[137.18741507346144,35.566780510043024],[137.18834782482546,35.57055445395349],[137.18881892219906,35.57155973055992],[137.19101148060744,35.5736379502087],[137.19094045698705,35.57431034528421],[137.19013568299664,35.57583149730391],[137.18755059760966,35.578597580823136],[137.18437365359998,35.58072840406145],[137.1830072737368,35.581382536260534],[137.18156589303055,35.58179301106828],[137.1799134991975,35.581813711248145],[137.17739606986575,35.582600716815136],[137.1760098640059,35.58284701331652],[137.17422442132852,35.58386264446396],[137.17311579469296,35.58571840163445],[137.1729313506513,35.587592513862354],[137.17226345702363,35.58940404309907],[137.1695374076023,35.592546047186076],[137.16864458041456,35.59384775592967],[137.1669668282685,35.595724893084444],[137.16549806329905,35.59732427845789],[137.16324630488296,35.59819642787769],[137.1589477300522,35.59920886964566],[137.157412348343,35.59908418057963],[137.15688855601098,35.59975979268147],[137.15716109925512,35.60059745470271],[137.15785454874685,35.601523360333715],[137.15894741792494,35.602349727030024],[137.16074839552917,35.60282058080122],[137.16178859712613,35.60276793366829],[137.16424000305318,35.602090225121565],[137.164951140078,35.60147281115861],[137.165517139041,35.60042998528107],[137.16853521975233,35.59871110676686],[137.17003992997854,35.59906875193972],[137.17115614148653,35.60089598140535],[137.17156123037194,35.603086274946264],[137.17274423259488,35.604758141739914],[137.17434941530027,35.60493959875821],[137.1762016058247,35.60544768972492],[137.17916769140675,35.606760400257556],[137.1804297841399,35.60758516225619],[137.1814203176192,35.60884154353575],[137.18346787258503,35.609984836842955],[137.18372236808096,35.610511189177316],[137.18304341057706,35.61142894250533],[137.18215937647884,35.61195341134147],[137.1811863517979,35.61209466933787],[137.18005762698118,35.61174590145227],[137.17747684707044,35.61199416769114],[137.17614573966975,35.61242384264807],[137.17441457835028,35.61321652562203],[137.17185847716644,35.614049558818216],[137.17012973082123,35.61508619898008],[137.16868647342955,35.61574545274839],[137.16769391895127,35.61592824891548],[137.1659377015186,35.61578297660432],[137.16444918905955,35.616331099324505],[137.16262665855155,35.617602143127975],[137.16193992775123,35.61821429061034],[137.16202990994054,35.61939697867817],[137.16294574787304,35.620418198196916],[137.1641011650618,35.62117334246556],[137.1657554042007,35.62166515633688],[137.16656502029505,35.622344144778786],[137.16720446210755,35.623611331599264],[137.16861450355358,35.62431942758624],[137.16975866953817,35.624042498839245],[137.17310977972045,35.62409779276148],[137.17490033923696,35.6237192425807],[137.17812506027641,35.623695006973215],[137.18092221552845,35.62399937289541],[137.18189690845554,35.624551276142874],[137.182523487969,35.62557589750987],[137.18277032592127,35.627180246793685],[137.18254346933892,35.6296531927953],[137.18219660139397,35.630904776729814],[137.18200649491962,35.63254529762724],[137.18220810371955,35.63438287595086],[137.18318226495234,35.635712234535454],[137.18526581649783,35.63736001144584],[137.18570234352524,35.637979170300426],[137.18581537502487,35.63953938150243],[137.1876080168301,35.64046601195308],[137.1885340141958,35.64072886665347],[137.1883679089499,35.64158377619291],[137.1866437103345,35.64332248523818],[137.1856432144307,35.64399277830069],[137.1828756795238,35.644963695263506],[137.18071327691777,35.64498869035885],[137.1774506043915,35.645273721424296],[137.17741962219543,35.64507704461324],[137.177416985069,35.64504944064082],[137.17755972507592,35.644231545318206],[137.17661879625385,35.64323109335758],[137.17488622596278,35.64255967351159],[137.17376424690488,35.64134015886968],[137.1715459309252,35.64094992945978],[137.17143875953224,35.639840747279834],[137.1705597585399,35.638728068750844],[137.1701566608328,35.63722098545171],[137.16945551215602,35.63671081030176],[137.16814159238012,35.63661439175872],[137.16751003385917,35.63683974125697],[137.16691820664207,35.63637825124769],[137.16557337842474,35.63619346970444],[137.16321165634935,35.63622856144295],[137.16230187084034,35.63558498149019],[137.16130597361524,35.63531632999417],[137.1608341638911,35.63552298383876],[137.15918938139114,35.63549827627662],[137.15819905267279,35.63477532072094],[137.15775739798454,35.63490777630402],[137.15484487638955,35.63412422475738],[137.15400915584544,35.633579722387104],[137.1516774116847,35.63312962115974],[137.1515549268977,35.632758249406294],[137.15017812929597,35.63253615756033],[137.1499805636353,35.63256602030137],[137.1495046776097,35.63271016484228],[137.14927391562102,35.63275248603848],[137.14919000294782,35.632759690071666],[137.14895043430715,35.63272271714482],[137.148696517528,35.63262982731251],[137.14856956536335,35.632574808889295],[137.14839513662494,35.63249907910337],[137.14828612238924,35.63245987247408],[137.14811692711086,35.632417909199326],[137.14787625120547,35.632391707932904],[137.14781785958507,35.63238729669621],[137.14772499469686,35.63237816138063],[137.1476289505354,35.63235201859281],[137.14744793339244,35.63213745414013],[137.1473154837383,35.63198240234958],[137.1472580899643,35.631919296331546],[137.1471620536618,35.631839635363725],[137.14683536188429,35.63163690896988],[137.14679556762115,35.63161183300534],[137.14645335274412,35.631438538232736],[137.14636503381791,35.631408065572685],[137.14608903984146,35.63132868687385],[137.14597532222376,35.6313178562426],[137.1457478649187,35.63141333817362],[137.14572942245016,35.631426713857536],[137.14543094225445,35.63162872606597],[137.1453635860454,35.631661141924894],[137.14529622950752,35.63168457814966],[137.14515601064315,35.63169986733357],[137.1448314178065,35.631690790311545],[137.1444648626225,35.631713252045806],[137.14430697769933,35.63172765648228],[137.1441656519648,35.63174565546111],[137.14402984845188,35.63177087396324],[137.1435981286872,35.631868105537556],[137.14333645326658,35.631910443860846],[137.1432689607699,35.63191683739962],[137.14321548539283,35.63192098151114],[137.14300191692243,35.63192118246229],[137.14298820524522,35.63191829345492],[137.14289844904295,35.63087736439535],[137.14255745222002,35.630371607732165],[137.14374798401732,35.62908652319055],[137.14265215534837,35.6275305144205],[137.14240191835697,35.6263199208924],[137.14054123604507,35.62501500634894],[137.14015821771847,35.62327132664157],[137.14015840335634,35.622718534159524],[137.13952952832332,35.62181024371838],[137.13917698866763,35.62160709663884],[137.13892124968868,35.621381405331334],[137.1384191095421,35.6202831452008],[137.13861538859723,35.61952735573499],[137.14009133434934,35.61865385400891],[137.14010777719844,35.618280570680945],[137.13882136352495,35.61724966640947],[137.1383714264954,35.61661638212064],[137.13792151141334,35.61459163584922],[137.13752565184603,35.61371052907617],[137.1367091973152,35.61285014806283],[137.13579157921652,35.6121869057772],[137.1353843741644,35.61105866356887]]]}},{"type":"Feature","properties":{"KEY_CODE":"21506009001","PREF":"21","CITY":"506","CITY_NAME":"白川町","S_NAME":"切井","SETAI":"256"},"geometry":{"type":"Polygon","coordinates":[[[137.2779202240982,35.53576624363167],[137.27930675790228,35.5344845952889],[137.28141328998342,35.53292436925273],[137.2827788805411,35.5316811931024],[137.28291260371898,35.53166278994158],[137.28354748235373,35.53145665331254],[137.28361250648396,35.531435851374944],[137.28373159451476,35.53143393993619],[137.28402495417907,35.53145439316577],[137.2842112724806,35.53143076145484],[137.2842730122809,35.53141718046725],[137.2848136727929,35.531118989017116],[137.2850067325443,35.530946871627194],[137.28510375304378,35.53093684782038],[137.2856993525458,35.53103270951778],[137.28584604898995,35.53105150952622],[137.28612174059617,35.53106204974695],[137.28654959790757,35.531068848658556],[137.28693459517498,35.53117751622961],[137.2871574297408,35.5312350052631],[137.28729201137006,35.53126821628339],[137.2877275990667,35.531280390924266],[137.28811127554496,35.53123765174801],[137.28835159655966,35.531193259184164],[137.28861833376268,35.531112750139755],[137.2887561028026,35.53106666294776],[137.2889346886875,35.53103042930248],[137.28910343257544,35.531051879143845],[137.28961849378615,35.531115373262104],[137.28982136963197,35.53109802213977],[137.28988530929115,35.531088063103915],[137.2900021505239,35.53106090394918],[137.29014984033657,35.53101026371959],[137.29056553929297,35.53099544236881],[137.29083459213075,35.530995169082445],[137.29099602730787,35.53099771597657],[137.29128015439522,35.53103795285292],[137.29143019662396,35.53108920595702],[137.291536149891,35.53114585584895],[137.29162887186104,35.531211567546144],[137.2916586762158,35.53123047990498],[137.29173370386607,35.53126015588354],[137.2917800335587,35.53126912210995],[137.2918892029405,35.53126717924506],[137.2921184981696,35.53122458586013],[137.2923003845465,35.531185633368814],[137.29266311829485,35.53115371153372],[137.29317479915272,35.531166702812776],[137.29328396702482,35.53116391367306],[137.29359709753135,35.53114373015265],[137.2936853152934,35.531144553279795],[137.29396769467925,35.53119563001794],[137.29421918869306,35.53124585809935],[137.29455446096065,35.531281561880355],[137.2950972052612,35.53141348566763],[137.29517003905298,35.531444041896194],[137.29534442668427,35.53154571894927],[137.2954283114712,35.5315979167009],[137.29568106488077,35.531740953219874],[137.29597809724316,35.53190992571964],[137.2960673141001,35.531928034402505],[137.29615553134843,35.53192794072486],[137.29655704149428,35.532007756680436],[137.29662104742866,35.53203201770421],[137.29684617219206,35.53214173685405],[137.29703144667013,35.5322206199079],[137.29711187664634,35.53224546208679],[137.2979692105017,35.5324190384355],[137.29831887808245,35.53247636837898],[137.29842066668442,35.53248358176373],[137.298733519073,35.53247679979164],[137.2990621061264,35.532458415441],[137.299610071204,35.53239563756085],[137.2997875808071,35.53237833226357],[137.29994746850315,35.532371819538945],[137.30008201013993,35.53237438265954],[137.30011714997406,35.53237550603249],[137.3003092093695,35.53237180950052],[137.3004203706198,35.532341407852144],[137.30059459976903,35.532261149589],[137.30069925552803,35.53219793921308],[137.3007940181563,35.532156393962985],[137.30087331552878,35.532166446832385],[137.30087400576696,35.53216665677708],[137.30093861455663,35.53223464515166],[137.30114542322923,35.532596755904834],[137.30136429069802,35.532943571864166],[137.30141745024056,35.53304083146949],[137.30162519075714,35.53329386198929],[137.3017312156072,35.53339201275376],[137.30183614899934,35.533493757054366],[137.30193226186012,35.53359459451266],[137.3020129184744,35.53368823174044],[137.3020737146853,35.5337737929071],[137.30211356254742,35.533857581724284],[137.30214473382347,35.53403331158024],[137.30215365487507,35.53408051724154],[137.3022256439818,35.53427658763162],[137.3022654506319,35.534336047346635],[137.3022886486591,35.53436214613582],[137.30250768301167,35.53455174934329],[137.3027126146889,35.53465461230983],[137.30285406908183,35.5346860714468],[137.3031924408189,35.5347225908254],[137.30343840268102,35.534736467236996],[137.30389599361388,35.53471007157408],[137.3045964164654,35.534800293148606],[137.30466252895752,35.5348186317534],[137.30524631765266,35.535013200959234],[137.30563249277105,35.53512810381462],[137.30589728874392,35.535200822972435],[137.30690897702053,35.53544393713097],[137.307006032569,35.53545100738027],[137.30742841164943,35.535450517364495],[137.30790057195648,35.53554460952301],[137.30812236640082,35.53562188026931],[137.30849535622295,35.535761153101014],[137.3085957739404,35.535792582644504],[137.30903013597398,35.535910339452],[137.30912096982894,35.53594248395812],[137.30924654410836,35.53600958566007],[137.30964898616241,35.536259341746415],[137.3098043309972,35.536344577284716],[137.31012340648783,35.536550633078036],[137.31019157197295,35.536583087714554],[137.31027680135614,35.53660633134986],[137.31035156405227,35.53660673646017],[137.31045154915915,35.53659366163476],[137.310459418452,35.5365921383495],[137.31069022334214,35.536530144152735],[137.3109371606119,35.536475772198386],[137.3111200177386,35.53643992491005],[137.31120043381603,35.53641469017819],[137.31143098586756,35.53626967364751],[137.31159274050393,35.53614688462136],[137.31178800150175,35.536032153637045],[137.31183840486523,35.53600329290804],[137.3119782966304,35.535911196793904],[137.3121280789609,35.53580373655167],[137.312546531956,35.53546702846472],[137.31268078315262,35.53540092183882],[137.31277375937853,35.535379896069585],[137.31296482459882,35.53536917578332],[137.31309337107672,35.53538708400714],[137.31323348724268,35.53541846323929],[137.31357214661148,35.53547122153414],[137.31368797083616,35.53547576558181],[137.313852275591,35.535478102291094],[137.31401769902627,35.53547969859041],[137.31428238785662,35.53548839262339],[137.31443790513325,35.535502640874284],[137.3145724723138,35.5355150823207],[137.31477975844422,35.53549409317334],[137.3150277484176,35.53541809307797],[137.31566708059714,35.53526045972915],[137.31575840434246,35.535149510504155],[137.31580235170782,35.53506111702359],[137.31580422207466,35.534879929408355],[137.31580727988603,35.53474651945475],[137.3158248470775,35.53470143052817],[137.31588644292475,35.53461755795513],[137.31597453330633,35.53454622201333],[137.31608250190496,35.534491129330675],[137.3162533246035,35.53443233250747],[137.3163657554318,35.534402442620554],[137.31702838140293,35.534325013869974],[137.31775964794588,35.534382699069],[137.31792836697235,35.53437977910847],[137.31816649633598,35.534343429895195],[137.31876394981694,35.534229843411104],[137.3188226712428,35.53421596721836],[137.31912237372384,35.534216051091704],[137.31941468358715,35.534253535446176],[137.31948197422716,35.53426697150766],[137.31970709007223,35.53434150871612],[137.31991565691484,35.53441244030932],[137.32005467267186,35.53444831978887],[137.32022235373051,35.53447698042294],[137.32086103543423,35.53456719030455],[137.3210220965107,35.534591316787285],[137.32119416551313,35.53461095702797],[137.3214124679258,35.53458631587802],[137.32185128082546,35.53453079702152],[137.32234212613645,35.534583338374226],[137.32240171603058,35.53460671170243],[137.32270322629435,35.534837967552576],[137.32281489651206,35.53498204121874],[137.32288561941465,35.535059481729284],[137.3230237134426,35.53518457840584],[137.32323684473235,35.535328521844804],[137.3235305701199,35.53552464692747],[137.3236400483612,35.535675941021346],[137.32374294067733,35.535846149629045],[137.32379714947533,35.53593713108103],[137.3239178075704,35.536164989644966],[137.32403302231694,35.53642894379864],[137.32412946861228,35.53669021390115],[137.32420053530385,35.536937118000395],[137.32422673579825,35.53709651313199],[137.32428510751743,35.537328186578335],[137.32433929006788,35.53739931085292],[137.32442435631944,35.53747402062912],[137.32459660539175,35.53758196142905],[137.32505361995212,35.53780399890148],[137.32518718473915,35.53786783556177],[137.32533834857415,35.537904609348615],[137.32562628072415,35.5379528930212],[137.32606862906303,35.5380206214088],[137.32639413826462,35.538089804018306],[137.32645262068516,35.53810683907158],[137.32656960286798,35.53814995785732],[137.32680477557952,35.53827943102312],[137.32729962238528,35.53866727789054],[137.32741670193604,35.53875817498326],[137.32751171381994,35.538838255538565],[137.32753006537703,35.53885478016998],[137.32769736581454,35.53902549909878],[137.32794253673015,35.53930022854513],[137.3281317241106,35.53949271246618],[137.3287062766552,35.54002015495799],[137.32888637691994,35.54018574930325],[137.32936139692688,35.54057269468196],[137.32991474642586,35.540965834625176],[137.33056302341745,35.54140211362187],[137.331055603709,35.54173494436115],[137.33140761130437,35.54194286674942],[137.33187489384716,35.54218900781176],[137.33247436407171,35.54247573627023],[137.3330650235301,35.54276514940168],[137.33315750506293,35.54281396198666],[137.33332778878068,35.542896397538904],[137.33347343606366,35.54292503165571],[137.33354180604272,35.54291863531525],[137.33359892985837,35.54290665576743],[137.3336807093041,35.54288957202489],[137.33384167959176,35.542865019393986],[137.33394973651187,35.54286233572882],[137.33402255927334,35.542862973039675],[137.33420457639576,35.54287983241704],[137.33421787055596,35.54288196113475],[137.3343689833437,35.54291206583164],[137.33461845808515,35.543018968760656],[137.33480951598509,35.54314401557023],[137.33515630988367,35.54337518027055],[137.33535282855246,35.54347405943645],[137.33555265721043,35.5435747294313],[137.3356134010373,35.54361520668346],[137.3357703111207,35.54375649596876],[137.33623670814347,35.544219166514075],[137.33641136232538,35.544408208363286],[137.3365884729999,35.54471442104881],[137.3366139816076,35.54478286735727],[137.33668737479482,35.54506761278651],[137.3367232410391,35.54534248468092],[137.3367290121874,35.545465958907684],[137.33673397754697,35.54573548669466],[137.336746912335,35.545771734821365],[137.3367561462246,35.54578862298815],[137.33686987988855,35.54585427400026],[137.33704765258813,35.54594867357324],[137.33731283450044,35.54617995459974],[137.33742114752516,35.546289765930034],[137.33781690246983,35.54672550616467],[137.3379064589035,35.54682720932525],[137.3380688780181,35.546969407668456],[137.33813514433945,35.54701258860454],[137.33828421167124,35.54709442094172],[137.33844649643848,35.54716630480916],[137.33876768677803,35.54727581654671],[137.33906451311773,35.54734388512081],[137.33920905506406,35.5473680478495],[137.3394892580997,35.54739828673832],[137.33993369874185,35.54737963415186],[137.34009253168924,35.54738212153036],[137.34014107839533,35.54738835566557],[137.3403827617122,35.54745741337005],[137.3404875672708,35.54746990622412],[137.34062524391962,35.547476894415595],[137.34076112261133,35.54748391965019],[137.341031387575,35.547505191433864],[137.34134581820922,35.54754889784707],[137.34139327878302,35.54756055529899],[137.34142679172155,35.54759828782112],[137.34157220809183,35.54767272642928],[137.34178411525184,35.54806504922429],[137.34286514069902,35.549145885372646],[137.3431611952904,35.54940488410621],[137.34354396406766,35.54960094318436],[137.34478452955707,35.550376608616915],[137.34495866186538,35.550575430364866],[137.34506385143595,35.55074090266242],[137.34510651134073,35.55107856960748],[137.34489310959816,35.552101893787466],[137.3448454689031,35.55267876585961],[137.34490210405173,35.55301313893921],[137.34501429699253,35.55364850760719],[137.34507953197595,35.55379607985896],[137.34536666536218,35.554080363468906],[137.34554680699557,35.5543418820251],[137.34554722936613,35.55453352689469],[137.34551331901093,35.554630438108404],[137.34503814986383,35.555257865154275],[137.3450508634856,35.555680219589235],[137.3450362776109,35.55581717138916],[137.34491981681916,35.555908605050035],[137.3446031486186,35.55609919919292],[137.34451539430438,35.55627375603295],[137.34419898863237,35.557431344318886],[137.34405100348602,35.55786157371543],[137.34405046203955,35.558540062351035],[137.34413309359158,35.55879492929283],[137.344457165964,35.55914686875301],[137.344423737251,35.55946588072067],[137.3441754390207,35.55971013983726],[137.34404492345482,35.55990352499895],[137.34390753192835,35.56063893558092],[137.343737211839,35.5607948798131],[137.34329846139715,35.560941602577046],[137.3432241086355,35.56099114480338],[137.3431127175128,35.56113390521293],[137.3430469518995,35.56138782681597],[137.34279758586285,35.56230536794054],[137.34275546983758,35.56240725579703],[137.34274202413405,35.56280584985241],[137.342770356507,35.56294372670136],[137.34279667859406,35.56298460176958],[137.34245265702776,35.56484287539296],[137.3420955884606,35.56506017933296],[137.33825045457922,35.56502114058004],[137.3367775796876,35.56468745304371],[137.3356526730943,35.564670152745045],[137.3340224188995,35.56516376845133],[137.33074891250587,35.565654622643414],[137.3286573719132,35.5657330588622],[137.32626076367544,35.565675738563264],[137.32532683780556,35.56641704088322],[137.32554954185932,35.56733527472574],[137.32488631610408,35.56894133138672],[137.32419490995377,35.57003518722059],[137.32414972640674,35.57154264517055],[137.32285914462577,35.57169557739903],[137.321171882238,35.57158038126934],[137.3191577651273,35.57115730795774],[137.3148912306526,35.570506768518165],[137.31218695684547,35.5699423082853],[137.31156783665296,35.56966252841296],[137.31096326389107,35.56923699594693],[137.31031031352322,35.56895845007397],[137.30931128990352,35.5686097447582],[137.3087951582202,35.568459119464606],[137.30844584573154,35.56842424519932],[137.30724786809333,35.568620203383325],[137.30609924525,35.568744370030835],[137.3060601233315,35.568613326193756],[137.30619850404463,35.566988001034545],[137.3060710824051,35.56680160206433],[137.30578182037127,35.56652366405286],[137.3048745145236,35.56637645628768],[137.30301031613797,35.56589383950559],[137.3027640718561,35.565860979640576],[137.30192415803677,35.56584768510698],[137.30140843384532,35.56572522691118],[137.30092332633475,35.565729316017986],[137.30020548439933,35.565980906057796],[137.29976666190407,35.565954200251035],[137.29880956105933,35.56600608069159],[137.29859234905203,35.56601106702961],[137.2979609275367,35.565978612228726],[137.29754632358964,35.565697474923056],[137.29733446331986,35.5654387248523],[137.2971266481495,35.564974973124066],[137.29659408518887,35.56336880530259],[137.2957294519505,35.56236165286666],[137.29501902602252,35.56179214425912],[137.2949089045788,35.56174490392537],[137.29467019658023,35.561881247273675],[137.2943403953993,35.562104023543085],[137.29369358714087,35.562389843804134],[137.29281641038716,35.5625990370652],[137.29258419451682,35.56282061269637],[137.29240323355796,35.56171530660493],[137.29189417748117,35.56122691542354],[137.29033846923136,35.560759928899046],[137.28838328169635,35.560528708141796],[137.287381554443,35.5607427407252],[137.28654369513305,35.56104219440853],[137.28562509572535,35.56142066076995],[137.28353744196323,35.559868468225375],[137.28206235905103,35.56022241796099],[137.28191569538404,35.55956260288018],[137.28268381732366,35.55880829492833],[137.2833269469872,35.55664700585379],[137.2831007055348,35.55587196256136],[137.28135571753668,35.55381837241668],[137.28135539334002,35.552210213585454],[137.2822411343677,35.55025794332222],[137.28238674108252,35.548648118986485],[137.28213859549692,35.547523955027394],[137.28319895483116,35.546747202030254],[137.28324788888133,35.54621609248769],[137.28167722186075,35.546431626637684],[137.28075163989124,35.544585445186776],[137.28004629160188,35.542100712197815],[137.27964301217466,35.540561827944366],[137.2779202240982,35.53576624363167]],[[137.29347317164394,35.547940970458335],[137.29482555321644,35.550325833847836],[137.29518561050486,35.55017327111603],[137.29482555321644,35.55032583384783],[137.29347317164394,35.547940970458335]],[[137.29630014857815,35.54994475828688],[137.29984413639016,35.549499978931856],[137.3012220656386,35.54945795173296],[137.29984413639016,35.549499978931834],[137.29630014857815,35.54994475828688]],[[137.29934941343146,35.543684756267545],[137.29970167631578,35.54371690517966],[137.29976669119299,35.54337843405219],[137.29934941343146,35.543684756267545]],[[137.30175305608225,35.55309393158769],[137.30209517970738,35.5536901529774],[137.30175305608225,35.553093931587675],[137.30175305608225,35.55309393158769]],[[137.302666296335,35.55044580672398],[137.30292781296822,35.55164611108016],[137.30292781296822,35.55164611108015],[137.302666296335,35.55044580672398]],[[137.30333954804604,35.54021396648273],[137.30358600231443,35.541507931690994],[137.3035860023145,35.541507931691015],[137.30333954804604,35.54021396648273]],[[137.30390970601263,35.554436081205395],[137.30549544605174,35.55487056097411],[137.30612279177765,35.555307759806055],[137.30604426955745,35.55519331099959],[137.30549544605174,35.55487056097408],[137.30390970601263,35.554436081205395]],[[137.3066833674607,35.55764489100669],[137.30685758813672,35.55826787344145],[137.30681036763335,35.55791269393887],[137.3066833674607,35.55764489100669]],[[137.30980388354484,35.54123334362858],[137.31202875694552,35.540736294442546],[137.31292415500795,35.540347280065454],[137.31202875694547,35.540736294442546],[137.30980388354484,35.54123334362858]],[[137.31474070306834,35.560202252798724],[137.314824173661,35.5594852796578],[137.31486236576112,35.558557348691565],[137.31487207117672,35.55821773811324],[137.31486236576112,35.558557348691544],[137.31474070306834,35.560202252798724]],[[137.3149641587694,35.54375320613278],[137.3149641587694,35.543753206132806],[137.31561427981174,35.543583370030476],[137.3149641587694,35.54375320613278]],[[137.3149672541855,35.55778925868354],[137.31573863785545,35.55672702090874],[137.3167768076927,35.55613045147123],[137.31573863785545,35.556727020908724],[137.3149672541855,35.55778925868354]]]}},{"type":"Feature","properties":{"KEY_CODE":"21506010001","PREF":"21","CITY":"506","CITY_NAME":"白川町","S_NAME":"赤河","SETAI":"269"},"geometry":{"type":"Polygon","coordinates":[[[137.23094016831652,35.549340168384035],[137.23234989551597,35.54828254841945],[137.2326559005494,35.547519829881935],[137.23365604098552,35.5472777086203],[137.23552012148002,35.54750745318577],[137.23721913335058,35.546866510237805],[137.23859218409868,35.545547863108794],[137.23925739899997,35.54450369898532],[137.23937808884128,35.54254128823869],[137.2402110446602,35.54166557388977],[137.2419359561231,35.541797950794404],[137.24377248783492,35.540991876152326],[137.24458087988174,35.541036439045435],[137.24564462707733,35.54056162106944],[137.2472104922426,35.53932933674588],[137.24857398561494,35.53978543156689],[137.25066898366694,35.53949465758931],[137.25089845188063,35.53850927656143],[137.25052193797333,35.53804894543514],[137.2507186325756,35.537361044507236],[137.25132599515857,35.53711904780566],[137.2512778167916,35.53638085972702],[137.25208109986636,35.53579891411889],[137.25154500320394,35.53351968243172],[137.25302652932203,35.533047249648355],[137.25503367502793,35.53123942061991],[137.25609981401973,35.53110614436913],[137.25704530710595,35.53055042444739],[137.25710699375563,35.53050777401103],[137.2578375946679,35.53016279968571],[137.25799748452656,35.53009968805917],[137.2584627897203,35.529904095740335],[137.2584846424299,35.52989650840968],[137.25862351678944,35.52985675680283],[137.25870731152014,35.52984496759707],[137.25879220533997,35.52984398763553],[137.25879653541662,35.529844547710766],[137.25887602618374,35.52985473404188],[137.25901279477023,35.5298961072247],[137.2590892064612,35.52992516909439],[137.2591871007671,35.529964494316225],[137.2593106017174,35.53000499815768],[137.2594551067879,35.53002016787129],[137.2595400168065,35.53002281410907],[137.25962713219957,35.53003263988609],[137.25972749975887,35.53004879369842],[137.25996623316001,35.530069698972014],[137.2600120122572,35.53007202228833],[137.2602964958925,35.53006996859501],[137.26050489272222,35.53005991031122],[137.26071657865762,35.530045307477856],[137.26091397331882,35.530037335664794],[137.2609191404326,35.53003708456292],[137.2612181653765,35.53005734063544],[137.26122826703198,35.53005824810789],[137.2614245510193,35.53007615547072],[137.26146386413015,35.53007468118969],[137.2615623524272,35.53006717300751],[137.26183684409497,35.53000149831671],[137.26212341086523,35.52989366640252],[137.2622292125358,35.529851223583286],[137.2625631774281,35.529732859912315],[137.2627053810349,35.52969489435542],[137.2632015141528,35.52964041096745],[137.2633625189463,35.52965830846096],[137.26344193689064,35.52967806762769],[137.26364511655984,35.52974772519738],[137.26409606881458,35.52989207329209],[137.26426818551263,35.52992654523593],[137.26442068906192,35.52993779350938],[137.26451733793655,35.52993229140062],[137.26457025322884,35.529924150171375],[137.2646694538279,35.52989160417586],[137.26472125137096,35.52986631572646],[137.2648622586849,35.529758033180435],[137.26499883876795,35.529629930576206],[137.26509467836425,35.529552318610115],[137.26528202139747,35.52947188350802],[137.26542865460965,35.529447502273854],[137.26549590510686,35.529442024214646],[137.26561283452753,35.52944104767344],[137.26563705340627,35.52944102760384],[137.2656657547954,35.52943681321004],[137.26569656020988,35.52942559126913],[137.26573292796766,35.52940218076124],[137.26574977153624,35.529386886516036],[137.26602972005801,35.52910359529006],[137.26615330980866,35.52898465734773],[137.26653806498274,35.5286605751204],[137.26668128889898,35.528563097479164],[137.26684861059246,35.528466726717426],[137.26704466481164,35.52834526272672],[137.2671792505726,35.52821113695934],[137.26724142737584,35.5281355598856],[137.2672900487309,35.52807802294246],[137.2673895604586,35.527977485855835],[137.2674534473716,35.52792606077667],[137.26760990374308,35.52782948988254],[137.2680760453891,35.52761276806164],[137.26823774475733,35.527534219229224],[137.26835263832885,35.52747373783637],[137.2684881577883,35.52739249985978],[137.26901034289085,35.527032388889424],[137.26996043338715,35.52760122487581],[137.27020322941362,35.52777139233608],[137.27030263895082,35.52790651013069],[137.27038103221219,35.527992952058575],[137.27044174171547,35.528043389005084],[137.27059955553494,35.52815233091856],[137.2706867370519,35.52820542081776],[137.27101222241006,35.52836559164062],[137.27138508095058,35.528495051636654],[137.27186601914732,35.52863254903222],[137.27301445739096,35.529053400450685],[137.2731612076051,35.529125382412026],[137.27374806543142,35.529295212092784],[137.27430620165111,35.529429924187504],[137.27455001544217,35.529513542787704],[137.2746890322295,35.52957471997161],[137.27494279517697,35.52968174379631],[137.2751269511186,35.52968428959413],[137.27537063341518,35.52967776759969],[137.27588359314018,35.529830540394336],[137.27615086956192,35.53014215787731],[137.27622291150533,35.530413423821734],[137.2762431639338,35.53050664329917],[137.2763348332473,35.53081443972049],[137.27637243468132,35.53090003734467],[137.27647303907818,35.531085646218635],[137.2766110796677,35.531234249260784],[137.276890072901,35.531240296348116],[137.27721734573913,35.531066937629774],[137.27743111306123,35.53095494759156],[137.27762725123296,35.530851107618076],[137.27779581364544,35.53073289229391],[137.27786959329214,35.53066522023969],[137.27825826794825,35.53023487157648],[137.27847345473484,35.529983903262945],[137.27855881468827,35.52987946050599],[137.27890910962182,35.52961773320889],[137.27901945755445,35.52967442483779],[137.27944207137597,35.529878637923936],[137.27980405801415,35.530097342470896],[137.27993320099645,35.53018644423046],[137.27999832496621,35.53022965653665],[137.28054867624198,35.53051564482689],[137.28108426318326,35.53085959930735],[137.2813832925885,35.53099272670342],[137.28167018968506,35.53112854138383],[137.28195599698304,35.53127791118478],[137.28216126878374,35.53139038728169],[137.28226169221864,35.531447085036795],[137.28245815098964,35.53157217427515],[137.2826612139538,35.531682855792866],[137.2827788805411,35.5316811931024],[137.28141328998342,35.53292436925273],[137.27930675790228,35.5344845952889],[137.2779202240982,35.53576624363167],[137.27964301217466,35.540561827944366],[137.28004629160188,35.542100712197815],[137.28075163989124,35.544585445186776],[137.28167722186075,35.546431626637684],[137.28324788888133,35.54621609248769],[137.28319895483116,35.546747202030254],[137.28213859549692,35.547523955027394],[137.28238674108252,35.548648118986485],[137.2822411343677,35.55025794332222],[137.28135539334002,35.552210213585454],[137.28135571753668,35.55381837241668],[137.2831007055348,35.55587196256136],[137.2833269469872,35.55664700585379],[137.28268381732366,35.55880829492833],[137.28191569538404,35.55956260288018],[137.28206235905103,35.56022241796099],[137.28353744196323,35.559868468225375],[137.28562509572535,35.56142066076995],[137.28654369513305,35.56104219440853],[137.287381554443,35.5607427407252],[137.28838328169635,35.560528708141796],[137.29033846923136,35.560759928899046],[137.29189417748117,35.56122691542354],[137.29240323355796,35.56171530660493],[137.29258419451682,35.56282061269637],[137.29180776972012,35.56395360483849],[137.28937174370208,35.56658624013358],[137.28815528093642,35.568489939045975],[137.2870495742957,35.56895484175228],[137.28197448114852,35.56933488834893],[137.28141686193948,35.569246679048824],[137.2807107354567,35.568522276393395],[137.2786956709689,35.56801180243342],[137.27725999119286,35.567517432439764],[137.27663726984554,35.56748253319908],[137.27568599980106,35.56755325106454],[137.27454219070412,35.567667906602324],[137.27439162070863,35.56768223597905],[137.27268009523135,35.567735853107415],[137.271131961969,35.56760118847598],[137.27100453041123,35.567606052771],[137.27062768590162,35.568457043241054],[137.26983932059036,35.57025138922708],[137.26929839997317,35.57191659959065],[137.26913047332394,35.573117684538744],[137.26903316042635,35.574040647542624],[137.26908301463297,35.57453042426404],[137.26946800581482,35.575499136709475],[137.2694050096915,35.575840666722385],[137.2689110535667,35.575974079422494],[137.2683294704446,35.576013374718954],[137.26779290358402,35.576028897166935],[137.26667524020365,35.57614159050087],[137.26589625210474,35.576255825273925],[137.26515206118347,35.57640551919707],[137.26460349985902,35.57666272239861],[137.26434723715906,35.57672324632297],[137.2630264194958,35.576681741352665],[137.2627397886403,35.57677661627071],[137.26211312380173,35.57712379603042],[137.26180334412135,35.57724234811859],[137.26123004840292,35.57741554257828],[137.26077488363717,35.57829263730131],[137.25996623358412,35.57908004044588],[137.25885266662223,35.57920039287514],[137.2580230661784,35.57942227767905],[137.2573742699487,35.579432232064136],[137.25700783503626,35.57941000418115],[137.2568108171844,35.57936993959562],[137.25641960528523,35.579197486255545],[137.25583497707908,35.57917034532987],[137.25475963264833,35.578957328838044],[137.25499275508642,35.578155636361025],[137.2554377225481,35.57739526527727],[137.25574569657027,35.577077338488515],[137.25600470379007,35.57683954998838],[137.2562423466592,35.576606812150345],[137.2567133236887,35.5759598976835],[137.25611670236262,35.575425001603676],[137.25592502646228,35.57520747212184],[137.25536811248207,35.57488214993237],[137.25495345570084,35.57469541525157],[137.2534078367125,35.574417593859245],[137.2509348940379,35.57436289389155],[137.24998041869185,35.574105884568176],[137.24837452739112,35.57325577407583],[137.24767561798794,35.572583731763146],[137.24762536982004,35.57186984718034],[137.24790166487293,35.57147847818662],[137.24888250181698,35.57096103817947],[137.2504060443776,35.57087721406082],[137.2515679480681,35.570846403944635],[137.2519857960173,35.57077318892008],[137.2530172212495,35.570478134890415],[137.25369083788567,35.570130091443644],[137.25400735315503,35.56970638936275],[137.25385985546097,35.56898018240342],[137.25204109922967,35.56701351279917],[137.25225656338705,35.56627729103771],[137.2529776229077,35.56524378325718],[137.25341460034835,35.564482861319526],[137.25356069170738,35.56421410319766],[137.25293037025045,35.563090467302736],[137.25208675226818,35.562641886860824],[137.25115029466937,35.56253117042339],[137.25086663538906,35.56254597935609],[137.24922205445154,35.5635926761099],[137.2451814316614,35.56530286801013],[137.2423970245144,35.566625104357136],[137.2405304847761,35.566864714749585],[137.23955002111182,35.56731964892264],[137.2390149505005,35.568166305513024],[137.23818711017609,35.568386216061405],[137.2381538115379,35.56834591937859],[137.2376217916547,35.56770582768829],[137.23755190801015,35.56745587739324],[137.23781774587886,35.56680775616426],[137.2380638792471,35.5664731551924],[137.2384549580472,35.56601012765142],[137.23910251257888,35.565688245785225],[137.23989079465485,35.564955481251296],[137.24022053248166,35.56480912667771],[137.24108470502586,35.5645081937392],[137.2419395150943,35.5630286347857],[137.24197004323995,35.56246000752349],[137.24181457498824,35.56223919495003],[137.24134411476928,35.56197871761642],[137.2410867961386,35.56194264420962],[137.24051448176496,35.56186697397793],[137.23990096349348,35.56036074208536],[137.23970502815368,35.559513389341404],[137.23955167176524,35.559064659555375],[137.23965222584948,35.55829286634195],[137.23933230343212,35.558002820971375],[137.2389263004005,35.55792841609856],[137.23845661925898,35.55754515023133],[137.23726905819967,35.55727218989003],[137.2369694849861,35.55703187853788],[137.23577172303587,35.556667680321006],[137.2340222799824,35.55572801421492],[137.23325721453537,35.553090728959674],[137.2321542999633,35.55064495949988],[137.23094016831652,35.549340168384035]],[[137.25275432996614,35.55506204252255],[137.25321654385513,35.55523508990205],[137.25349805315972,35.555059862779856],[137.25275432996614,35.55506204252255]],[[137.25413992733456,35.554847092289776],[137.25435126355035,35.554838315695825],[137.25419785809106,35.55413208194592],[137.25413992733456,35.554847092289776]],[[137.25922286352835,35.54755954152412],[137.2596302289047,35.547823660643104],[137.25961089269038,35.54752058647511],[137.25922286352835,35.54755954152412]],[[137.26053153756578,35.548844819194535],[137.260656497947,35.54863520413019],[137.2606652515176,35.54853467144614],[137.26053153756578,35.548844819194535]]]}},{"type":"Feature","properties":{"KEY_CODE":"21506011001","PREF":"21","CITY":"506","CITY_NAME":"白川町","S_NAME":"三川","SETAI":"281"},"geometry":{"type":"Polygon","coordinates":[[[137.19960449926702,35.55469801604319],[137.20059717722998,35.55456372809523],[137.20135133678704,35.553869458150864],[137.20275185771848,35.55320023038199],[137.20350594428214,35.5523463547471],[137.20358062774912,35.55161261556491],[137.20301875644262,35.5505374259804],[137.20352318801233,35.549003961382226],[137.20525530953898,35.54757116287494],[137.206325595897,35.54620162628875],[137.20618068627678,35.54528046547716],[137.20661255643742,35.54463358443319],[137.20807522734376,35.54486519985776],[137.2115117159076,35.5461688110633],[137.2113639932674,35.546918277763346],[137.21190309413893,35.54855228894349],[137.21288106009453,35.5499490616416],[137.21362683611815,35.55034175811167],[137.2159856680556,35.55150543650712],[137.2180170925174,35.55289989978863],[137.2193536218352,35.55418563382414],[137.21966541058913,35.55362029962969],[137.22078234233823,35.55300056327915],[137.22167035941956,35.553170546285614],[137.2231600540452,35.55417401306593],[137.22379303353713,35.553978131953976],[137.22421374576533,35.55306842001055],[137.22547247437407,35.553408565860536],[137.2255328248302,35.55297316323154],[137.2264361642104,35.5529790734687],[137.22706362178155,35.55128417635634],[137.22790482465388,35.55081772268502],[137.22802399603853,35.550209794080274],[137.22921506856807,35.54943002983362],[137.23094016831652,35.549340168384035],[137.2321542999633,35.55064495949988],[137.23325721453537,35.553090728959674],[137.2340222799824,35.55572801421492],[137.23577172303587,35.556667680321006],[137.2369694849861,35.55703187853788],[137.23726905819967,35.55727218989003],[137.23845661925898,35.55754515023133],[137.2389263004005,35.55792841609856],[137.23933230343212,35.558002820971375],[137.23965222584948,35.55829286634195],[137.23955167176524,35.559064659555375],[137.23970502815368,35.559513389341404],[137.23990096349348,35.56036074208536],[137.24051448176496,35.56186697397793],[137.2410867961386,35.56194264420962],[137.24134411476928,35.56197871761642],[137.24181457498824,35.56223919495003],[137.24197004323995,35.56246000752349],[137.2419395150943,35.5630286347857],[137.24108470502586,35.5645081937392],[137.24022053248166,35.56480912667771],[137.23989079465485,35.564955481251296],[137.23910251257888,35.565688245785225],[137.2384549580472,35.56601012765142],[137.2380638792471,35.5664731551924],[137.23781774587886,35.56680775616426],[137.23755190801015,35.56745587739324],[137.2376217916547,35.56770582768829],[137.2381538115379,35.56834591937859],[137.23818711017609,35.568386216061405],[137.2390149505005,35.568166305513024],[137.23955002111182,35.56731964892264],[137.2405304847761,35.566864714749585],[137.2423970245144,35.566625104357136],[137.2451814316614,35.56530286801013],[137.24922205445154,35.5635926761099],[137.25086663538906,35.56254597935609],[137.25115029466937,35.56253117042339],[137.25208675226818,35.562641886860824],[137.2529303702505,35.563090467302736],[137.25356069170738,35.56421410319766],[137.25341460034835,35.564482861319526],[137.2529776229077,35.56524378325718],[137.25225656338708,35.566277291037686],[137.25204109922967,35.56701351279917],[137.25385985546097,35.56898018240342],[137.25400735315503,35.56970638936275],[137.25369083788567,35.570130091443644],[137.2530172212495,35.570478134890415],[137.2519857960173,35.57077318892008],[137.2515679480681,35.570846403944635],[137.2504060443776,35.57087721406082],[137.24888250181698,35.57096103817947],[137.24790166487293,35.57147847818662],[137.24762536982004,35.57186984718034],[137.24767561798794,35.572583731763146],[137.24837452739112,35.57325577407583],[137.24998041869185,35.574105884568176],[137.2509348940379,35.57436289389155],[137.2534078367125,35.574417593859245],[137.25495345570084,35.57469541525157],[137.25536811248207,35.57488214993237],[137.25592502646228,35.57520747212184],[137.25611670236262,35.575425001603676],[137.2567133236887,35.5759598976835],[137.2562423466592,35.576606812150345],[137.25600470379007,35.57683954998838],[137.25574569657027,35.577077338488515],[137.2554377225481,35.57739526527727],[137.25499275508642,35.578155636361025],[137.25454520636012,35.578881746835314],[137.25396865488443,35.57874491071723],[137.25385568286194,35.57873551990789],[137.25297224455974,35.57872435204387],[137.2525346766122,35.578544807494964],[137.2518757530816,35.57807253948073],[137.25172026275976,35.578065006816],[137.25109085658528,35.578613241885016],[137.25107509121037,35.578775359041856],[137.2512078984534,35.57973241575264],[137.25128966626298,35.5803547311093],[137.251330365217,35.5804990287569],[137.25232729331395,35.581559883673684],[137.25296458155125,35.582798302925696],[137.25355222923304,35.5833643130089],[137.25369042532358,35.585268587820444],[137.25348739497113,35.58686920255835],[137.25389741622325,35.58796397850925],[137.25604220831556,35.59043488454841],[137.24798475570708,35.58992424315739],[137.24435105260972,35.589318757732784],[137.24232365173614,35.589089852425325],[137.2414371623792,35.58898310962604],[137.23904153030074,35.5888770100273],[137.23714499309946,35.58920172424591],[137.23568711353983,35.59003963354472],[137.23424175546012,35.59000248149045],[137.23120153985784,35.589333677642266],[137.2299977921033,35.588820564211254],[137.22850719203117,35.58747436962319],[137.22813098164764,35.587543292012505],[137.22782559686985,35.587615768331865],[137.226931639329,35.58791272403844],[137.2250065735445,35.588622383250744],[137.22366342652245,35.589127449825305],[137.22317220545406,35.58933742832165],[137.22275177564705,35.58949674111816],[137.2224729049951,35.58950046154957],[137.22189947730013,35.58924942955598],[137.22147867606034,35.58885907050165],[137.22044455669894,35.588127341163315],[137.22017000740902,35.58798282063122],[137.2192504105894,35.587754222986085],[137.21889226214333,35.587707058116074],[137.21785207055083,35.58756339407952],[137.2164403080147,35.58754871326903],[137.21519047774214,35.587665388892255],[137.2151671492257,35.58767015181709],[137.21451334785363,35.58779706859062],[137.21337817989766,35.58733506874131],[137.21301997817017,35.58718894628302],[137.21253558412064,35.587361206738855],[137.21223557415874,35.58767106717612],[137.21186987226713,35.58821541695106],[137.210722117725,35.58879231070175],[137.20913961492826,35.58890256558615],[137.20882893661897,35.58897580696471],[137.20824424817042,35.58876520719629],[137.20787536605144,35.58831365856665],[137.20763498972593,35.58782512995493],[137.20747725295632,35.58733938923545],[137.20686055113603,35.58625554912539],[137.20549882509016,35.5854321521054],[137.2048615670406,35.58532482565907],[137.2046351127275,35.585311975758714],[137.20325802382376,35.58536620688335],[137.20256286791616,35.585323392229604],[137.20168862209474,35.58517309215344],[137.20139367715734,35.58510434156999],[137.20093275007352,35.58477966016057],[137.2006955993966,35.584340934944876],[137.20084274478037,35.58361816439785],[137.2011716753314,35.58315561685299],[137.20126108509427,35.582871689739086],[137.20124519507996,35.58266518592901],[137.20096593952653,35.58229530977138],[137.20075753609822,35.58132958325142],[137.20085205033845,35.58068855039459],[137.20101414023313,35.57970483224194],[137.20048760744078,35.57740900816762],[137.2005523562812,35.576422458762494],[137.2007867796512,35.576085253009126],[137.20101041746017,35.57597695254841],[137.2021134813324,35.575518865123776],[137.20233710653352,35.57536443713837],[137.2026371086797,35.5751090377422],[137.20263710867968,35.57510903774218],[137.20287114013706,35.57488520639674],[137.20320980299215,35.57458701360767],[137.2036286689726,35.57398894243376],[137.20388904399582,35.57348852228647],[137.2040315641492,35.57268254575427],[137.20420855368553,35.57167888565786],[137.20535382935682,35.569062321223065],[137.20518730816886,35.5684538285387],[137.20213380042134,35.566391216302854],[137.20165111577944,35.56576770189652],[137.20154596513902,35.56463729524457],[137.20187196971418,35.56232196483143],[137.20265180304096,35.56118864010101],[137.2037980269545,35.55900941723971],[137.20392505255768,35.558035369956826],[137.2031392677869,35.55731775106556],[137.2016970097869,35.55662243350207],[137.20069735669662,35.55585905930365],[137.19960449926702,35.55469801604319]],[[137.21597177987206,35.57688265337161],[137.2183298268604,35.577794676198906],[137.2198358197273,35.5782804690315],[137.21597177987206,35.57688265337161]],[[137.220852629313,35.577554898565154],[137.22121717374853,35.57738156993611],[137.22121717374853,35.57738156993607],[137.220852629313,35.577554898565154]],[[137.23931873782826,35.56987208629296],[137.23931873782826,35.56987208629297],[137.23995461187613,35.56973752682591],[137.23931873782826,35.56987208629296]]]}},{"type":"Feature","properties":{"KEY_CODE":"21506012001","PREF":"21","CITY":"506","CITY_NAME":"白川町","S_NAME":"黒川","SETAI":"682"},"geometry":{"type":"Polygon","coordinates":[[[137.25107509121037,35.578775359041856],[137.25109085658528,35.578613241885016],[137.25172026275976,35.578065006816],[137.2525346766122,35.578544807494964],[137.25297224455974,35.57872435204387],[137.25385568286194,35.57873551990789],[137.25396865488443,35.57874491071723],[137.25454520636012,35.578881746835314],[137.25475963264833,35.578957328838044],[137.25583497707908,35.57917034532987],[137.25641960528523,35.579197486255545],[137.2568108171844,35.57936993959562],[137.25700783503626,35.57941000418115],[137.2573742699487,35.579432232064136],[137.2580230661784,35.57942227767905],[137.25885266662223,35.57920039287514],[137.25996623358412,35.57908004044588],[137.26077488363717,35.57829263730131],[137.26123004840292,35.57741554257828],[137.26180334412135,35.57724234811859],[137.26211312380173,35.57712379603042],[137.2627397886403,35.57677661627071],[137.2630264194958,35.576681741352665],[137.26434723715906,35.57672324632297],[137.26460349985902,35.57666272239861],[137.26515206118347,35.57640551919707],[137.26589625210474,35.576255825273925],[137.26667524020365,35.57614159050087],[137.26779290358402,35.576028897166935],[137.2683294704446,35.576013374718954],[137.2689110535667,35.575974079422494],[137.2694050096915,35.575840666722385],[137.26946800581482,35.575499136709475],[137.26908301463297,35.57453042426404],[137.26903316042635,35.574040647542624],[137.26913047332394,35.573117684538744],[137.26929839997317,35.57191659959065],[137.26983932059036,35.57025138922708],[137.27062768590162,35.568457043241054],[137.27100453041123,35.567606052771],[137.271131961969,35.56760118847598],[137.27268009523135,35.567735853107415],[137.27439162070863,35.56768223597905],[137.27454219070412,35.567667906602324],[137.27568599980106,35.56755325106454],[137.27663726984554,35.56748253319908],[137.27725999119286,35.567517432439764],[137.2786956709689,35.56801180243342],[137.2807107354567,35.568522276393395],[137.28141686193948,35.569246679048824],[137.28197448114852,35.56933488834893],[137.2870495742957,35.56895484175228],[137.28815528093642,35.568489939045975],[137.28937174370208,35.56658624013358],[137.29180776972012,35.56395360483849],[137.29258419451682,35.56282061269637],[137.29281641038716,35.5625990370652],[137.29369358714087,35.562389843804134],[137.2943403953993,35.562104023543085],[137.29467019658023,35.561881247273675],[137.2949089045788,35.56174490392537],[137.29501902602252,35.56179214425912],[137.2957294519505,35.56236165286666],[137.29659408518887,35.56336880530259],[137.2971266481495,35.564974973124066],[137.29733446331986,35.5654387248523],[137.29754632358964,35.565697474923056],[137.2979609275367,35.565978612228726],[137.29859234905203,35.56601106702961],[137.29880956105933,35.56600608069159],[137.29976666190407,35.565954200251035],[137.30020548439933,35.565980906057796],[137.30092332633475,35.565729316017986],[137.30140843384532,35.56572522691118],[137.30192415803677,35.56584768510698],[137.3027640718561,35.565860979640576],[137.30301031613797,35.56589383950559],[137.3048745145236,35.56637645628768],[137.30578182037127,35.56652366405286],[137.3060710824051,35.56680160206433],[137.30619850404463,35.566988001034545],[137.3060601233315,35.568613326193756],[137.30609924525,35.568744370030835],[137.30724786809333,35.568620203383325],[137.30844584573154,35.56842424519932],[137.3087951582202,35.568459119464606],[137.30931128990352,35.5686097447582],[137.31031031352322,35.56895845007397],[137.31096326389107,35.56923699594693],[137.31154899382506,35.57012257655953],[137.31156783665296,35.56966252841296],[137.31218695684547,35.5699423082853],[137.3148912306526,35.570506768518165],[137.3191577651273,35.57115730795774],[137.321171882238,35.57158038126934],[137.32285914462577,35.57169557739903],[137.32414972640674,35.57154264517055],[137.32419490995377,35.57003518722059],[137.32488631610408,35.56894133138672],[137.32554954185932,35.56733527472574],[137.32532683780556,35.56641704088322],[137.32626076367544,35.565675738563264],[137.3286573719132,35.5657330588622],[137.33074891250587,35.565654622643414],[137.3340224188995,35.56516376845133],[137.3356526730943,35.564670152745045],[137.3367775796876,35.56468745304371],[137.33825045457922,35.56502114058004],[137.3420955884606,35.56506017933296],[137.34245265702776,35.56484287539296],[137.34279667859406,35.56298460176958],[137.34298902253596,35.56313442142255],[137.3431155160173,35.56316737059982],[137.34319900203468,35.5631662627949],[137.34361542552344,35.562977072883996],[137.34437031448306,35.56240881192694],[137.3446804238595,35.56215157299967],[137.3448177642025,35.5619599009951],[137.34501706929285,35.561749581835016],[137.34509750311537,35.56172266911034],[137.34589037985316,35.561887939459936],[137.34690220947252,35.56253584924767],[137.34769571214068,35.562659314138486],[137.34835069792484,35.5629442396019],[137.35042473264372,35.562960949156505],[137.35078940512017,35.56326679182812],[137.3523430324547,35.56382690621907],[137.35348875936478,35.56409556232506],[137.3541937964392,35.56409831488951],[137.35497466706917,35.56414347920029],[137.35649474885338,35.56463943889639],[137.356736111052,35.56465835684505],[137.35747361398336,35.56437520778399],[137.35810501530133,35.56424482086503],[137.35932833921765,35.56540906645965],[137.36113888377034,35.56579746823053],[137.36232229836426,35.5657829048788],[137.36323156461856,35.566082531362596],[137.36454082473145,35.56600077084276],[137.36715171014393,35.56647891659701],[137.3680786894025,35.56705226914429],[137.36910940443542,35.566937441923514],[137.37103146044865,35.56555716783186],[137.3740909095765,35.564732779287674],[137.37500649692936,35.564227770777244],[137.37581555246928,35.56417309824737],[137.37749543947535,35.56460835726184],[137.38025753838716,35.56389321049298],[137.38091424588706,35.56326721378877],[137.38233956222473,35.56328738329121],[137.38280366630298,35.562643869101414],[137.3848492088705,35.56212710946485],[137.38628732674235,35.561923942479936],[137.38783228323794,35.562145084921745],[137.3887774948313,35.56187251414205],[137.39092821148364,35.561829765102914],[137.39223923449492,35.56263463212373],[137.39412728085406,35.5622102253154],[137.39516337220323,35.56241504795011],[137.39542249072147,35.56257757497633],[137.39565599776626,35.56321846484373],[137.39549818274384,35.56434253458761],[137.3953700519858,35.5645793836311],[137.39493783494754,35.56541670430385],[137.3946635086412,35.566848406182125],[137.39452979527513,35.56748270705994],[137.39624797158544,35.56955071053232],[137.39711603173555,35.57068635418981],[137.3981961128907,35.57186992089382],[137.39859080249454,35.57203021739577],[137.39895597776143,35.57221468718737],[137.39902160750768,35.57232374662182],[137.39903591415992,35.57233787356505],[137.39888674306548,35.57298176095441],[137.39886949802184,35.5738352803033],[137.39829839395102,35.574904181125085],[137.3978843485372,35.57568909571766],[137.39811282378895,35.57715609971559],[137.39892879617017,35.578992352385406],[137.39890829486234,35.57957814607066],[137.39844322667085,35.58064995177476],[137.39843683632498,35.58109350483053],[137.39725984528215,35.581298354659516],[137.39635918703306,35.581718759620436],[137.39581292860439,35.582857157540445],[137.39447095664,35.58407551213581],[137.3938135549718,35.585143619257806],[137.39368883729338,35.58634761200009],[137.3931913919508,35.58747614492706],[137.39204539146385,35.587832226804515],[137.39071099429876,35.58978047750291],[137.3900665809035,35.589056814005666],[137.3906392578161,35.589962680160156],[137.39052833338397,35.59040427476598],[137.38995956015293,35.59118818181308],[137.3897860771508,35.59153535249748],[137.38961300348578,35.593357629242576],[137.38925737063175,35.59424817252634],[137.38788808939478,35.59531601531854],[137.38779359054405,35.59543125125847],[137.38761338766338,35.59685606657601],[137.38738618333167,35.59785715636862],[137.3870713467148,35.59852895530259],[137.386883356033,35.59871403931282],[137.3863870518897,35.59919526235457],[137.38664235456636,35.60018318513686],[137.38703764303995,35.60134020643072],[137.38670142430826,35.6024738780408],[137.3866120877339,35.60288665479028],[137.38686262447814,35.60350817291544],[137.38722590042065,35.60398784283362],[137.38812788744107,35.604309491639434],[137.3887847303221,35.6045977473508],[137.3890115797621,35.60482517383595],[137.38953307696056,35.60525528788898],[137.39253645290574,35.605063317559],[137.39389774258274,35.60566250327705],[137.39375119172905,35.605950090348124],[137.3935703857557,35.60673268602067],[137.3933415475352,35.60734069448908],[137.39300500381614,35.607690711234575],[137.3929729436311,35.608391586650335],[137.3922814032112,35.60902753495835],[137.39173812160223,35.609399306287166],[137.39152446035988,35.60949286751933],[137.3904171381451,35.60962692237003],[137.3897750194195,35.610363780456275],[137.38875703569673,35.61014436047336],[137.38834733041574,35.6098384341876],[137.38724068747536,35.60936100520682],[137.3870884650919,35.609330227588046],[137.38516176561282,35.60974120468582],[137.38257518631693,35.610475832452586],[137.3823329126397,35.610542244817324],[137.38168247131284,35.610869506338545],[137.38090639991702,35.61133479472125],[137.37942877077637,35.611690680807264],[137.37784351312843,35.61179632332458],[137.37657869912283,35.612631244442234],[137.3754420585751,35.61248957262054],[137.3746819805079,35.61272379197853],[137.37418848124673,35.61400775375687],[137.36904879289062,35.61485312773381],[137.3675151020049,35.615639912672286],[137.36643375887712,35.6157523814549],[137.36585449304235,35.61644071734844],[137.3644215385164,35.616721416992746],[137.3634276273551,35.617236336643096],[137.36178557275713,35.61746977135969],[137.36003314288297,35.6174012608368],[137.3587926837467,35.61796409088356],[137.3559028594051,35.61786653422127],[137.35515688182934,35.61749708347048],[137.35492369108144,35.616877899639036],[137.35421771355496,35.61679044338318],[137.3519506872362,35.61734767306087],[137.35065858560415,35.61705022094511],[137.34918228677944,35.61715984343691],[137.34805089835086,35.616726073262235],[137.34697875650932,35.616620708120564],[137.34469060413304,35.617412932151574],[137.3436644673774,35.618345547516164],[137.34227095706902,35.61887737154855],[137.34162777559328,35.61948551968013],[137.33947315493026,35.62095129171543],[137.3366917378121,35.62168921098827],[137.3356895529062,35.62163829241304],[137.33442467782072,35.62203383872142],[137.33297627685312,35.62215906779292],[137.3323487248097,35.62158989639496],[137.3321231187431,35.621362930602345],[137.33073964548487,35.6195166954679],[137.32974318508232,35.61925406786447],[137.3293629341186,35.61883919337161],[137.32884201185016,35.61814466730735],[137.32797884477037,35.61769878977199],[137.3267192052325,35.617323821755164],[137.32575949834953,35.61709455746086],[137.3256812074282,35.61675320385293],[137.32557433132615,35.61612849046002],[137.3254351669972,35.61444779075564],[137.32514047975405,35.61408081081576],[137.32495564313297,35.613948563179626],[137.32418190020655,35.61399007622046],[137.32376369098822,35.61396950073543],[137.32277167419852,35.6137278934173],[137.3217508382618,35.61306919127418],[137.3215521474171,35.61287583604339],[137.31987575392836,35.61205253325721],[137.31959942057864,35.61182758538456],[137.31883370625062,35.61155576864027],[137.31840622286907,35.611190210789474],[137.31820314581725,35.6109475619614],[137.31700365844904,35.610722870525336],[137.31584164122737,35.61026235789418],[137.31480236922457,35.610127508027176],[137.31465794503137,35.61002276452842],[137.3144848156478,35.60969905507511],[137.31325087706819,35.60913033782175],[137.31287571399983,35.60907094553733],[137.31161461974915,35.608968663426715],[137.31025874888195,35.60889461415167],[137.30970727706273,35.60906777232218],[137.30955214402647,35.6090961270678],[137.30932361450527,35.60906471341265],[137.30899313579513,35.608683194160555],[137.30796677468842,35.60729829743557],[137.30737924657095,35.6065782576482],[137.3066782705334,35.606313290230474],[137.30387981759526,35.60648640480497],[137.303492884505,35.60647618263203],[137.303377561105,35.60645881628747],[137.3033041677798,35.606392037882934],[137.30321128731816,35.60628123528428],[137.30315937394008,35.60616865972401],[137.3026977393909,35.60532345594985],[137.30235923233684,35.60525166336162],[137.3018005180593,35.60460212045827],[137.30092364756405,35.603779033968756],[137.30035680858788,35.603314519217804],[137.29999219489983,35.603215391457866],[137.29934063270412,35.60327548223739],[137.29898182633008,35.60316676802854],[137.29854731854076,35.60299352702153],[137.29738185007213,35.60301636206126],[137.29693153608432,35.60285605525866],[137.29677634992942,35.60256050299419],[137.29644239276382,35.602382148583985],[137.2960924200417,35.60236549102423],[137.2954366306789,35.60246144916549],[137.29482287134869,35.60231138515946],[137.29371843933933,35.60203692555948],[137.29304509099788,35.60199891757548],[137.2927390446,35.60189587085893],[137.29245012368142,35.60150855948461],[137.29226003274053,35.60136517862565],[137.29049944409425,35.60077700150297],[137.2883803410394,35.60028240449307],[137.285942995065,35.599157565482734],[137.28536215140997,35.59913850535456],[137.28390776806998,35.59869918316804],[137.2834091268895,35.59789427534703],[137.28220452588928,35.59753503415047],[137.28195502453602,35.59760705728999],[137.28120655099121,35.59784608214328],[137.2795253061035,35.59850656789576],[137.2793810871063,35.59844927237661],[137.27900633898562,35.59820698159414],[137.278777845646,35.59822444149976],[137.27807499290418,35.59841168387832],[137.27783243735462,35.59842337976973],[137.2766571282553,35.59889387707822],[137.2762476768167,35.59898184034],[137.27567518919034,35.5993814474819],[137.27514567949598,35.599845554034026],[137.2743561699961,35.598742307358734],[137.2732745146749,35.598092948722346],[137.2718468567485,35.598541118910575],[137.27016657801897,35.59829670538088],[137.26856318722784,35.59827120934404],[137.26621918295947,35.59863684376058],[137.26464534428484,35.5984576506807],[137.2618116176924,35.59691568567231],[137.26065047851176,35.596018182995365],[137.258874906426,35.59610222988554],[137.2578973624757,35.59540347160609],[137.25721987997568,35.593931314328614],[137.2562454342761,35.593529790847306],[137.2555135822267,35.59232135512057],[137.25604220831556,35.59043488454841],[137.25389741622325,35.58796397850925],[137.25348739497113,35.58686920255835],[137.25369042532358,35.585268587820444],[137.25355222923304,35.5833643130089],[137.25296458155125,35.582798302925696],[137.25232729331395,35.581559883673684],[137.251330365217,35.5804990287569],[137.2519821196807,35.580641564585044],[137.25128966626298,35.580354731109324],[137.2512078984534,35.57973241575264],[137.25107509121037,35.578775359041856]],[[137.2694458616723,35.58169904045759],[137.27044641144522,35.58172509421539],[137.27052417631674,35.58209220932249],[137.27044641144525,35.58172509421539],[137.2694458616723,35.58169904045759]],[[137.28923919946047,35.58359555380988],[137.29030052921578,35.582935970593006],[137.29082663205605,35.58221460964578],[137.29030052921578,35.582935970592985],[137.28923919946047,35.58359555380988]],[[137.34896612277234,35.579392538678384],[137.3495057740079,35.580172517992644],[137.34896612277237,35.579392538678384],[137.35215005357585,35.57828271046519],[137.35303327700396,35.57785355337205],[137.3521500535758,35.57828271046519],[137.34896612277234,35.579392538678384]],[[137.3608900922637,35.570869117707886],[137.36099403507905,35.57089373740367],[137.3611443467629,35.57078290063686],[137.3608900922637,35.570869117707886]],[[137.37389873880215,35.58836300896164],[137.3760699860239,35.58744477630182],[137.378954728934,35.586839699557366],[137.37606998602396,35.58744477630178],[137.37389873880215,35.58836300896164]]]}},{"type":"Feature","properties":{"KEY_CODE":"21506013001","PREF":"21","CITY":"506","CITY_NAME":"白川町","S_NAME":"上佐見","SETAI":"199"},"geometry":{"type":"Polygon","coordinates":[[[137.2477454906339,35.68571257938094],[137.24814708833696,35.685202160367965],[137.24836358240958,35.68413570212063],[137.24789946562555,35.68357066668049],[137.25020563292193,35.68274327289429],[137.25126294926224,35.68215991777936],[137.252900399336,35.68094268484966],[137.25790713137476,35.68128093410962],[137.25823926070623,35.67461465710198],[137.25835130379488,35.67406727969574],[137.25921822252252,35.674089951603065],[137.25946173422318,35.67458723036922],[137.2602316672854,35.67425312510174],[137.2611775913919,35.67052380363484],[137.2621719903192,35.66871981195208],[137.26228524916456,35.66771298583233],[137.2624670959428,35.66642154429599],[137.2629685507868,35.66495443502362],[137.26372242577972,35.66416859344741],[137.26521596234454,35.66283506464754],[137.26512690486692,35.66185195805479],[137.265183293895,35.66118248077037],[137.2663164316166,35.659715585335476],[137.26666080610516,35.658031358550964],[137.26698608430397,35.65698777516972],[137.26880758497668,35.655694716397],[137.27096632157736,35.65535378206454],[137.27285198762476,35.65454976187787],[137.27312834281778,35.65407884350758],[137.27324723397774,35.65135476604256],[137.2743703244625,35.65081452685119],[137.2780264900498,35.649842035974956],[137.2795512992492,35.64925503527649],[137.27981829835315,35.648635867882454],[137.28023989902297,35.64661006533836],[137.28082498974842,35.64309611725521],[137.28287022252283,35.64348107121692],[137.28396743701128,35.644707292590596],[137.28577370388766,35.64559309615749],[137.2863443384747,35.64651526119009],[137.2879882677395,35.647557376424665],[137.2879826846853,35.64807535140798],[137.28702787790434,35.64930493287145],[137.28686222952695,35.64942481388438],[137.28601737693597,35.64958186128664],[137.28521917730367,35.65002387920341],[137.28490953918578,35.65087665223479],[137.28560782494884,35.65184034263077],[137.28608634363613,35.6529838194878],[137.28614394579262,35.65311132611071],[137.28673988984133,35.653882454466384],[137.28681210950973,35.654183024464324],[137.28676656470572,35.65570312267621],[137.28891571117154,35.656449220776985],[137.28914240003226,35.65661037971104],[137.28958970532267,35.657120043983575],[137.2899039136627,35.658184272098424],[137.2901436224466,35.658506773151075],[137.29047891713745,35.65876931912011],[137.29114745783323,35.66001015685632],[137.2915362619178,35.66082572747706],[137.29195831871928,35.661478599329875],[137.29227625234998,35.66184913920126],[137.29286682513003,35.66216086912606],[137.29301367098745,35.66224397686026],[137.2939095891333,35.66302258014934],[137.294505102981,35.66342664615994],[137.2949327468986,35.66357193771145],[137.29520412031087,35.663730427227016],[137.29516194426134,35.66427834562561],[137.29496762692597,35.665425105107126],[137.29565002628172,35.666287194252924],[137.29649775884388,35.66681591991052],[137.2970809431669,35.66745686261103],[137.2972693003584,35.66755294621],[137.2976744863075,35.667601961174846],[137.29783397449097,35.667609598775755],[137.29826642285107,35.667745754516446],[137.29913702391397,35.667617215772616],[137.30002488660642,35.66731821053478],[137.30060840216564,35.66718738253457],[137.30214090747126,35.66708281548154],[137.3023223315165,35.66685358130204],[137.3031366029391,35.666432259234185],[137.30388003859852,35.6665615555427],[137.3039694618529,35.666623908475145],[137.3041757788707,35.6669607435049],[137.3048019667143,35.66753779606561],[137.30494757203581,35.667799215802965],[137.30510119054733,35.668098366939745],[137.30515928075354,35.66848350197118],[137.3052265575343,35.668649988915625],[137.30532560049906,35.668746198959276],[137.30595037212095,35.669407847533066],[137.30615638894312,35.669588179658525],[137.3062635362667,35.66967254927386],[137.30698765684085,35.67008871573782],[137.3083168845117,35.6704830927386],[137.30997101639502,35.672025774968965],[137.3112562611758,35.67336235464625],[137.3125356770009,35.673963506909146],[137.31324173101444,35.67400374252095],[137.31417315961045,35.6745683026001],[137.3144398809134,35.67488841417471],[137.31537597033633,35.67598203299594],[137.31599039325954,35.676900793092486],[137.31637472804562,35.678840187629035],[137.31689990930838,35.67921804152504],[137.31927687197415,35.679770772894045],[137.32047255870262,35.68034899023724],[137.32083912021204,35.681887191034484],[137.32117656528723,35.68220381149324],[137.3215364582016,35.68289866597286],[137.32136396101512,35.68348701431382],[137.32065146746373,35.683895341408956],[137.3200826363475,35.684871519803224],[137.32031602843736,35.68564904153408],[137.32086692705158,35.68610812884236],[137.3221637040426,35.68612013355114],[137.32326359755703,35.68642022391899],[137.3246268684346,35.68740037489666],[137.32610073886445,35.68807864701473],[137.32753293025297,35.68905798812384],[137.32889070355048,35.68988687802891],[137.32903914635213,35.69046633907127],[137.32956841529273,35.690797924698536],[137.33038804948984,35.691175039986916],[137.330986874157,35.691619617450385],[137.3323011882532,35.69234244994226],[137.33356657722982,35.69243973571257],[137.33443823402433,35.692809665873604],[137.33557475247306,35.69340909304249],[137.33626218170548,35.693303997787304],[137.33801341483021,35.69299243058224],[137.33944957954188,35.69370444269899],[137.3408031318591,35.69463239685031],[137.34096000761562,35.695042159141096],[137.3418244334823,35.69530461780265],[137.34273422642832,35.69594815053601],[137.34374934090044,35.695954794159825],[137.3440913517461,35.696324495786975],[137.34382416735147,35.69752950338923],[137.34282502089013,35.69788480101048],[137.3422339216259,35.69909073497695],[137.34173213535104,35.69951553269401],[137.34145304263862,35.70072813077389],[137.3418533972215,35.70151928540166],[137.3439695669425,35.702152586125756],[137.34401843131658,35.702707405014266],[137.34469617584855,35.70348402861893],[137.34373944986177,35.70394835519539],[137.34214460626353,35.70592628801555],[137.34153595349517,35.707152525706526],[137.34007261095874,35.707735234629205],[137.33787351377205,35.70740206379039],[137.3373393068254,35.708378671414714],[137.3355208431444,35.7092223346677],[137.33457156050906,35.70914936575056],[137.33328927064994,35.70938442499076],[137.33208225043623,35.71039345763102],[137.33124039538853,35.710790126885776],[137.33123637174603,35.71078523700998],[137.33112002438284,35.71069585517975],[137.330628866767,35.71043286676806],[137.33062226608777,35.710429125813526],[137.330322471421,35.710289817285556],[137.33022395880695,35.71029197528695],[137.33013791942759,35.71029096499926],[137.33000633371975,35.710258696580496],[137.32976961301694,35.710156254857175],[137.3295594366563,35.710060995066094],[137.3295395299803,35.71005290591578],[137.32949750649937,35.710038543920696],[137.32944221703963,35.710023284320656],[137.32938693864216,35.71001344708065],[137.32934051041335,35.710009002690185],[137.32910398610647,35.70999669808974],[137.32881545143277,35.70995743892058],[137.32869594617276,35.70988367517511],[137.32864834238362,35.70984227885083],[137.32857520479422,35.70974862939224],[137.3284386859606,35.709458573558706],[137.32836902505707,35.70943974133124],[137.32830046684265,35.709421805453815],[137.32799247970064,35.7093422377457],[137.32792999828092,35.7093024097929],[137.32781043698017,35.70919980818154],[137.3273042181716,35.709169832434576],[137.32715606399293,35.70914029445173],[137.326802168832,35.70901726453659],[137.3265986281743,35.70891748452617],[137.32635967454252,35.708799723455904],[137.3250612664994,35.708308386813236],[137.32480946160663,35.70839793986862],[137.32473989573955,35.70842598794267],[137.3245963535154,35.708490170462],[137.32436447229435,35.70859142136256],[137.3241514012581,35.70870347431803],[137.3240355095513,35.7087793449431],[137.3239902700106,35.70881364579649],[137.323934924238,35.70887357572174],[137.3238922554604,35.70899135584111],[137.32386471143315,35.70903464736425],[137.32375308509515,35.70902938795924],[137.32366350515312,35.70900066744091],[137.32358610070582,35.70897823364134],[137.32336061643795,35.70895778788131],[137.32319036137037,35.708928273907034],[137.3231118440129,35.708899521055606],[137.32282298950173,35.708691680398914],[137.3227621068002,35.70864038768455],[137.32261482407915,35.708485530617736],[137.32257382680862,35.70843150094871],[137.32249639524753,35.70833891051343],[137.32242432901967,35.708274850872925],[137.3223601633741,35.70823887862916],[137.32229050005424,35.708217349576294],[137.32212247355426,35.708195031874766],[137.32187039950273,35.70814036127679],[137.32174319880627,35.70808285390228],[137.32162116291912,35.708022822649916],[137.32150756979252,35.70795876517032],[137.3212918627444,35.70785088174546],[137.3211492301537,35.70781591066602],[137.32097573428422,35.707821541646524],[137.32092050413726,35.70783513428454],[137.32069525842527,35.70795926141298],[137.3206599862534,35.70798511629563],[137.3205694415633,35.70802579606936],[137.31965470791215,35.70819451159133],[137.31928452779374,35.708208633460465],[137.31919166716335,35.708195232482055],[137.31915514715635,35.7081673402961],[137.31905527922692,35.707952933513866],[137.31901748487243,35.70783941183347],[137.31887114035274,35.70758719665177],[137.318770834726,35.70750648248315],[137.31820982001037,35.70734917914124],[137.31807164837784,35.70733224319663],[137.31799425129566,35.707311603335775],[137.3178471620574,35.70725232176057],[137.31765912170837,35.70716150756271],[137.31753751530954,35.707138213111286],[137.3174259303324,35.70715279085614],[137.3173088268196,35.70717727014053],[137.31720057412576,35.70720173861505],[137.31690222220442,35.707217469193935],[137.31665907534705,35.70720605190108],[137.31640374974762,35.70718021441535],[137.31614181235457,35.70716793956849],[137.31582799709085,35.707190869905304],[137.31538445068213,35.70715040792796],[137.3152147966743,35.70707326392753],[137.31518568485288,35.70705826565822],[137.31493459638637,35.706936013883244],[137.31478641183983,35.70687848911924],[137.31471786303567,35.70686234344971],[137.31449672695095,35.706800437783606],[137.31439272158215,35.70673475950719],[137.31434627114174,35.706716789764116],[137.314211413526,35.70674009104972],[137.31397614459036,35.706763235468436],[137.3138534034368,35.70672011460695],[137.3137560869457,35.70668238442251],[137.31355149734537,35.706603309480634],[137.31350504289006,35.706582628200266],[137.31341874486952,35.70652685635544],[137.31334784289442,35.70643321479381],[137.31327481013147,35.706378306102536],[137.31319958153506,35.706332415026935],[137.312998817351,35.706219743058305],[137.31289316135783,35.706165156630085],[137.31286881749924,35.70614895469987],[137.31276477926133,35.706064367459796],[137.3127614602098,35.70606074433463],[137.31274815852473,35.70604002237885],[137.3127447543982,35.70598956956049],[137.31275025531858,35.70597604199358],[137.31275907029445,35.70596339114931],[137.31285727319616,35.7058776383855],[137.31288581384965,35.705774858754644],[137.31285696515124,35.70570820645795],[137.31279595729183,35.705582967437905],[137.31275700561355,35.70543249110367],[137.3127679041798,35.70534864176166],[137.31281853338007,35.70523861733914],[137.31283608590525,35.70516377364781],[137.31283048514658,35.70512233849101],[137.3127107909907,35.70493136406117],[137.31265095841712,35.704846721012935],[137.31263317341538,35.70478723790818],[137.3126607366274,35.704752063461314],[137.31274894819063,35.704644704552],[137.31274321979538,35.70459274108396],[137.31270218077628,35.70445096419766],[137.31265775840916,35.704330211497556],[137.3125591641642,35.704110127567525],[137.31250472901382,35.7040374492716],[137.31245381085282,35.70399423882296],[137.3123918692449,35.703960090409545],[137.31214203491362,35.70391532767127],[137.31195198214976,35.70392094718081],[137.31177630933283,35.703941901099036],[137.31150564695744,35.703986386255835],[137.31132110146436,35.703988442358295],[137.31119105742133,35.703963424838285],[137.31096067513866,35.703889728671626],[137.31073504465644,35.70378271606848],[137.310623338818,35.70372788867694],[137.31048520227606,35.70372622524948],[137.31044543692283,35.70373979426209],[137.3101384677973,35.70387269808789],[137.31000926677348,35.703926021546145],[137.30987123751294,35.70398477850173],[137.30931356914775,35.70420721029429],[137.30919643055645,35.7042046417485],[137.30914295072375,35.70419579883985],[137.30899413872652,35.70416883325703],[137.30894882320212,35.70416888855306],[137.30885825400838,35.70419061825917],[137.3086407576046,35.70430806375592],[137.30850933579833,35.70435780004713],[137.30841764773194,35.704375939304434],[137.3083484805839,35.70438127027491],[137.3083223558753,35.70438225214656],[137.30826625688218,35.70438063017864],[137.30815573095785,35.70437087074679],[137.30794015852624,35.70432514669492],[137.30775316796758,35.70424530448748],[137.30760390612704,35.704147071735775],[137.30736820946402,35.703973382032146],[137.3072487421419,35.70390412577386],[137.30703430182697,35.70386924414944],[137.30698568506614,35.70387560536026],[137.30681150784605,35.70388401950433],[137.3068044597621,35.703883041535335],[137.30673429688787,35.70386182354],[137.30666513833646,35.70383363262557],[137.30644838244837,35.70373924706118],[137.3060293064908,35.70359732265618],[137.30565114365848,35.70346798913279],[137.30544451074408,35.70347904450193],[137.30535400374754,35.70353682700227],[137.30529986946595,35.70354770159041],[137.3052689046367,35.70353333680609],[137.30520138201854,35.70347211571604],[137.305127192609,35.70338026941872],[137.30481372965517,35.70296421251235],[137.30467637594168,35.70277146061737],[137.30464204036994,35.70273005996851],[137.30452695938243,35.70263643207739],[137.30448051354284,35.7026184596211],[137.30437881925351,35.70260326359131],[137.30432356611882,35.70260332886774],[137.3041523123608,35.70262155842305],[137.30398871746715,35.70264425035749],[137.3038296945006,35.702658909419206],[137.303787701786,35.702657127935154],[137.3037158464368,35.70264189566941],[137.30356540646858,35.70255105577728],[137.30346474466225,35.702496175753055],[137.30333209575085,35.70247200142888],[137.3032525421674,35.702472975496164],[137.30308790992606,35.702488519827135],[137.3030094702522,35.70249762534747],[137.3028680161429,35.7024995859342],[137.30274750871558,35.702462756429],[137.30266015556597,35.7024340215705],[137.30264267690362,35.70243108434393],[137.30246297766053,35.702273096129495],[137.30246861960765,35.70222062690007],[137.30248392484458,35.702120542712734],[137.3025069757812,35.70197443024502],[137.3025312738095,35.70178824808236],[137.30256004165537,35.70139213912178],[137.3025509761383,35.7012650768306],[137.3025398246241,35.7012055851925],[137.30250762937973,35.70111368979017],[137.30244553022226,35.70099028114946],[137.30232244453887,35.700736244943656],[137.30216375742387,35.7003416205643],[137.30208286784153,35.70020922023024],[137.30203857045638,35.70015247752105],[137.30187584102438,35.69998246259534],[137.3017972151429,35.699886852029636],[137.30176066059198,35.699819960324675],[137.3017162359182,35.699700369053275],[137.3015973566795,35.69932192965934],[137.30148746079854,35.699021891546124],[137.3014242205521,35.69887232236975],[137.30123137579247,35.69853544475092],[137.30106527429496,35.6983274042392],[137.30100877246997,35.69823733172414],[137.30098100956585,35.69815536022935],[137.30097763306884,35.69811747822437],[137.30098524912322,35.69804535955484],[137.30100834387184,35.697982236861364],[137.30103587503928,35.69792632655829],[137.30105996757123,35.697795599661596],[137.30105105398292,35.697750541190025],[137.30097230184222,35.69757757475805],[137.3005677004947,35.69681546159933],[137.30053531670976,35.69660909729699],[137.30052964840354,35.69652347315969],[137.30052180724877,35.69646130188156],[137.30040106721177,35.696286551251255],[137.30035400637672,35.69618900289599],[137.3003498459684,35.69604954151463],[137.30053308858635,35.69538153985343],[137.30050641213953,35.69530354554713],[137.3004844570611,35.69527332466877],[137.30040590159408,35.695209402472955],[137.29989238024177,35.69501428927435],[137.29966285778846,35.69490740601503],[137.29954016375552,35.69488589022253],[137.29931265867057,35.69495375070183],[137.29916355440162,35.694993601324214],[137.29899783965755,35.69501181578323],[137.29879451821364,35.69501021389593],[137.29867737912974,35.69499953565845],[137.2986692734201,35.6949983828426],[137.29842869529094,35.69495925309279],[137.2981810731028,35.69489555465193],[137.297309795718,35.6945431715729],[137.29698685755054,35.69436417755569],[137.29686193764599,35.69432284323859],[137.2967890069931,35.69431662253803],[137.2966975994315,35.6943214087924],[137.29576261146192,35.69436914463295],[137.29554158541265,35.69434326619637],[137.29530063877073,35.6942957567377],[137.29507186648695,35.694263584773225],[137.29485308987557,35.694261116316],[137.2943371176394,35.69427971510801],[137.2940929143828,35.694267345628795],[137.29378895795412,35.69420191090474],[137.29359107837234,35.694141710465956],[137.29321711128847,35.6941435642307],[137.2930765955864,35.69418843400223],[137.2925264015208,35.69443944024957],[137.29208844999704,35.69440199808364],[137.29198378823108,35.69438232451117],[137.29179473951206,35.69431042208428],[137.29138549201355,35.694054966795285],[137.29095182453213,35.6936831008403],[137.29090845062322,35.693501998273646],[137.290916990141,35.693300065427216],[137.29089368251877,35.693216187680136],[137.2906790449618,35.69304523326963],[137.29022802282714,35.692906922742985],[137.28992948146563,35.692835204389425],[137.28977157185122,35.69282269822179],[137.28967767283314,35.69283448770313],[137.2895904384262,35.69286524710393],[137.2893777543174,35.69302268154245],[137.2891760261409,35.69318147775571],[137.2890253740729,35.69329578467659],[137.28890513564903,35.693429319091564],[137.28877604407964,35.69355293386259],[137.28863379870242,35.69361093395043],[137.28862144846977,35.693614396400214],[137.28853639161443,35.69362258443054],[137.28838893265802,35.69360848058615],[137.28816394725087,35.69356530522032],[137.28808101948178,35.69355549886416],[137.28806558815936,35.693553684248066],[137.287973878522,35.69355106971007],[137.28745185972525,35.693217237997345],[137.28732900334023,35.693072234281644],[137.28720064760648,35.69295160192586],[137.28707789977568,35.69287870596296],[137.28701932197853,35.692865246821064],[137.28684673968553,35.69287694074038],[137.2863784233898,35.69282894496235],[137.28620372200098,35.69274170139876],[137.285920248235,35.692325576362435],[137.28587249207328,35.692157079517145],[137.28579712436203,35.69199579435289],[137.28573165048107,35.691908789126096],[137.28567868579677,35.69185081905861],[137.2855911252845,35.6917772517408],[137.28516993311135,35.691507032510565],[137.2850404961278,35.69139537556615],[137.2848538878813,35.69117589652351],[137.28475835418777,35.69112346211867],[137.28455516618723,35.691194863313655],[137.28431327439122,35.69125102090629],[137.2838934969998,35.691304610029235],[137.28365690710558,35.69120749475674],[137.28348558072608,35.69115900783504],[137.2833894617048,35.691156393230706],[137.28320428847897,35.691188795348566],[137.28295465108428,35.691351852562],[137.2828959342913,35.69140476025956],[137.28287908849654,35.69141833263356],[137.28275244033028,35.691503137775335],[137.28263531364175,35.69153254867453],[137.2824751306975,35.69151964513928],[137.28187053055424,35.69135261536735],[137.28174895903956,35.69132837102175],[137.28146419806214,35.691302033886835],[137.2811555824215,35.69129110654009],[137.281105946144,35.69128904342134],[137.2809402929851,35.69131550710011],[137.28086297423968,35.691393113666784],[137.28063819475767,35.691726412922016],[137.2803956995005,35.69197931185503],[137.28010013149762,35.692034139627914],[137.27973046036843,35.69195123020009],[137.27932658114497,35.69178775912946],[137.2792238557246,35.6918067654379],[137.27916750330638,35.69180143356651],[137.27882042839573,35.69170349989801],[137.2784766788708,35.69160647859534],[137.2783871462638,35.69158494579582],[137.27811862374082,35.69155724828873],[137.2779440925925,35.69158537113315],[137.27769776970644,35.691632470223084],[137.27731655603415,35.691612096488974],[137.27700071993974,35.69173591055738],[137.2767843336674,35.69185867828436],[137.2763902073104,35.69209611419454],[137.27618255808878,35.69214680061956],[137.27606655899913,35.692157718619534],[137.27568648923253,35.6921715964455],[137.27508148706775,35.692214519609536],[137.27496282554523,35.69220290577576],[137.27478565423516,35.69215504581411],[137.2746831679444,35.6921112355621],[137.2745947153785,35.69206533539038],[137.27441668488405,35.69195466275556],[137.27418661770372,35.69176467636855],[137.27403170070755,35.69158905629509],[137.27396201566975,35.69153775078141],[137.27391339478706,35.69152786680051],[137.2738406229527,35.69153342668261],[137.273763171075,35.69156405968101],[137.27370797089145,35.69159745415601],[137.2735667648586,35.691761658525735],[137.27351609048034,35.69187254327335],[137.2733816313327,35.69213046706834],[137.27329560133407,35.69224413107333],[137.27321721306478,35.69229465709594],[137.27303502023503,35.69238224887873],[137.27302071209346,35.692390535569686],[137.27278661346594,35.69253119932428],[137.27265305200507,35.69262779415553],[137.27260228987737,35.69267290807038],[137.27250629443026,35.69277482017701],[137.27186530612036,35.693518136999565],[137.27153132820777,35.69394654663831],[137.27149801312805,35.69400791150701],[137.27147599439414,35.69406919516233],[137.27146951738675,35.694183700764896],[137.27148100970598,35.69422611666259],[137.27164442924757,35.694445813439756],[137.2716777235457,35.69455936745604],[137.2716249762345,35.69478024629019],[137.27131430894084,35.695492620486505],[137.27122707904618,35.695692764918725],[137.27112176945522,35.6958457442873],[137.27107294906702,35.695900470178586],[137.27091178122095,35.69609061107861],[137.27085097746811,35.69619967678324],[137.2708236669253,35.69630881841859],[137.27081703931398,35.696382660578095],[137.27078428228484,35.69661169902931],[137.2707051441691,35.69693897995658],[137.27066547114433,35.69702644365568],[137.2706279506266,35.69705802597446],[137.27044736693716,35.697104771352166],[137.27042248841974,35.69710870208337],[137.27037326087384,35.69711557716376],[137.27018607758978,35.6971404629884],[137.269953000306,35.6971983471086],[137.2692511783016,35.69792730006901],[137.2691319427164,35.698004939413586],[137.26907229784038,35.69802661160482],[137.268802742925,35.69806561744869],[137.26865357715303,35.69805318054365],[137.26839840561897,35.698133579092506],[137.2682284320828,35.69825636798577],[137.26822765716264,35.698256896274806],[137.26790601514875,35.69847023701184],[137.26789148482058,35.69847405305641],[137.26785794263654,35.69847950438201],[137.267819681896,35.69847383390378],[137.2676549991564,35.69831993342679],[137.2674879409991,35.69814790032019],[137.2673773368991,35.69806056962828],[137.2672512704553,35.69798226674902],[137.26708686593506,35.6979056162945],[137.2667969188866,35.6978050613248],[137.2657944965984,35.697620263593656],[137.26568280949525,35.69755455141079],[137.2656120266437,35.69749422637342],[137.26552239860092,35.697395150782036],[137.2654427187422,35.6972852575249],[137.26538742129205,35.69724382651085],[137.2652425994163,35.69718807165005],[137.2651364789777,35.69714668457899],[137.26504580626568,35.697092678868245],[137.26493409969248,35.69699992489116],[137.2647869957386,35.696885580666695],[137.2647368003012,35.69685946208232],[137.26466871591603,35.69683522541429],[137.26458140077827,35.696818151691176],[137.26421010862066,35.69678783390851],[137.26412166945806,35.69675093786171],[137.26405744837055,35.69664553690444],[137.26402747661143,35.69652116370464],[137.26402613503777,35.6963273664498],[137.2640745700385,35.696170498057995],[137.2641318860116,35.69605055790474],[137.26427745456556,35.69582149666774],[137.2643117400656,35.69572643399909],[137.26431269683977,35.69572231411342],[137.26428608204952,35.695635788812694],[137.2642197041174,35.69556644525088],[137.2641080202608,35.695498935738904],[137.26407815885864,35.69547730712271],[137.26402498534446,35.69535929085118],[137.26401032924642,35.69511142153302],[137.2639836993306,35.69502130523758],[137.2639359033126,35.694779768747836],[137.2639164119126,35.69467845281685],[137.2638252862006,35.69456800769286],[137.26375441165322,35.694535640225496],[137.26373872756693,35.69453114665188],[137.26353557494272,35.69448896032098],[137.26339301917596,35.694463835589595],[137.26326258235486,35.69441348953221],[137.2631144048624,35.69431625988078],[137.26298059470335,35.69421451120492],[137.26285013525936,35.69415423617076],[137.26262511802898,35.69411720754506],[137.26234790535304,35.69408575082288],[137.26233185988713,35.694083474991544],[137.26208543115087,35.694051215815804],[137.26206428034624,35.69405038886226],[137.26189869465352,35.69404777957428],[137.26146085530237,35.693846038284924],[137.26137878743708,35.69379043972272],[137.26101199980235,35.69356536523523],[137.26091797379127,35.69352822583927],[137.26068370553494,35.69344666096954],[137.26053445945462,35.69337287860684],[137.26020061678247,35.6932217137329],[137.26000619682446,35.693262432740646],[137.2599531934532,35.69328772142243],[137.25990792744645,35.69331388295634],[137.25983617301202,35.69336893877953],[137.25977657728984,35.69343208236674],[137.25968056056365,35.693528598191286],[137.2596485520907,35.69355203890422],[137.25955243775172,35.693563840706695],[137.25944522526245,35.693533294466015],[137.25942532531246,35.69353126817],[137.25901325774225,35.693574199266735],[137.25871720108498,35.693633903270786],[137.25857359992378,35.69366647945477],[137.25851920178832,35.693653635706426],[137.25790073966024,35.692706138537694],[137.25713788906344,35.692278582338034],[137.25538963486804,35.69197979425166],[137.25539229772144,35.691369534494505],[137.25432365073533,35.69011563050129],[137.25343422109995,35.69008924861717],[137.25165007295826,35.68918557768243],[137.25001075679563,35.68943642454015],[137.2492139537198,35.68921885670967],[137.24875701170018,35.688555739100785],[137.2479453358019,35.68664897726626],[137.2477454906339,35.68571257938094]]]}},{"type":"Feature","properties":{"KEY_CODE":"21506014001","PREF":"21","CITY":"506","CITY_NAME":"白川町","S_NAME":"下佐見","SETAI":"145"},"geometry":{"type":"Polygon","coordinates":[[[137.19323580375095,35.66771131918407],[137.19340239281416,35.66678641405735],[137.19449624825864,35.66481491824228],[137.19538733010094,35.6641720379807],[137.1953195058384,35.66298590674131],[137.1956495636409,35.66252614157188],[137.19577021548923,35.66254174539664],[137.19631963847016,35.66261906852008],[137.19793921453385,35.662989801457705],[137.1983000531595,35.66294423509523],[137.1990290468272,35.66287105431907],[137.1996377514426,35.662757158934035],[137.1997814934179,35.66273321906012],[137.20033444604798,35.6626002140093],[137.201116217729,35.66245275125486],[137.20150640666387,35.6624502638479],[137.20230155883908,35.66270149601196],[137.2043439905186,35.66384541215842],[137.20464107290258,35.66411926144387],[137.20511597107975,35.664620937075725],[137.2055254490947,35.665045803418295],[137.20624059381467,35.66492557941068],[137.2066744101094,35.664796204912555],[137.208078991055,35.66441659800049],[137.2077142527845,35.66263774681495],[137.20775928692552,35.66180333992928],[137.20839822341947,35.66065390116748],[137.20723875830825,35.65938046315184],[137.20693149674108,35.65802180938736],[137.20506329414076,35.656043472511904],[137.2035228912743,35.65542140834923],[137.20214482941847,35.65375417015805],[137.20200189979263,35.652352384346706],[137.2016485603718,35.65201609054047],[137.20136800841735,35.651756357131326],[137.20109796190064,35.651354197850665],[137.2011138878002,35.65090287976917],[137.2011431307679,35.65071133288384],[137.20131597976092,35.650232438643954],[137.2014932259717,35.64976671058741],[137.20157822874148,35.649615850361045],[137.2019677291462,35.64827493388677],[137.20133804263048,35.64717734849673],[137.20109442422378,35.64682546199923],[137.20104567167076,35.646046113919546],[137.20172708406335,35.64484521574212],[137.20214774368094,35.644338716348045],[137.2025281572458,35.64406320060241],[137.20338457247502,35.64246264902042],[137.2043280737369,35.64173451872902],[137.20622315883077,35.64122733859],[137.20754544083536,35.64029790782953],[137.20920090155676,35.639927441304835],[137.20998799236037,35.639193332043256],[137.2099283592513,35.63876770358003],[137.21151176508832,35.63805024227325],[137.21289372544254,35.63644146126633],[137.21443153565863,35.63558145065124],[137.2160630750131,35.635206180505826],[137.2175844757195,35.63435412310677],[137.2183179664776,35.63370842536667],[137.22078268353204,35.63412572744837],[137.22130030840043,35.63393459137406],[137.2213716000247,35.63298812105903],[137.22323845444987,35.63171672706513],[137.22581042708748,35.63081536762824],[137.22809867435168,35.630691282919145],[137.23062919323365,35.630819553988225],[137.23090000666122,35.631453404507155],[137.23188839254237,35.6323990117515],[137.2325606466134,35.63224925431265],[137.23414820050118,35.63259756609439],[137.2355569211021,35.63261298611365],[137.23648087154737,35.632887814274746],[137.23831740724822,35.63304693620983],[137.23923992630597,35.6332962855184],[137.24200063597314,35.634711343360536],[137.24252105119783,35.63484063235244],[137.24478057781002,35.63485865736431],[137.24620654660282,35.63424798264091],[137.24692232095563,35.63355818123254],[137.24821648176396,35.63362035057937],[137.2499926907906,35.633282793724185],[137.25266938194108,35.63330773180195],[137.25400243415328,35.632664274657955],[137.2546872045782,35.631906064915086],[137.25697298914147,35.63162542515394],[137.25887859074552,35.63331633145374],[137.25978256563164,35.633361207389314],[137.26155436873344,35.63393119769948],[137.26276714116932,35.633600968226034],[137.26394224691103,35.633754926833625],[137.2657483312766,35.63366365756829],[137.26589862457226,35.63401232057487],[137.2660746934302,35.634566621369835],[137.26659820610234,35.63503729607353],[137.2674984591265,35.63590333874166],[137.26791040642385,35.63639233628707],[137.26809865829958,35.636491116772],[137.26824840802107,35.63641029173782],[137.2685424867478,35.635758004788435],[137.26872085136588,35.63561208873138],[137.2696707851621,35.635442107514756],[137.26974086812993,35.63539257921255],[137.27042086510946,35.63484150597838],[137.27100789573973,35.63511169174143],[137.27114072749777,35.635490322152975],[137.2713535119117,35.6360484496441],[137.27141102294107,35.636142091965205],[137.27141851528515,35.63614842258538],[137.27150359992865,35.63622010523533],[137.27164077415594,35.636274666361665],[137.2731539246031,35.63643341488903],[137.27345682886192,35.63643575519379],[137.2741371971959,35.6373175558912],[137.2742546878325,35.63812830561823],[137.27537674148712,35.639050055435746],[137.27577739822001,35.639402393685316],[137.2763260294253,35.63954506241542],[137.2769656445087,35.63975140883074],[137.27747891186667,35.64080124919871],[137.27764484353898,35.640884367405526],[137.27887101098722,35.6409652372982],[137.27976749498174,35.64128195664701],[137.2798720254442,35.64190006836762],[137.28013621564997,35.64266376210187],[137.28082498974842,35.64309611725522],[137.28023989902297,35.64661006533836],[137.27981829835315,35.648635867882454],[137.2795512992492,35.64925503527649],[137.2780264900498,35.649842035974956],[137.2743703244625,35.65081452685119],[137.27324723397774,35.65135476604256],[137.27312834281778,35.65407884350758],[137.27285198762476,35.65454976187787],[137.27096632157736,35.65535378206454],[137.26880758497668,35.655694716397],[137.26698608430397,35.65698777516972],[137.26666080610516,35.658031358550964],[137.26631643161653,35.659715585335505],[137.265183293895,35.66118248077037],[137.26512690486692,35.66185195805479],[137.26521596234448,35.66283506464752],[137.26372242577972,35.66416859344741],[137.26296855078675,35.664954435023645],[137.2624670959428,35.66642154429599],[137.26228524916456,35.66771298583233],[137.2621719903192,35.66871981195208],[137.2611775913919,35.67052380363484],[137.2602316672854,35.67425312510174],[137.25946173422318,35.67458723036922],[137.25921822252252,35.674089951603065],[137.25835130379488,35.67406727969574],[137.25823926070623,35.67461465710198],[137.25790713137476,35.68128093410962],[137.252900399336,35.68094268484966],[137.25126294926224,35.68215991777936],[137.25020563292193,35.68274327289429],[137.24789946562555,35.68357066668049],[137.24794190165417,35.68030882541896],[137.24839177237396,35.67950902147227],[137.2460532074631,35.67863179424827],[137.24581290172472,35.67808212844662],[137.24466050987385,35.67687778823828],[137.24498044265937,35.67535699438688],[137.2430807461917,35.674673195246754],[137.24180738827647,35.67505976048782],[137.24032718669628,35.67518599650691],[137.2379071135787,35.6767919135088],[137.23579229140302,35.67640645892152],[137.2319015205414,35.67657631470909],[137.23159597021095,35.67714614748051],[137.23021733487548,35.67864497651342],[137.2275442385016,35.67924127094567],[137.22514157461717,35.6795651634701],[137.22474880110664,35.68025490166974],[137.22347627914343,35.68052504037363],[137.2230070069976,35.680881301088284],[137.22174983807875,35.680992712217034],[137.22125521867306,35.68139222917586],[137.22002112163437,35.681230485172804],[137.21840764133205,35.68167079018843],[137.21840521543717,35.68167100184344],[137.21829023053996,35.68153584025566],[137.21820283866685,35.681359190959355],[137.2181264005137,35.681054583571836],[137.21808321297917,35.68090316141515],[137.2179945875775,35.6805453565998],[137.2179437476896,35.68050389809938],[137.21786088035446,35.68048319105329],[137.21772610397832,35.68047785583574],[137.217502951001,35.68047882025656],[137.2172653619998,35.68035451328123],[137.21720455666247,35.68029506573746],[137.2171548076346,35.68023920652582],[137.2171349172818,35.68022748846855],[137.21701116356604,35.680190564174374],[137.2166189826804,35.68017447879693],[137.21654607836643,35.68018351958948],[137.2164886350325,35.68018266002037],[137.21641349788476,35.68015923777185],[137.21638366771504,35.68014122115131],[137.21610731294405,35.6798763305569],[137.21605204992824,35.67983307737045],[137.21593932250278,35.67976192389243],[137.21576914354122,35.67967184740715],[137.2157481221591,35.67962227897318],[137.21572694168748,35.6794825371119],[137.2156938312104,35.67936808049597],[137.21560533697755,35.67918244804037],[137.21554106211892,35.67907257982326],[137.21536978653003,35.67879402197475],[137.21533661858297,35.678750760867985],[137.21524265560197,35.67864805000756],[137.21516308570733,35.6785885733033],[137.2150791050858,35.67855254760574],[137.2150304926921,35.678538163177485],[137.214913379917,35.67851475431502],[137.21462173521957,35.67849411811134],[137.21449138299357,35.67850050140633],[137.21440302077724,35.67851943955492],[137.2143047596772,35.67860422564753],[137.21427827452666,35.67864838813518],[137.21419548167586,35.67874214749553],[137.21414246521928,35.678758397294445],[137.2139193114003,35.67874136197688],[137.21384747384343,35.67869452209252],[137.2135834218047,35.678627008287485],[137.21340003536235,35.67861442952123],[137.2133823618922,35.67861623180103],[137.2133536417023,35.678622579427426],[137.21333155250585,35.678629769854616],[137.21332492635136,35.67863248275785],[137.21304996312648,35.678802043882186],[137.21296611885157,35.67885485380629],[137.2128900943017,35.6788579415684],[137.21277160389067,35.678828264118565],[137.21265007408135,35.67880309394924],[137.21258599538447,35.67879860835002],[137.21245675718941,35.67880674920386],[137.21214966471138,35.678829385553485],[137.21174638278194,35.67870240776786],[137.2115596639847,35.678649299750575],[137.21123484027643,35.67856468811199],[137.21085030038097,35.6783682991377],[137.21063809715554,35.67816375725253],[137.21028664401874,35.677879933368324],[137.20997396110027,35.677764646809315],[137.20941607099152,35.6777035191521],[137.20907404218696,35.67766190416798],[137.20905702919737,35.677659480614324],[137.20868803574177,35.67759738011232],[137.2080549904929,35.67746149001814],[137.20785920913593,35.67746683110957],[137.20721985732246,35.677462623897156],[137.20670168451693,35.677286128709795],[137.20659419673717,35.67728172340994],[137.20504034404894,35.67744252145857],[137.20410055753425,35.67573196448518],[137.20295223389348,35.6744153093307],[137.20245726165356,35.67418916912777],[137.201678963227,35.6727245805385],[137.20006830979906,35.672351782714934],[137.19980622696582,35.67163613626195],[137.197638800263,35.670983062058106],[137.19568029629232,35.670717614989854],[137.19518069149774,35.6697775642653],[137.19456636459947,35.6692675444232],[137.19452634381062,35.66857351909644],[137.19323580375095,35.66771131918407]],[[137.20736717469117,35.674828531755274],[137.20833032393838,35.67282908080977],[137.2092272683572,35.671656318340595],[137.20833032393838,35.672829080809755],[137.20736717469117,35.674828531755274]],[[137.21025025822127,35.66857396840968],[137.21182109671955,35.668897933161865],[137.21182109671955,35.66889793316185],[137.21025025822127,35.66857396840968]],[[137.22316837067663,35.64784691040548],[137.22468541166964,35.64931854573781],[137.22576316767575,35.65054440163114],[137.2246854116697,35.64931854573781],[137.22316837067663,35.64784691040548]],[[137.2259619275395,35.63663352302963],[137.22615211479808,35.63725566649397],[137.22596192753952,35.63663352302963],[137.2259619275395,35.63663352302963]],[[137.23476763538036,35.652380933374275],[137.2355421323242,35.65237183809781],[137.23599989272003,35.65212479166237],[137.23476763538036,35.652380933374275]],[[137.24232758761102,35.64625468256737],[137.24233388427265,35.64674501528392],[137.24262125638617,35.64648262759747],[137.24232758761102,35.64625468256737]]]}}]}