{"type":"FeatureCollection","features":[{"type":"Feature","geometry":{"type":"Polygon","coordinates":[[[135.77414897322623,34.65445995049215],[135.77355403649528,34.65466789227392],[135.77301255277567,34.65478451041735],[135.77193868447978,34.65500169497668],[135.77078109263846,34.654933880104686],[135.77001143521602,34.6545413897569],[135.76970223945412,34.653889869241304],[135.77075412064323,34.65324331012333],[135.7713375119778,34.65171137768411],[135.77048237774702,34.651684555620974],[135.77057282812976,34.65017522115557],[135.7710827473396,34.65020548041176],[135.77090711467605,34.64960591171156],[135.77090219678473,34.64940981894798],[135.77085328528688,34.64934436575127],[135.77074163460242,34.64928344296756],[135.77042844983097,34.64896435804338],[135.76886646320852,34.648957599898424],[135.76893523189784,34.6476393779429],[135.7701444932836,34.64699439452049],[135.77029149177116,34.6453219025658],[135.77020972269005,34.64309806271055],[135.77146243366,34.64315676885331],[135.77335114656316,34.6428081377692],[135.77326935439595,34.6432501578606],[135.7734164753219,34.64367316541221],[135.7743110942037,34.643577346882715],[135.77373107426715,34.645412705273195],[135.7736493120134,34.64581501676577],[135.77362042100498,34.64601132886368],[135.77278613989844,34.64632601915286],[135.77341486597356,34.64743551072173],[135.7730734734915,34.649446701976736],[135.7731793764424,34.65054550078955],[135.77360914271338,34.65052967712027],[135.77367387224294,34.650955771166466],[135.7737134568982,34.651154745099916],[135.77368998030215,34.65135839097248],[135.7743351299678,34.65225055227292],[135.77575421657872,34.65305750273125],[135.775339640084,34.654220141235776],[135.7751666035619,34.65464607885876],[135.77486997081473,34.65467736848294],[135.77414897322623,34.65445995049215]],[[135.77189191420499,34.65256845085752],[135.7718670732214,34.65267658826661],[135.7716292112805,34.65320227101021],[135.7724940135171,34.65312204488501],[135.77279936383147,34.65296301505387],[135.77237420046728,34.652753743968084],[135.77218843953423,34.652721139065],[135.77189191420499,34.65256845085752]]]},"properties":{"KEY_CODE":"292030010","PREF":"29","CITY":"203","CITY_NAME":"大和郡山市","S_NAME":"南郡山町","SETAI":"949"}},{"type":"Feature","geometry":{"type":"Polygon","coordinates":[[[135.7828425520557,34.64689525516097],[135.78283796403568,34.647885239778724],[135.78283660314014,34.648806910366424],[135.78123880119264,34.648791380027774],[135.7809580474186,34.64728052986733],[135.7805940895594,34.6452780551261],[135.78074191707253,34.64419497576913],[135.781029664247,34.64419217156938],[135.78141293597625,34.6441879576666],[135.78177198775268,34.64418430778903],[135.782192645222,34.644265923335084],[135.78220766257132,34.64485342538364],[135.78220868057008,34.644893751587425],[135.78220913164427,34.644911603543505],[135.78248210959424,34.645918706390084],[135.78249688321077,34.64619426297421],[135.78284055104618,34.64666352960721],[135.7828425520557,34.64689525516097]]]},"properties":{"KEY_CODE":"292030010","PREF":"29","CITY":"203","CITY_NAME":"大和郡山市","S_NAME":"南郡山町","SETAI":"0"}},{"type":"Feature","geometry":{"type":"Polygon","coordinates":[[[135.78484139180875,34.65836527752942],[135.78452921729502,34.658685335165224],[135.78453141643192,34.65889043747547],[135.7842865950349,34.65890648565988],[135.78430503878639,34.65781974994055],[135.78389671521015,34.65775310405723],[135.78388976671548,34.65797720694943],[135.78358716198588,34.657752556267546],[135.78365928049794,34.65651223338968],[135.7824212257342,34.65694361463876],[135.78088188175096,34.656801409215056],[135.7808314220411,34.65558157207779],[135.78207552581466,34.65512162239396],[135.78167160559755,34.652988777064344],[135.78146150003687,34.650139706488524],[135.78129532150334,34.649079829631646],[135.78123880119264,34.648791380027774],[135.78283660314014,34.648806910366424],[135.78292947349388,34.64888229809],[135.78333240758286,34.64924418946159],[135.78337780363984,34.65130229188307],[135.78329382281302,34.65155386677084],[135.78346418623588,34.652069308492955],[135.7854022145434,34.65209991252168],[135.78720542450856,34.652193210637996],[135.7880251025267,34.6520708128688],[135.78815258000012,34.65303735678341],[135.78879511834452,34.65306466547541],[135.78842994955932,34.65335365175814],[135.78825368460673,34.655746075612825],[135.78794559551568,34.65582484887198],[135.78743058265513,34.65594298748106],[135.7877330822425,34.656387657063554],[135.78731881805209,34.65674783386536],[135.78689440154773,34.656741883437896],[135.78680814463118,34.65760917799379],[135.78619755997136,34.65780729435335],[135.7868207939652,34.65827267064623],[135.78683450589935,34.65857278497775],[135.78595831238516,34.65821820034861],[135.78484554564494,34.65798565435653],[135.78484139180875,34.65836527752942]]]},"properties":{"KEY_CODE":"292030020","PREF":"29","CITY":"203","CITY_NAME":"大和郡山市","S_NAME":"北郡山町","SETAI":"1159"}},{"type":"Feature","geometry":{"type":"Polygon","coordinates":[[[135.77803146028776,34.65431901869502],[135.77794985667475,34.65629224294695],[135.7763754103689,34.65606310414877],[135.77754346708628,34.65798765438124],[135.77690839783335,34.658440783728196],[135.7764326677808,34.657634732458966],[135.77569678354905,34.65746631900173],[135.77540875714496,34.6566532827872],[135.7755073430577,34.656300175462555],[135.7737591828048,34.65623398477943],[135.77343285365396,34.655881358036275],[135.7749673753314,34.65542131349833],[135.7751666035619,34.65464607885876],[135.775339640084,34.654220141235776],[135.77565747167358,34.65428467742032],[135.77642849557432,34.65416297593415],[135.7773373109167,34.65432353131861],[135.77803146028776,34.65431901869502]]]},"properties":{"KEY_CODE":"292030020","PREF":"29","CITY":"203","CITY_NAME":"大和郡山市","S_NAME":"北郡山町","SETAI":"0"}},{"type":"Feature","properties":{"KEY_CODE":"29203003001","PREF":"29","CITY":"203","CITY_NAME":"大和郡山市","S_NAME":"九条町","SETAI":"2192"},"geometry":{"type":"Polygon","coordinates":[[[135.76653415648764,34.65902809460728],[135.76729312279485,34.658638361933704],[135.76744466750696,34.65857892411254],[135.7675621079494,34.65852294332114],[135.76809764246826,34.658432118388326],[135.76832180342217,34.65676262461058],[135.76895580784372,34.656751642949885],[135.77069280861247,34.65632841742256],[135.77102207271912,34.656295650540144],[135.7717556635951,34.65616834794741],[135.77343285365396,34.655881358036275],[135.7737591828048,34.65623398477943],[135.7755073430577,34.656300175462555],[135.77540875714496,34.6566532827872],[135.77569678354905,34.65746631900173],[135.7764326677808,34.657634732458966],[135.77690839783335,34.658440783728196],[135.77754346708628,34.65798765438124],[135.77775252848264,34.65802930698518],[135.77901314958308,34.658306138023555],[135.77947604555072,34.65829447797058],[135.78003223835282,34.658460194911065],[135.78053172626156,34.65960183943011],[135.7814043773554,34.65957328847679],[135.78157286227636,34.65957751572211],[135.78221747132247,34.65968581144496],[135.78222398405575,34.659845417411695],[135.78230518337773,34.66003871898818],[135.7830531474776,34.66005127002085],[135.7830530730888,34.660050938087316],[135.78267551204567,34.65813958326974],[135.7824212257342,34.65694361463876],[135.78365928049794,34.65651223338968],[135.78358716198588,34.657752556267546],[135.78359293072884,34.65798471094558],[135.78388976671548,34.65797720694943],[135.78389671521015,34.65775310405723],[135.78430503878639,34.65781974994055],[135.7842865950349,34.65890648565988],[135.78453141643192,34.65889043747547],[135.7850030525438,34.65892634143622],[135.78452921729502,34.658685335165224],[135.78484139180875,34.65836527752942],[135.78569102684784,34.65821097113712],[135.78595831238516,34.65821820034861],[135.78683450589935,34.65857278497775],[135.7868207939652,34.65827267064623],[135.78619755997136,34.65780729435335],[135.7868021436306,34.657823140151244],[135.7876120426062,34.65785598534806],[135.7885855244774,34.65800189079338],[135.78848413251077,34.661335698264935],[135.78686534271213,34.66144304423823],[135.78329521565368,34.661333937065365],[135.78303521910104,34.66147067849862],[135.77883837296378,34.66153203875909],[135.77721014116054,34.661544579369234],[135.7756465938484,34.66177780879418],[135.77251505317588,34.661284489251834],[135.77069651049032,34.6613809614917],[135.7703549822308,34.66106816344091],[135.76930209589236,34.66022437023559],[135.76822657774724,34.65999568089886],[135.76810423519595,34.65975132966742],[135.7667546861951,34.65947111317112],[135.76653415648764,34.65902809460728]],[[135.7856924828922,34.65890698517066],[135.78595814121476,34.658892800242015],[135.78569259921179,34.65866159907185],[135.7856924828922,34.65890698517066]]]}},{"type":"Feature","geometry":{"type":"Polygon","coordinates":[[[135.79424790643225,34.661424135235805],[135.7885196788764,34.661595513939616],[135.78848413251077,34.661335698264935],[135.7885855244774,34.65800189079338],[135.78866364642016,34.65687285478666],[135.78874717795958,34.655844686867184],[135.78894802243994,34.65541074778024],[135.78912943783723,34.6556330629741],[135.7949063967613,34.655567789058594],[135.79511185218104,34.65675562681811],[135.79517128867445,34.65753358264291],[135.79516911743508,34.657558653826946],[135.79516205026567,34.65767587837175],[135.79509488985443,34.65810395683948],[135.7944832518419,34.658125189869246],[135.79460765517877,34.65967181594041],[135.79424790643225,34.661424135235805]]]},"properties":{"KEY_CODE":"292030040","PREF":"29","CITY":"203","CITY_NAME":"大和郡山市","S_NAME":"東奈良口町","SETAI":"37"}},{"type":"Feature","geometry":{"type":"Polygon","coordinates":[[[135.78830718528266,34.655883791926826],[135.78874717795958,34.6558446868672],[135.78866364642016,34.65687285478666],[135.7885855244774,34.65800189079338],[135.7876120426062,34.65785598534806],[135.7868021436306,34.657823140151244],[135.78680814463118,34.65760917799379],[135.78689440154773,34.656741883437896],[135.78731881805209,34.65674783386536],[135.7877330822425,34.656387657063554],[135.78743058265513,34.65594298748106],[135.78794559551568,34.65582484887198],[135.78825368460673,34.655746075612825],[135.78830718528266,34.655883791926826]]]},"properties":{"KEY_CODE":"292030050","PREF":"29","CITY":"203","CITY_NAME":"大和郡山市","S_NAME":"西奈良口町","SETAI":"54"}},{"type":"Feature","geometry":{"type":"Polygon","coordinates":[[[135.7949063967613,34.655567789058594],[135.78912943783723,34.6556330629741],[135.78894802243994,34.65541074778024],[135.78912373680183,34.653079317594596],[135.78928859642332,34.653079601098824],[135.79285878478407,34.65312963517696],[135.79474991731686,34.65270938357274],[135.7949063967613,34.655567789058594]]]},"properties":{"KEY_CODE":"292030060","PREF":"29","CITY":"203","CITY_NAME":"大和郡山市","S_NAME":"観音寺町","SETAI":"48"}},{"type":"Feature","geometry":{"type":"Polygon","coordinates":[[[135.78912373680183,34.653079317594596],[135.78894802243994,34.65541074778024],[135.78874717795958,34.655844686867184],[135.78830718528266,34.655883791926826],[135.78825368460673,34.655746075612825],[135.78842994955932,34.65335365175814],[135.78879511834452,34.65306466547541],[135.78912373680183,34.653079317594596]]]},"properties":{"KEY_CODE":"292030070","PREF":"29","CITY":"203","CITY_NAME":"大和郡山市","S_NAME":"西観音寺町","SETAI":"31"}},{"type":"Feature","geometry":{"type":"Polygon","coordinates":[[[135.79476954220692,34.652700964671766],[135.79474991731686,34.65270938357274],[135.79285878478407,34.65312963517696],[135.78928859642332,34.653079601098824],[135.78913951046266,34.65194666247429],[135.78902985263105,34.6514235887853],[135.78891149441242,34.65086993359686],[135.7890522842533,34.650754807997096],[135.7902877381771,34.65076819932783],[135.79129278589625,34.65075977441237],[135.79105977852464,34.649983080040634],[135.79285403731967,34.64979864165171],[135.79336888472753,34.64916238945685],[135.79335328662393,34.649859633521906],[135.79434557221734,34.64987989869324],[135.79431041128592,34.648907613773574],[135.79491354982844,34.64898848671304],[135.79484727960244,34.649980612860816],[135.79476954220692,34.652700964671766]]]},"properties":{"KEY_CODE":"292030080","PREF":"29","CITY":"203","CITY_NAME":"大和郡山市","S_NAME":"野垣内町","SETAI":"295"}},{"type":"Feature","geometry":{"type":"Polygon","coordinates":[[[135.79105977852464,34.649983080040634],[135.79129278589625,34.65075977441237],[135.7902877381771,34.65076819932783],[135.7883496806525,34.650464120995395],[135.78825578882137,34.65052805152762],[135.78772643560671,34.65022258831784],[135.78772364475395,34.65017919749626],[135.7876940527981,34.649604140458266],[135.78876404293058,34.64957401615957],[135.78906846392127,34.64919702726499],[135.7897670335788,34.64918837029119],[135.79021911707352,34.649848949970284],[135.7902894419362,34.64953705720966],[135.79105977852464,34.649983080040634]]]},"properties":{"KEY_CODE":"292030090","PREF":"29","CITY":"203","CITY_NAME":"大和郡山市","S_NAME":"西野垣内町","SETAI":"495"}},{"type":"Feature","geometry":{"type":"Polygon","coordinates":[[[135.78913951046266,34.65194666247429],[135.78928859642332,34.653079601098824],[135.78912373680183,34.653079317594596],[135.78879511834452,34.65306466547541],[135.78815258000012,34.65303735678341],[135.7880251025267,34.6520708128688],[135.78913951046266,34.65194666247429]]]},"properties":{"KEY_CODE":"292030100","PREF":"29","CITY":"203","CITY_NAME":"大和郡山市","S_NAME":"北鍛冶町","SETAI":"20"}},{"type":"Feature","geometry":{"type":"Polygon","coordinates":[[[135.78913951046266,34.65194666247429],[135.7880251025267,34.6520708128688],[135.78720542450856,34.652193210637996],[135.78715991685476,34.6515933339975],[135.78715931114084,34.65152149305311],[135.78902985263105,34.6514235887853],[135.78913951046266,34.65194666247429]]]},"properties":{"KEY_CODE":"292030110","PREF":"29","CITY":"203","CITY_NAME":"大和郡山市","S_NAME":"中鍛冶町","SETAI":"26"}},{"type":"Feature","geometry":{"type":"Polygon","coordinates":[[[135.78902985263105,34.6514235887853],[135.78715931114084,34.65152149305311],[135.7871614205776,34.651345135473335],[135.78891149441242,34.65086993359686],[135.78902985263105,34.6514235887853]]]},"properties":{"KEY_CODE":"292030120","PREF":"29","CITY":"203","CITY_NAME":"大和郡山市","S_NAME":"南鍛冶町","SETAI":"27"}},{"type":"Feature","geometry":{"type":"Polygon","coordinates":[[[135.7854022145434,34.65209991252168],[135.78346418623588,34.652069308492955],[135.78329382281302,34.65155386677084],[135.78540727866633,34.651585487028754],[135.7854022145434,34.65209991252168]]]},"properties":{"KEY_CODE":"292030130","PREF":"29","CITY":"203","CITY_NAME":"大和郡山市","S_NAME":"塩町","SETAI":"45"}},{"type":"Feature","geometry":{"type":"Polygon","coordinates":[[[135.7871701618049,34.651124417924954],[135.7868599866112,34.651595770578],[135.78540727866633,34.651585487028754],[135.78329382281302,34.65155386677084],[135.78337780363984,34.65130229188307],[135.78405614351178,34.65088245117774],[135.78518251083253,34.6509834640557],[135.78565343588258,34.651032801520074],[135.786382715119,34.65109374714544],[135.78692136291878,34.651095812528105],[135.7871701618049,34.651124417924954]]]},"properties":{"KEY_CODE":"292030140","PREF":"29","CITY":"203","CITY_NAME":"大和郡山市","S_NAME":"本町","SETAI":"47"}},{"type":"Feature","properties":{"KEY_CODE":"29203015001","PREF":"29","CITY":"203","CITY_NAME":"大和郡山市","S_NAME":"茶町","SETAI":"55"},"geometry":{"type":"Polygon","coordinates":[[[135.78685575329624,34.65029224445036],[135.78690165100798,34.650248449730434],[135.7869142054551,34.649944801968886],[135.78721383349625,34.64976487805015],[135.78721512248137,34.649525129259494],[135.78722376664555,34.649342584996376],[135.78763657927112,34.649328935211415],[135.78856514257401,34.649251376971684],[135.7876940527981,34.64960414045825],[135.78751804772335,34.65018197002892],[135.78772364475395,34.65017919749626],[135.78772643560671,34.65022258831784],[135.78825578882137,34.65052805152762],[135.7883496806525,34.650464120995395],[135.7890522842533,34.650754807997096],[135.78891149441242,34.65086993359686],[135.7871614205776,34.651345135473335],[135.7871701618049,34.651124417924954],[135.78692136291878,34.651095812528105],[135.78685575329624,34.65029224445036]]]}},{"type":"Feature","geometry":{"type":"Polygon","coordinates":[[[135.78692136291878,34.651095812528105],[135.786382715119,34.65109374714544],[135.78638257517792,34.649540441429906],[135.78721512248137,34.649525129259494],[135.78721383349625,34.64976487805015],[135.7869142054551,34.649944801968886],[135.78690165100798,34.650248449730434],[135.78685575329624,34.65029224445036],[135.78692136291878,34.651095812528105]]]},"properties":{"KEY_CODE":"292030160","PREF":"29","CITY":"203","CITY_NAME":"大和郡山市","S_NAME":"雑穀町","SETAI":"45"}},{"type":"Feature","geometry":{"type":"Polygon","coordinates":[[[135.78720542450856,34.652193210637996],[135.7854022145434,34.65209991252168],[135.78540727866633,34.651585487028754],[135.7868599866112,34.651595770578],[135.78715991685476,34.6515933339975],[135.78720542450856,34.652193210637996]]]},"properties":{"KEY_CODE":"292030170","PREF":"29","CITY":"203","CITY_NAME":"大和郡山市","S_NAME":"魚町","SETAI":"27"}},{"type":"Feature","geometry":{"type":"Polygon","coordinates":[[[135.78638257517792,34.649540441429906],[135.786382715119,34.65109374714544],[135.78565343588258,34.651032801520074],[135.78586476767674,34.64953362062066],[135.78638257517792,34.649540441429906]]]},"properties":{"KEY_CODE":"292030180","PREF":"29","CITY":"203","CITY_NAME":"大和郡山市","S_NAME":"奈良町","SETAI":"39"}},{"type":"Feature","geometry":{"type":"Polygon","coordinates":[[[135.78565343588258,34.651032801520074],[135.78518251083253,34.6509834640557],[135.7850511500582,34.649848903970316],[135.78515673507022,34.64977494655219],[135.78586476767674,34.64953362062066],[135.78565343588258,34.651032801520074]]]},"properties":{"KEY_CODE":"292030190","PREF":"29","CITY":"203","CITY_NAME":"大和郡山市","S_NAME":"藺町","SETAI":"24"}},{"type":"Feature","geometry":{"type":"Polygon","coordinates":[[[135.78518251083253,34.6509834640557],[135.78405614351178,34.65088245117774],[135.78427632319585,34.65000664245634],[135.78456839841033,34.6500092965465],[135.78458011028303,34.64969617555838],[135.78479135291022,34.649703027924986],[135.78487693412018,34.64983601253406],[135.78505258247958,34.6498327148414],[135.7850511500582,34.649848903970316],[135.78518251083253,34.6509834640557]]]},"properties":{"KEY_CODE":"292030200","PREF":"29","CITY":"203","CITY_NAME":"大和郡山市","S_NAME":"新中町","SETAI":"28"}},{"type":"Feature","geometry":{"type":"Polygon","coordinates":[[[135.78458011028303,34.64969617555838],[135.78456839841033,34.6500092965465],[135.78427632319585,34.65000664245634],[135.78405614351178,34.65088245117774],[135.78337780363984,34.65130229188307],[135.78333240758286,34.64924418946159],[135.78292947349388,34.64888229809],[135.78375601102897,34.648602336729276],[135.7840860075188,34.648609241748304],[135.78420025065898,34.64861014869097],[135.78429237249193,34.64935337291077],[135.78423646163904,34.64970007623032],[135.78458011028303,34.64969617555838]]]},"properties":{"KEY_CODE":"292030210","PREF":"29","CITY":"203","CITY_NAME":"大和郡山市","S_NAME":"堺町","SETAI":"69"}},{"type":"Feature","geometry":{"type":"Polygon","coordinates":[[[135.78515673507022,34.64977494655219],[135.78505258247958,34.6498327148414],[135.78487693412018,34.64983601253406],[135.78479135291022,34.649703027924986],[135.78458011028306,34.6496961755584],[135.78423646163904,34.64970007623032],[135.78429237249193,34.64935337291077],[135.78432113517258,34.649120148597255],[135.78686238842894,34.649170102292395],[135.78722376664555,34.649342584996376],[135.78721512248137,34.649525129259494],[135.78638257517792,34.649540441429906],[135.78586476767674,34.64953362062066],[135.78515673507022,34.64977494655219]]]},"properties":{"KEY_CODE":"292030220","PREF":"29","CITY":"203","CITY_NAME":"大和郡山市","S_NAME":"綿町","SETAI":"40"}},{"type":"Feature","geometry":{"type":"Polygon","coordinates":[[[135.78686238842894,34.649170102292395],[135.78432113517258,34.649120148597255],[135.78429237249193,34.64935337291077],[135.78420025065898,34.64861014869097],[135.7865582835771,34.64861344205322],[135.78686238842894,34.649170102292395]]]},"properties":{"KEY_CODE":"292030230","PREF":"29","CITY":"203","CITY_NAME":"大和郡山市","S_NAME":"今井町","SETAI":"47"}},{"type":"Feature","geometry":{"type":"Polygon","coordinates":[[[135.78731083513443,34.646535324388395],[135.7875622959723,34.647317976707754],[135.78763657927112,34.649328935211415],[135.78722376664555,34.649342584996376],[135.78686238842894,34.649170102292395],[135.7865582835771,34.64861344205322],[135.78653314522992,34.64817657966641],[135.78651327656806,34.64788692907095],[135.78651739247425,34.64773508565979],[135.7865016642177,34.64721696064904],[135.78676496162376,34.64697541688688],[135.78679492390225,34.646161717321256],[135.78722984743385,34.646528843970415],[135.78731083513443,34.646535324388395]]]},"properties":{"KEY_CODE":"292030240","PREF":"29","CITY":"203","CITY_NAME":"大和郡山市","S_NAME":"材木町","SETAI":"194"}},{"type":"Feature","properties":{"KEY_CODE":"29203025001","PREF":"29","CITY":"203","CITY_NAME":"大和郡山市","S_NAME":"高田町","SETAI":"1072"},"geometry":{"type":"Polygon","coordinates":[[[135.7875622959723,34.647317976707754],[135.78834357200856,34.64719466887172],[135.78919260762459,34.64754378719655],[135.78981717468585,34.64698507035531],[135.78972761084364,34.64681137256495],[135.78956515525053,34.645292726288304],[135.7907984005232,34.645318510249744],[135.79081701580307,34.64644587068055],[135.7932761351804,34.64652447281814],[135.7942813367625,34.64644287139534],[135.7948690325763,34.646422314006024],[135.79493493122823,34.64692305214655],[135.79495270217612,34.647984060498764],[135.79491354982844,34.64898848671304],[135.79431041128592,34.648907613773574],[135.79434557221734,34.64987989869324],[135.79335328662393,34.649859633521906],[135.79336888472753,34.64916238945685],[135.79285403731967,34.64979864165171],[135.79105977852464,34.649983080040634],[135.7902894419362,34.64953705720966],[135.79021911707352,34.649848949970284],[135.7897670335788,34.64918837029119],[135.78906846392127,34.64919702726499],[135.78876404293058,34.64957401615957],[135.78856514257401,34.649251376971684],[135.78763657927112,34.649328935211415],[135.7875622959723,34.647317976707754]],[[135.79495270217612,34.647984060498764],[135.79396707893216,34.647957892584564],[135.7938102581426,34.64694876909031],[135.79396707893216,34.64795789258459],[135.79495270217612,34.647984060498764]]]}},{"type":"Feature","properties":{"KEY_CODE":"29203026001","PREF":"29","CITY":"203","CITY_NAME":"大和郡山市","S_NAME":"高田口町","SETAI":"145"},"geometry":{"type":"Polygon","coordinates":[[[135.78590626498715,34.644948856362866],[135.7867828140084,34.64501237033428],[135.78708765836313,34.64488499817338],[135.78831489859095,34.64539874866218],[135.78830880288393,34.64498361354725],[135.78956515525053,34.645292726288304],[135.78972761084364,34.64681137256495],[135.78981717468585,34.64698507035531],[135.78919260762459,34.64754378719655],[135.78834357200856,34.64719466887172],[135.7875622959723,34.647317976707754],[135.78731083513443,34.646535324388395],[135.78746461656735,34.64638627646016],[135.78722984743385,34.646528843970415],[135.78679492390225,34.646161717321256],[135.78594868120766,34.646096407457904],[135.78590626498715,34.644948856362866]],[[135.788230948232,34.646795611382245],[135.788334266693,34.646955465303165],[135.78832114297106,34.64679401400704],[135.788230948232,34.646795611382245]]]}},{"type":"Feature","properties":{"KEY_CODE":"29203027001","PREF":"29","CITY":"203","CITY_NAME":"大和郡山市","S_NAME":"矢田町通","SETAI":"27"},"geometry":{"type":"MultiPolygon","coordinates":[[[[135.7838542130224,34.64713637919969],[135.7839539206801,34.64707260463125],[135.78388777139472,34.64698655930552],[135.78389022023003,34.6468969741097],[135.78412597962156,34.64672976440527],[135.78457101424414,34.646659131941455],[135.78509002504302,34.646662018794444],[135.78536433936486,34.64666250094607],[135.78539214521052,34.64696230822573],[135.78531977293864,34.64721122854466],[135.78531345083033,34.647283903227006],[135.78488121550242,34.646939152872896],[135.78444980453375,34.647056154380294],[135.7838542130224,34.64713637919969]]],[[[135.78583151462524,34.64742036878023],[135.78591941286612,34.646285677226466],[135.78594868120766,34.646096407457904],[135.78679492390225,34.646161717321256],[135.78676496162376,34.64697541688688],[135.7865016642177,34.64721696064904],[135.78651739247425,34.64773508565977],[135.7863862104684,34.64772555896079],[135.78642417470797,34.647542784641026],[135.78583151462524,34.64742036878023]]]]}},{"type":"Feature","geometry":{"type":"Polygon","coordinates":[[[135.78591941286612,34.646285677226466],[135.78583151462524,34.64742036878023],[135.78531977293864,34.64721122854466],[135.78539214521052,34.64696230822573],[135.78536433936486,34.64666250094607],[135.78580267366613,34.646277725094635],[135.78591941286612,34.646285677226466]]]},"properties":{"KEY_CODE":"292030280","PREF":"29","CITY":"203","CITY_NAME":"大和郡山市","S_NAME":"新紺屋町","SETAI":"6"}},{"type":"Feature","geometry":{"type":"Polygon","coordinates":[[[135.78583151462524,34.64742036878023],[135.78642417470797,34.647542784641026],[135.7863862104684,34.64772555896079],[135.78651739247425,34.64773508565977],[135.78651327656806,34.64788692907095],[135.78653314522992,34.64817657966641],[135.783818308439,34.648187444101936],[135.7837062774927,34.64789044396591],[135.78392823881126,34.64761347704713],[135.7853132000799,34.64738194407923],[135.78583151462524,34.64742036878023]]]},"properties":{"KEY_CODE":"292030290","PREF":"29","CITY":"203","CITY_NAME":"大和郡山市","S_NAME":"紺屋町","SETAI":"86"}},{"type":"Feature","geometry":{"type":"Polygon","coordinates":[[[135.7853132000799,34.64738194407923],[135.78392823881126,34.64761347704713],[135.7838542130224,34.64713637919969],[135.78444980453375,34.647056154380294],[135.78488121550242,34.646939152872896],[135.78531345083033,34.647283903227006],[135.7853132000799,34.64738194407923]]]},"properties":{"KEY_CODE":"292030300","PREF":"29","CITY":"203","CITY_NAME":"大和郡山市","S_NAME":"車町","SETAI":"12"}},{"type":"Feature","geometry":{"type":"Polygon","coordinates":[[[135.7865582835771,34.64861344205322],[135.78420025065898,34.64861014869097],[135.7840860075188,34.648609241748304],[135.78375601102897,34.648602336729276],[135.78385171220677,34.64847108950267],[135.78381999182295,34.64839409404952],[135.783818308439,34.648187444101936],[135.78653314522992,34.64817657966641],[135.7865582835771,34.64861344205322]]]},"properties":{"KEY_CODE":"292030310","PREF":"29","CITY":"203","CITY_NAME":"大和郡山市","S_NAME":"豆腐町","SETAI":"38"}},{"type":"Feature","geometry":{"type":"Polygon","coordinates":[[[135.78375601102897,34.648602336729276],[135.78292947349388,34.64888229809],[135.78283660314014,34.648806910366424],[135.78283796403568,34.647885239778724],[135.7837062774927,34.64789044396591],[135.783818308439,34.648187444101936],[135.78381999182295,34.64839409404952],[135.78385171220677,34.64847108950267],[135.78375601102897,34.648602336729276]]]},"properties":{"KEY_CODE":"29203032001","PREF":"29","CITY":"203","CITY_NAME":"大和郡山市","S_NAME":"柳一丁目","SETAI":"28"}},{"type":"Feature","geometry":{"type":"Polygon","coordinates":[[[135.78388777139472,34.64698655930552],[135.7839539206801,34.64707260463125],[135.7838542130224,34.64713637919969],[135.78392823881126,34.64761347704713],[135.7837062774927,34.64789044396591],[135.78283796403568,34.647885239778724],[135.7828425520557,34.64689525516097],[135.7837818575134,34.646895938021686],[135.78389022023003,34.6468969741097],[135.78388777139472,34.64698655930552]]]},"properties":{"KEY_CODE":"29203032002","PREF":"29","CITY":"203","CITY_NAME":"大和郡山市","S_NAME":"柳二丁目","SETAI":"23"}},{"type":"Feature","geometry":{"type":"Polygon","coordinates":[[[135.7828425520557,34.64689525516097],[135.78284055104618,34.64666352960721],[135.78249688321077,34.64619426297421],[135.7829272448485,34.64583244480767],[135.78291973374104,34.64557338232447],[135.78289878032112,34.645422504312805],[135.78371004698926,34.645650183871716],[135.7837818575134,34.646895938021686],[135.7828425520557,34.64689525516097]]]},"properties":{"KEY_CODE":"29203032003","PREF":"29","CITY":"203","CITY_NAME":"大和郡山市","S_NAME":"柳三丁目","SETAI":"89"}},{"type":"Feature","geometry":{"type":"Polygon","coordinates":[[[135.78371004698926,34.645650183871716],[135.78289878032112,34.645422504312805],[135.78284973594597,34.64518954383134],[135.782586204171,34.64484381724311],[135.78220766257132,34.64485342538364],[135.782192645222,34.644265923335084],[135.7829510525339,34.644007738047634],[135.78352466634422,34.64426969199316],[135.78369110114397,34.64534035657628],[135.78371004698926,34.645650183871716]]]},"properties":{"KEY_CODE":"29203032004","PREF":"29","CITY":"203","CITY_NAME":"大和郡山市","S_NAME":"柳四丁目","SETAI":"23"}},{"type":"Feature","geometry":{"type":"Polygon","coordinates":[[[135.7835783718858,34.643917291410474],[135.78352466634422,34.64426969199316],[135.7829510525339,34.644007738047634],[135.78275124061747,34.643623811378674],[135.7824467159595,34.64289365401726],[135.782247473238,34.642423881908904],[135.7822174816205,34.64242157449869],[135.78221913140658,34.6420072970842],[135.7824774428875,34.64198634721468],[135.78266161557124,34.641965123175034],[135.7831903819594,34.64197861962098],[135.78331269349204,34.64296613297577],[135.78348068610592,34.64299094066094],[135.7835783718858,34.643917291410474]]]},"properties":{"KEY_CODE":"29203032005","PREF":"29","CITY":"203","CITY_NAME":"大和郡山市","S_NAME":"柳五丁目","SETAI":"67"}},{"type":"Feature","geometry":{"type":"Polygon","coordinates":[[[135.78266161557124,34.641965123175034],[135.7824774428875,34.64198634721468],[135.78221913140658,34.6420072970842],[135.7818803869523,34.64160325777913],[135.78174391305677,34.64101054034866],[135.7812694513569,34.640996166438626],[135.7813806756272,34.63906737915651],[135.78249479301002,34.640058237288436],[135.78222233977817,34.64076953485504],[135.78236050151716,34.640859651673104],[135.78240498419055,34.640859731141255],[135.7824985039549,34.64148800891741],[135.78272016409412,34.64148118792264],[135.7831903819594,34.64197861962098],[135.78266161557124,34.641965123175034]]]},"properties":{"KEY_CODE":"29203032006","PREF":"29","CITY":"203","CITY_NAME":"大和郡山市","S_NAME":"柳六丁目","SETAI":"100"}},{"type":"Feature","geometry":{"type":"Polygon","coordinates":[[[135.7829272448485,34.64583244480767],[135.78249688321077,34.64619426297421],[135.78248210959424,34.645918706390084],[135.78220913164427,34.644911603543505],[135.78220868057008,34.644893751587425],[135.782586204171,34.64484381724311],[135.78284973594597,34.64518954383134],[135.78291973374104,34.64557338232447],[135.7829272448485,34.64583244480767]]]},"properties":{"KEY_CODE":"292030380","PREF":"29","CITY":"203","CITY_NAME":"大和郡山市","S_NAME":"大宮町","SETAI":"28"}},{"type":"Feature","geometry":{"type":"Polygon","coordinates":[[[135.78580267366613,34.646277725094635],[135.78536433936486,34.64666250094607],[135.78509002504302,34.646662018794444],[135.78457101438963,34.646659075265944],[135.78449931771553,34.64665772432812],[135.78450126649196,34.64646046310691],[135.7844984817799,34.646266644686136],[135.78454971422914,34.645320185490775],[135.78471380462963,34.64494985798506],[135.78590626498715,34.644948856362866],[135.78594868120766,34.646096407457904],[135.78591941286612,34.646285677226466],[135.78580267366613,34.646277725094635]]]},"properties":{"KEY_CODE":"292030390","PREF":"29","CITY":"203","CITY_NAME":"大和郡山市","S_NAME":"洞泉寺町","SETAI":"43"}},{"type":"Feature","geometry":{"type":"Polygon","coordinates":[[[135.78454971422914,34.645320185490775],[135.7844984817799,34.646266644686136],[135.78450126649196,34.64646046310691],[135.78449931771553,34.64665772432812],[135.78457101438963,34.646659075265944],[135.78457101424414,34.646659131941455],[135.78412597962156,34.64672976440527],[135.78389022023003,34.6468969741097],[135.7837818575134,34.646895938021686],[135.78371004698926,34.645650183871716],[135.78369110114397,34.64534035657628],[135.78454971422914,34.645320185490775]]]},"properties":{"KEY_CODE":"292030400","PREF":"29","CITY":"203","CITY_NAME":"大和郡山市","S_NAME":"北大工町","SETAI":"56"}},{"type":"Feature","geometry":{"type":"Polygon","coordinates":[[[135.78454971422914,34.645320185490775],[135.78369110114397,34.64534035657628],[135.78352466634422,34.64426969199316],[135.7835783718858,34.643917291410474],[135.7839467611657,34.643885546754014],[135.7845604217446,34.644044680851685],[135.78471380462963,34.64494985798506],[135.78454971422914,34.645320185490775]]]},"properties":{"KEY_CODE":"292030410","PREF":"29","CITY":"203","CITY_NAME":"大和郡山市","S_NAME":"南大工町","SETAI":"78"}},{"type":"Feature","properties":{"KEY_CODE":"29203042001","PREF":"29","CITY":"203","CITY_NAME":"大和郡山市","S_NAME":"柳町","SETAI":"773"},"geometry":{"type":"MultiPolygon","coordinates":[[[[135.76948164818015,34.655224992712334],[135.76966289605565,34.65467483515309],[135.77001143521602,34.6545413897569],[135.77078109263846,34.654933880104686],[135.77193868447978,34.65500169497668],[135.77301255277567,34.65478451041735],[135.77355403649528,34.65466789227392],[135.77414897322623,34.65445995049215],[135.77486997081473,34.65467736848294],[135.7751666035619,34.65464607885876],[135.7749673753314,34.65542131349833],[135.77343285365396,34.655881358036275],[135.7717556635951,34.65616834794741],[135.77102207271912,34.656295650540144],[135.77069280861247,34.65632841742256],[135.77056397032618,34.65521970911464],[135.76948557821285,34.65534559939429],[135.76948164818015,34.655224992712334]]],[[[135.7716292112805,34.65320227101021],[135.7718670732214,34.65267658826661],[135.77189191420499,34.65256845085752],[135.77218843953423,34.652721139065],[135.77237420046728,34.652753743968084],[135.77279936383147,34.65296301505387],[135.7724940135171,34.65312204488501],[135.7716292112805,34.65320227101021]]],[[[135.78188058379672,34.6420026059495],[135.78204613370298,34.64201515731],[135.78221913140658,34.6420072970842],[135.782202862533,34.64303965775013],[135.7819236155796,34.64303915845628],[135.78188058379672,34.6420026059495]]],[[[135.78348068610592,34.64299094066094],[135.78591194180424,34.6428366216386],[135.78758732719595,34.64311888060909],[135.7875938503544,34.64147980739676],[135.78870157437936,34.63932328472126],[135.7896784554767,34.64091869840766],[135.7911848767577,34.64116343023473],[135.79213314832944,34.641647224931845],[135.79322412896943,34.642367479724705],[135.79394134725953,34.642913409075426],[135.79448338255906,34.64363638521445],[135.79472410078182,34.64488481171782],[135.7948690325763,34.646422314006024],[135.7942813367625,34.64644287139534],[135.7932761351804,34.64652447281814],[135.79081701580307,34.64644587068055],[135.7907984005232,34.645318510249744],[135.78956515525053,34.645292726288304],[135.78830880288393,34.64498361354725],[135.78831489859095,34.64539874866218],[135.78708765836313,34.64488499817338],[135.7867828140084,34.64501237033428],[135.78590626498715,34.644948856362866],[135.78471380462963,34.64494985798506],[135.7845604217446,34.644044680851685],[135.7839467611657,34.643885546754014],[135.7835783718858,34.643917291410474],[135.78348068610592,34.64299094066094]]]]}},{"type":"Feature","properties":{"KEY_CODE":"29203043001","PREF":"29","CITY":"203","CITY_NAME":"大和郡山市","S_NAME":"東岡町","SETAI":"139"},"geometry":{"type":"Polygon","coordinates":[[[135.7805842153049,34.64337384040966],[135.78059869290047,34.643029299044755],[135.78186458946908,34.64245193334514],[135.7819236155796,34.64303915845628],[135.782202862533,34.64303965775013],[135.7822174816205,34.64242157449869],[135.782247473238,34.642423881908904],[135.7824467159595,34.64289365401726],[135.78275124061747,34.643623811378674],[135.7829510525339,34.644007738047634],[135.782192645222,34.644265923335084],[135.78177198775268,34.64418430778903],[135.78141293597625,34.6441879576666],[135.781029664247,34.64419217156938],[135.78074191707253,34.64419497576913],[135.7806849598903,34.643956352646285],[135.78081769741758,34.643775158964395],[135.78065540297624,34.643787404493544],[135.7805842153049,34.64337384040966]]]}},{"type":"Feature","properties":{"KEY_CODE":"29203044001","PREF":"29","CITY":"203","CITY_NAME":"大和郡山市","S_NAME":"新木町","SETAI":"97"},"geometry":{"type":"Polygon","coordinates":[[[135.7724467195687,34.63898575765201],[135.77247974024337,34.6379634570881],[135.77492524959382,34.63790405242582],[135.77775677231526,34.63796151549318],[135.77844118597295,34.63797628619312],[135.78091043515585,34.638026537230445],[135.7808899579557,34.63901691297848],[135.7813806756272,34.63906737915651],[135.7812694513569,34.640996166438626],[135.78100531449405,34.64169155853614],[135.7811091157444,34.641689632105674],[135.78188058379672,34.6420026059495],[135.78186458946908,34.64245193334514],[135.78059869290047,34.643029299044755],[135.7802086847016,34.64298244537501],[135.78012966751857,34.64298268803678],[135.77947520165395,34.6430271455587],[135.77945780516615,34.64232603506823],[135.77944777220586,34.64303104011497],[135.77914238870852,34.643012456589865],[135.7787652590982,34.64299063428304],[135.77848422062885,34.64299042153909],[135.7783986490617,34.64300920612772],[135.77839835438513,34.64300885233186],[135.77831913672821,34.64303533210075],[135.77720528749782,34.643013861474394],[135.77694306314015,34.642966192461536],[135.7774709800415,34.64341820475372],[135.77632955972925,34.6432921554779],[135.77565420604165,34.643171038009854],[135.77451753470228,34.642914399204834],[135.7743110942037,34.643577346882715],[135.7734164753219,34.64367316541221],[135.77326935439595,34.6432501578606],[135.77335114656316,34.6428081377692],[135.773326677333,34.64155918945915],[135.7724612334356,34.640207110063805],[135.7724467195687,34.63898575765201]]]}},{"type":"Feature","geometry":{"type":"Polygon","coordinates":[[[135.76948557821285,34.65534559939429],[135.77056397032618,34.65521970911464],[135.77069280861247,34.65632841742256],[135.76895580784372,34.656751642949885],[135.76894404240377,34.65649869220403],[135.7688301240545,34.65635678823304],[135.7677755065365,34.655748247557554],[135.76810682284375,34.654919869790405],[135.7686817203383,34.65439787368713],[135.76939769402387,34.65457336447855],[135.76946211134197,34.655406343566575],[135.76948557821285,34.65534559939429]]]},"properties":{"KEY_CODE":"292030450","PREF":"29","CITY":"203","CITY_NAME":"大和郡山市","S_NAME":"城の台町","SETAI":"108"}},{"type":"Feature","properties":{"KEY_CODE":"29203046001","PREF":"29","CITY":"203","CITY_NAME":"大和郡山市","S_NAME":"筒井町","SETAI":"1961"},"geometry":{"type":"Polygon","coordinates":[[[135.77467239318943,34.6249927367848],[135.7754937630047,34.62325910735421],[135.77595003598165,34.62297935085976],[135.775506986763,34.62211630900802],[135.77547484255916,34.62207046906192],[135.77549383004785,34.621669608315905],[135.77526515927636,34.620699483475526],[135.77526027774385,34.620351682784225],[135.7752479500083,34.61936674718236],[135.77810014290392,34.61938270026416],[135.78002230363128,34.61935295554215],[135.78043914030744,34.61726598768755],[135.78226406980124,34.61731773258753],[135.78302473637152,34.617344591213325],[135.78298507881826,34.618266323953044],[135.78302473637157,34.617344591213346],[135.78481682632778,34.617312989209665],[135.78726458245214,34.61732898315777],[135.78726574380136,34.61825670628541],[135.79152122020218,34.61794008687326],[135.79145574077674,34.619195058545934],[135.79248977612096,34.61927331464953],[135.79134056591474,34.61975690352466],[135.7910820349821,34.6221831030925],[135.79095853466862,34.62318738313083],[135.79047796196775,34.62558981702038],[135.79037434544068,34.62559414621245],[135.79012624367434,34.62559146484789],[135.78970582377005,34.62580935816648],[135.78946646309305,34.62607475182946],[135.78935429848434,34.62578753560302],[135.7894138931261,34.62463729724387],[135.78932225729505,34.62421342339334],[135.78922083824105,34.62421144463562],[135.78913686343716,34.625182697173436],[135.78913648452902,34.62523182130777],[135.78912954933568,34.62608539525143],[135.78896978255085,34.62613094166857],[135.78636448449504,34.626161894253464],[135.78580799871602,34.62615556293962],[135.78580159248804,34.62417488077429],[135.7847709892259,34.62418207786387],[135.78476402217817,34.62618499347979],[135.78479209627832,34.62743041155732],[135.7847723016307,34.628040170367676],[135.78385484002686,34.628012622812584],[135.78388307612317,34.62717242763399],[135.78244422633506,34.627182676722974],[135.78232817260945,34.63107902517962],[135.78112279530413,34.631077987226675],[135.77983654111222,34.63108284892293],[135.77989727197385,34.629612062313214],[135.7799302005594,34.62867073200542],[135.78000950777167,34.62774399651171],[135.77787275998384,34.62767178878721],[135.77746926899536,34.62774528503343],[135.77751893904482,34.62651986842523],[135.77799333311455,34.62651946980885],[135.77799347903823,34.62646439156335],[135.7779181164769,34.62533932273148],[135.77749597030947,34.62533488704748],[135.77678912459925,34.626480778126066],[135.77507733678905,34.62653100847239],[135.77512450849733,34.625178247321365],[135.77467239318943,34.6249927367848]],[[135.78245834976133,34.619755987917465],[135.78267223490346,34.62011880968989],[135.7827051328831,34.619759386996705],[135.78245834976133,34.619755987917465]]]}},{"type":"Feature","geometry":{"type":"Polygon","coordinates":[[[135.7897436174664,34.631114883610515],[135.78535660369144,34.631087650184874],[135.7844941900287,34.63111331185374],[135.78232817260945,34.63107902517962],[135.78244422633506,34.627182676722974],[135.78388307612317,34.62717242763399],[135.78385484002695,34.628012622812584],[135.78477230163074,34.628040170367676],[135.78479209627832,34.62743041155732],[135.78476402217817,34.62618499347979],[135.7847709892259,34.62418207786387],[135.78580159248804,34.62417488077429],[135.78580799871597,34.62615556293962],[135.78636448449504,34.626161894253464],[135.78896978255085,34.62613094166857],[135.78912954933568,34.62608539525143],[135.78913648452902,34.62523182130777],[135.78913686343716,34.625182697173436],[135.78922083824105,34.62421144463562],[135.78932225729505,34.62421342339334],[135.7894138931261,34.62463729724387],[135.78935429848434,34.62578753560302],[135.7894664630931,34.626074751829464],[135.790046370403,34.62563288105386],[135.79023243607915,34.62564799301319],[135.79029744268152,34.62655427556491],[135.7901716134174,34.628125099408805],[135.7897436174664,34.631114883610515]]]},"properties":{"KEY_CODE":"292030470","PREF":"29","CITY":"203","CITY_NAME":"大和郡山市","S_NAME":"丹後庄町","SETAI":"65"}},{"type":"Feature","geometry":{"type":"Polygon","coordinates":[[[135.78879375616313,34.63561338915044],[135.7883596728142,34.63594520389728],[135.7858755737279,34.63599214744048],[135.78587164348238,34.63367128117481],[135.78363354113145,34.63339658338067],[135.78314622004575,34.63326555762336],[135.78225414457947,34.63304421663833],[135.78083531927302,34.6330302582931],[135.78112279530413,34.631077987226675],[135.78232817260945,34.63107902517962],[135.7844941900287,34.63111331185374],[135.78535660369144,34.631087650184874],[135.7897436174664,34.631114883610515],[135.78923529497428,34.632965508202865],[135.78879375616313,34.63561338915044]]]},"properties":{"KEY_CODE":"292030480","PREF":"29","CITY":"203","CITY_NAME":"大和郡山市","S_NAME":"杉町","SETAI":"111"}},{"type":"Feature","geometry":{"type":"Polygon","coordinates":[[[135.78874902676588,34.63732437542079],[135.7880427016735,34.63800211012145],[135.78602612885382,34.63808423159006],[135.78091043515585,34.638026537230445],[135.77844118597295,34.63797628619312],[135.77847905241242,34.635898050665325],[135.7784868909321,34.634889060690824],[135.7805169978143,34.63491133500955],[135.78067262902573,34.634002061599666],[135.7822257196619,34.63404190099805],[135.78225414457947,34.63304421663833],[135.78314622004575,34.63326555762336],[135.78363354113145,34.63339658338067],[135.78587164348238,34.63367128117481],[135.7858755737279,34.63599214744048],[135.7883596728142,34.63594520389728],[135.78879375616313,34.63561338915044],[135.78874902676588,34.63732437542079]]]},"properties":{"KEY_CODE":"292030490","PREF":"29","CITY":"203","CITY_NAME":"大和郡山市","S_NAME":"本庄町","SETAI":"162"}},{"type":"Feature","properties":{"KEY_CODE":"29203050001","PREF":"29","CITY":"203","CITY_NAME":"大和郡山市","S_NAME":"天井町","SETAI":"158"},"geometry":{"type":"MultiPolygon","coordinates":[[[[135.7808899579557,34.63901691297848],[135.78091043515585,34.638026537230445],[135.78602612885382,34.63808423159006],[135.7880427016735,34.63800211012145],[135.78874902676588,34.63732437542079],[135.78870157437936,34.63932328472126],[135.7875938503544,34.64147980739676],[135.78758732719595,34.64311888060909],[135.78591194180424,34.6428366216386],[135.78348068610592,34.64299094066094],[135.78331269349204,34.64296613297577],[135.7831903819594,34.64197861962098],[135.78272016409412,34.64148118792264],[135.7824985039549,34.64148800891741],[135.78240498419055,34.640859731141255],[135.78236050151716,34.640859651673104],[135.78222233977817,34.64076953485504],[135.78249479301002,34.640058237288436],[135.7813806756272,34.63906737915651],[135.7808899579557,34.63901691297848]]],[[[135.78100531449405,34.64169155853614],[135.7812694513569,34.640996166438626],[135.78174391305677,34.64101054034866],[135.7818803869523,34.64160325777913],[135.78204613370298,34.64201515731],[135.78188058379672,34.6420026059495],[135.7811091157444,34.641689632105674],[135.78100531449405,34.64169155853614]]]]}},{"type":"Feature","properties":{"KEY_CODE":"29203051001","PREF":"29","CITY":"203","CITY_NAME":"大和郡山市","S_NAME":"矢田町","SETAI":"491"},"geometry":{"type":"Polygon","coordinates":[[[135.72555001551825,34.647490512943925],[135.72555907203605,34.646956800771214],[135.72557971448413,34.646606378300596],[135.72642408120007,34.64625386140941],[135.72778727529584,34.64597292883755],[135.72786077732275,34.64584814651306],[135.72777346955544,34.64572300575879],[135.72703508442922,34.644964072171646],[135.72679185738846,34.64482266413305],[135.72675797000917,34.64475412819625],[135.72688052788547,34.64465917857893],[135.72698525556618,34.64432148059131],[135.7271886387629,34.64383525101948],[135.72738880112655,34.643500160146004],[135.7280725662699,34.642879911826],[135.72812062518338,34.6423551594842],[135.72799655789197,34.641931305330466],[135.7280471318193,34.64147192051584],[135.72864891978466,34.640896560600076],[135.72916226141655,34.640685840057444],[135.72955294039423,34.6404592102423],[135.72980086740347,34.639680357032816],[135.72882087475932,34.63892132380361],[135.7293245082515,34.63753408295767],[135.7288582874328,34.63705326723833],[135.73010770919137,34.636260142163216],[135.7314024309043,34.63469275796089],[135.73275280876496,34.634486253550826],[135.73366013681186,34.635565012481635],[135.7369479821265,34.63533000834903],[135.7370945472015,34.634234393909715],[135.73795012135596,34.634434436680266],[135.73898719568646,34.634139300514875],[135.7390339536349,34.634429300123614],[135.740185542017,34.63416313597063],[135.74050362433093,34.633563588440715],[135.74288841441725,34.63324283239273],[135.74291319765703,34.63414483241618],[135.74235754955595,34.634555416003145],[135.74197130056274,34.63451839451466],[135.7412550090795,34.63535967651849],[135.74180806369887,34.6357337137426],[135.74116047370882,34.63596208805973],[135.74138177405354,34.63633514693316],[135.74156030448958,34.63682545339703],[135.74160046645795,34.637086984049525],[135.7419161576934,34.63723274603916],[135.74223215906505,34.637272011769916],[135.74289939679275,34.63732188099364],[135.74329733528208,34.637366249017106],[135.74405386785085,34.63788805796631],[135.7441585339211,34.638125353452345],[135.74505882421704,34.63853856944358],[135.7451340598763,34.63882905059531],[135.7450731777895,34.63946013833987],[135.7425881766204,34.64026614706805],[135.74161203325386,34.64127590895148],[135.7406083450683,34.64144900792373],[135.74036167227774,34.64151482824638],[135.74030714354774,34.64151147246346],[135.74016133352464,34.64140861141124],[135.74003143997982,34.64126465170494],[135.73977842162697,34.64133595101227],[135.73967302927386,34.640640135738494],[135.73956172520937,34.64075456080978],[135.73951027006888,34.64083206819511],[135.73918107027706,34.641027022653525],[135.73906587969415,34.64101973285959],[135.73880235688418,34.64101663102598],[135.73845714856802,34.64086417889182],[135.73816610273627,34.64114049151467],[135.73866685065892,34.64248767175375],[135.73931368927225,34.643763745657516],[135.7395620206963,34.64381132623483],[135.73963396942574,34.64381063573103],[135.73989011295504,34.64387429151041],[135.7413390448803,34.643781313144174],[135.74180154011938,34.64367453597157],[135.74211396327237,34.64356095673036],[135.74233787336092,34.643318157974456],[135.74251284036887,34.643224150361405],[135.74269733000142,34.64250345259718],[135.7433505055762,34.64268443710332],[135.74332460632488,34.64293329016797],[135.7433993761649,34.643028250649046],[135.74352525757953,34.64319825741724],[135.7440389564961,34.6439821265625],[135.7441144099021,34.644299654646076],[135.74449753745114,34.64431356167523],[135.74586058186082,34.64488607758141],[135.74627205236337,34.646631974955696],[135.74832424044013,34.64663130962441],[135.74858883852946,34.64730603824234],[135.74889961099495,34.6457534998394],[135.74931583876287,34.64484746863812],[135.74866972132423,34.64485839000393],[135.74803960905027,34.64432123575764],[135.74798894420368,34.64389487423114],[135.74778665687666,34.64280063706061],[135.74928112496144,34.64234563369847],[135.74960621258586,34.64282482262885],[135.7501315619853,34.643178065709336],[135.75045380971247,34.642113082546224],[135.7517211503056,34.64184930106456],[135.75225569959215,34.64165656083337],[135.7527940514826,34.641430299011994],[135.75277940677552,34.64169256109369],[135.75274336192763,34.64242991582128],[135.75273794062505,34.64288996946934],[135.75454031411795,34.64295447417003],[135.75496852687914,34.64293054542787],[135.75562351682967,34.64197313659038],[135.75567329471357,34.64092351036047],[135.75756680967734,34.64098857573753],[135.75867821790462,34.64101825506549],[135.76044106176533,34.641233884035216],[135.7610245651784,34.64125982447899],[135.76112272370818,34.641264525037336],[135.7613765762874,34.6431196500085],[135.76111841617856,34.643233244373555],[135.7608526701405,34.64325103407467],[135.7607711083749,34.64322800735843],[135.76043180008244,34.64309379246688],[135.7592606435409,34.64293982182626],[135.75869609458627,34.642921377115464],[135.75856820500914,34.6429129525715],[135.7582978220267,34.64283324992903],[135.75784090057672,34.64269880095175],[135.75760092445952,34.64269832286813],[135.75728979907132,34.64278320683462],[135.756551890626,34.64316035721421],[135.75645954134384,34.64321188957725],[135.75621898166563,34.643411859592064],[135.75416650783234,34.644937380577495],[135.75427760478163,34.64518087887546],[135.75390231046492,34.64528943155053],[135.7543994720551,34.64547173009842],[135.7547758095062,34.64640515841461],[135.75679269994362,34.64681504172761],[135.75823925994405,34.64688173843116],[135.7599329337107,34.6465377181692],[135.75969717332336,34.64822059403643],[135.7596586305369,34.6483467332062],[135.75977858277952,34.64878646948586],[135.75981998956885,34.64900545462821],[135.75969175865742,34.6491577587009],[135.7592971941454,34.649242906771036],[135.7577813307199,34.64946908409204],[135.75725777157487,34.649468040151724],[135.75629162488016,34.64909563343382],[135.7557121639854,34.648887397873786],[135.7555820058354,34.64935396473602],[135.75590149314309,34.65014500046302],[135.75589155613065,34.65044840356021],[135.75600550116798,34.65100490878529],[135.75600327295146,34.65254625183081],[135.75473346256422,34.654802754681214],[135.7536997836166,34.657312719956],[135.75192767174948,34.657913571901375],[135.74969924268856,34.65823215182209],[135.7488070503154,34.65779855941415],[135.74825732108627,34.658226499928446],[135.74724023621124,34.66032187661633],[135.74463928219862,34.66004722985564],[135.74259058395018,34.66086907013438],[135.74149159252661,34.66088701487602],[135.7412973966083,34.661363991534515],[135.7421015586442,34.661878597893875],[135.74060437190872,34.662944717252195],[135.7399221430192,34.664183019584186],[135.73619803604205,34.66449558975151],[135.73548969374312,34.6656771878341],[135.73477797258406,34.66565591334592],[135.7344440001074,34.66618287249185],[135.73296138876194,34.666616600511404],[135.73099576804455,34.666825127797445],[135.7296403575659,34.66653362989105],[135.72740344729408,34.66545649297868],[135.72679443242086,34.664949690483006],[135.72619265490843,34.6629681444134],[135.727593205734,34.66178095195777],[135.72742191815402,34.6607405634642],[135.72863750536936,34.660182365348675],[135.72932278637808,34.65913417497432],[135.72937274227164,34.65802371308031],[135.7284912621214,34.657874262756096],[135.7276261223469,34.65623900988326],[135.72777897870543,34.65536289575018],[135.72883075612273,34.65483136903424],[135.7284782652291,34.65335052395473],[135.72780182160417,34.65239804195213],[135.72843751360224,34.651400877988536],[135.72757175820914,34.65139753600267],[135.72773697481807,34.65091136260957],[135.72773510363515,34.6506478014705],[135.7276426555699,34.65056194974065],[135.72695578692316,34.65043870667332],[135.72678725604086,34.650267179602665],[135.72673362210566,34.649987726891965],[135.72658727697652,34.648867813851886],[135.725892459217,34.64826138488793],[135.72555001551825,34.647490512943925]],[[135.7390339536349,34.634429300123614],[135.73871293953403,34.634389591425126],[135.73918638345936,34.634522597982425],[135.7390339536349,34.634429300123614]]]}},{"type":"Feature","properties":{"KEY_CODE":"29203052001","PREF":"29","CITY":"203","CITY_NAME":"大和郡山市","S_NAME":"城町","SETAI":"612"},"geometry":{"type":"Polygon","coordinates":[[[135.7536997836166,34.657312719956],[135.75473346256422,34.654802754681214],[135.75600327295146,34.65254625183081],[135.75600550116798,34.65100490878529],[135.75589155613065,34.65044840356021],[135.75590149314309,34.65014500046302],[135.7555820058354,34.64935396473602],[135.75629162488016,34.64909563343382],[135.75725777157487,34.649468040151724],[135.7577813307199,34.64946908409204],[135.7592971941454,34.649242906771036],[135.75969175865742,34.6491577587009],[135.75981998956885,34.64900545462821],[135.75977858277952,34.64878646948586],[135.7596586305369,34.6483467332062],[135.75969717332336,34.64822059403643],[135.76045347186232,34.647920349931105],[135.7613394098001,34.64862359829533],[135.7635134731978,34.648861253898176],[135.76390113551273,34.649688883087535],[135.76810359514536,34.64978260301821],[135.76928065542202,34.64997218905774],[135.76928065542202,34.64997218905774],[135.76986688674387,34.650020628663086],[135.77015307621096,34.65008427642399],[135.7703874047411,34.65016360257931],[135.77057282812976,34.65017522115557],[135.77048237774702,34.651684555620974],[135.7713375119778,34.65171137768411],[135.77075412064323,34.65324331012333],[135.76970223945412,34.653889869241304],[135.77001143521602,34.6545413897569],[135.76966289605565,34.65467483515309],[135.76948164818015,34.655224992712334],[135.76948557821285,34.65534559939429],[135.76946211134197,34.655406343566575],[135.76939769402387,34.65457336447855],[135.7686817203383,34.65439787368713],[135.76810682284375,34.654919869790405],[135.7677755065365,34.655748247557554],[135.7688301240545,34.65635678823304],[135.76894404240377,34.65649869220403],[135.76895580784372,34.656751642949885],[135.76832180342217,34.65676262461058],[135.76809764246826,34.658432118388326],[135.7675621079494,34.65852294332114],[135.76744466750696,34.65857892411254],[135.76729312279485,34.658638361933704],[135.76653415648764,34.65902809460728],[135.7663597014597,34.65853078895224],[135.76472000788968,34.6574412861866],[135.76004345358396,34.6575185265304],[135.7600512022255,34.65732062670813],[135.7575673282981,34.657380922855104],[135.7566768434595,34.65771933418289],[135.7554239010384,34.65736874260189],[135.7536997836166,34.657312719956]],[[135.76731928029648,34.65450120594643],[135.7674216946618,34.65485948086823],[135.76812054869714,34.6543855329022],[135.76731928029648,34.65450120594643]]]}},{"type":"Feature","geometry":{"type":"Polygon","coordinates":[[[135.76810359514536,34.64978260301821],[135.76390113551273,34.649688883087535],[135.7635134731978,34.648861253898176],[135.7613394098001,34.64862359829533],[135.76045347186232,34.647920349931105],[135.7599329337107,34.6465377181692],[135.75823925994405,34.64688173843116],[135.7583061560617,34.64579734845005],[135.75934522956715,34.64648697248861],[135.75984560326708,34.64619468088679],[135.75999507065038,34.6460264315105],[135.76085898666503,34.64494367878947],[135.76099931139413,34.64406735248746],[135.7620618431755,34.643608953689466],[135.7613765762874,34.6431196500085],[135.76112272370818,34.641264525037336],[135.76126105995738,34.640168726204074],[135.76318266155226,34.64215121285558],[135.76382285375524,34.643717043605484],[135.763899126419,34.644262196127436],[135.7663737048391,34.644240068279686],[135.766350324891,34.6439295578498],[135.76798948438665,34.64394016156048],[135.76797757623962,34.64823975293162],[135.76810359514536,34.64978260301821]]]},"properties":{"KEY_CODE":"292030530","PREF":"29","CITY":"203","CITY_NAME":"大和郡山市","S_NAME":"外川町","SETAI":"106"}},{"type":"Feature","properties":{"KEY_CODE":"29203054001","PREF":"29","CITY":"203","CITY_NAME":"大和郡山市","S_NAME":"新町","SETAI":"1137"},"geometry":{"type":"MultiPolygon","coordinates":[[[[135.74405386785085,34.63788805796631],[135.7443472907004,34.637661176687196],[135.74440070641398,34.63741942466609],[135.74510465536832,34.63694181856551],[135.74742435086156,34.63689002765343],[135.74747137390878,34.63639850704178],[135.7475166946443,34.63565089160969],[135.74762390727085,34.63448898011658],[135.74778661778714,34.63237888326088],[135.74728914064315,34.632253889385],[135.74722447378272,34.631996535407545],[135.7478427824626,34.631743276643],[135.74794290582972,34.63181271485829],[135.74801635262878,34.631863653231996],[135.74889432373453,34.63281785653104],[135.7497170199866,34.63359120904905],[135.7498360899138,34.63379570843587],[135.750005445298,34.6344327651077],[135.75012613335605,34.63567727125958],[135.74928963364266,34.637210976438766],[135.74943027247377,34.63762695896781],[135.75027221603523,34.638406266720274],[135.7512994107696,34.63853782639298],[135.75178240815487,34.639519234591376],[135.7513991803763,34.639547678523584],[135.75147374829461,34.639629183850616],[135.7520690058541,34.640394873305034],[135.75219596844772,34.64080279676282],[135.75234821844515,34.640958621956464],[135.75279494682152,34.6411261736938],[135.7527940514826,34.641430299011994],[135.75225569959215,34.64165656083337],[135.7517211503056,34.64184930106456],[135.75045380971247,34.642113082546224],[135.7501315619853,34.643178065709336],[135.74960621258586,34.64282482262885],[135.75005791468425,34.641908718989384],[135.74905987553026,34.642203185393846],[135.749345511889,34.64128026282461],[135.74917555684814,34.64006354263033],[135.74798512790593,34.63983400694266],[135.74826092203105,34.63929731733156],[135.74792205196897,34.6389888623969],[135.74762372266352,34.6388850136728],[135.7471923390933,34.63914085380836],[135.7464677916912,34.63936839192926],[135.7457205461859,34.63959855516906],[135.7450731777895,34.63946013833987],[135.7451340598763,34.63882905059531],[135.74505882421704,34.63853856944358],[135.7441585339211,34.638125353452345],[135.74405386785085,34.63788805796631]]],[[[135.75273794062505,34.64288996946934],[135.75274336192763,34.64242991582128],[135.75277940677552,34.64169256109369],[135.7527940514826,34.64143029901202],[135.75279494682152,34.6411261736938],[135.7527634759359,34.641054128214485],[135.75401110846587,34.640107508292594],[135.7541361709607,34.63913086232794],[135.75548030396342,34.63920992093331],[135.75493493910722,34.63991325139659],[135.75692137106265,34.64000362722343],[135.75709840223237,34.63804064970464],[135.7580096903782,34.63803875811178],[135.75977573673515,34.63882736503169],[135.76012709154264,34.63888387401235],[135.7613511894352,34.63902606586917],[135.76126105995738,34.640168726204074],[135.76112272370818,34.641264525037336],[135.7610245651784,34.64125982447899],[135.76044106176533,34.641233884035216],[135.75867821790462,34.64101825506549],[135.75756680967734,34.64098857573753],[135.75567329471357,34.64092351036047],[135.75562351682967,34.64197313659038],[135.75496852687914,34.64293054542787],[135.75454031411795,34.64295447417003],[135.75273794062505,34.64288996946934]]],[[[135.75969717332336,34.64822059403643],[135.7599329337107,34.6465377181692],[135.76045347186232,34.647920349931105],[135.75969717332336,34.64822059403643]]]]}},{"type":"Feature","geometry":{"type":"Polygon","coordinates":[[[135.7288582874328,34.63705326723833],[135.72709399013038,34.63646306366399],[135.72604341451307,34.63500752541477],[135.72649500150652,34.633636629386366],[135.72719036425138,34.63276861235149],[135.7278708231013,34.632687303083124],[135.7296664217947,34.63156281476405],[135.73072401879153,34.63133371402224],[135.7311043839872,34.63144189440538],[135.731213238632,34.63151496255504],[135.73131808909332,34.631635071075586],[135.73139253610614,34.631784553469565],[135.7314520925914,34.631939919611675],[135.7315727890313,34.63212838278895],[135.73179292690617,34.63235636599423],[135.73201886058257,34.63247631736025],[135.73337150856128,34.63283863190491],[135.7335814397131,34.63284585231589],[135.73496276356332,34.63223962232364],[135.7354937700629,34.63167858402301],[135.7355538760753,34.631640399378256],[135.73597024173924,34.63146437730704],[135.73653702733674,34.631197399170034],[135.73667476223676,34.63076763659384],[135.73687907835674,34.63070271744732],[135.7370229597736,34.6307276796303],[135.7373133102202,34.63070464195676],[135.73748020860788,34.630691620803645],[135.73791858908373,34.63053690996064],[135.73800893207923,34.63029622483452],[135.73811937049734,34.62987358558351],[135.73788586046365,34.6296550228571],[135.7377422673661,34.62933847029778],[135.7380794114752,34.62911057320716],[135.7392568435678,34.628809117432844],[135.73973397256754,34.628651104158145],[135.74048952723027,34.62823040540091],[135.74092789295156,34.627985955307054],[135.74121835569957,34.62781936707778],[135.74163384775514,34.62837765298537],[135.74179598553727,34.628297281893765],[135.74201376881538,34.62816505015951],[135.74263587246034,34.62774757881817],[135.742793388651,34.62754098238759],[135.74292952110565,34.62736011902206],[135.74302278640656,34.62728763025544],[135.74337541439803,34.626655893858384],[135.74387020900042,34.62609165005343],[135.7439413172976,34.6260196774103],[135.74411066074947,34.625921005846884],[135.74486072377366,34.62583017712308],[135.7450927753426,34.62573149598378],[135.74533840415702,34.62565087354438],[135.74621674542044,34.6255848163284],[135.7469835792442,34.6256951639536],[135.74795898939453,34.624620848518944],[135.74806958533054,34.624413445154254],[135.7482683544847,34.62468600694313],[135.74874365727234,34.62556555911884],[135.74919218377514,34.626042466466835],[135.74882764729506,34.626169194317434],[135.74852597483135,34.626350849005796],[135.74812631128714,34.62650637985976],[135.74767003008253,34.62668869752865],[135.74759352559104,34.626742630484145],[135.74735607675004,34.62682313398897],[135.74744136982167,34.6272256191944],[135.74857704404045,34.628003712846144],[135.74907434522322,34.62797290391182],[135.7496432519873,34.62801027937242],[135.748905217959,34.62885549363826],[135.74827562225138,34.63024100621083],[135.74786837538065,34.631193252867305],[135.7478427824626,34.631743276643],[135.74722447378272,34.631996535407545],[135.7471452909686,34.63220978194967],[135.74578771999256,34.63175364726599],[135.74288841441725,34.63324283239273],[135.74050362433093,34.633563588440715],[135.740185542017,34.63416313597063],[135.7390339536349,34.634429300123614],[135.73898719568646,34.634139300514875],[135.73795012135596,34.634434436680266],[135.7370945472015,34.634234393909715],[135.7369479821265,34.63533000834903],[135.73366013681186,34.635565012481635],[135.73275280876496,34.634486253550826],[135.7314024309043,34.63469275796089],[135.73010770919137,34.636260142163216],[135.7288582874328,34.63705326723833]]]},"properties":{"KEY_CODE":"292030550","PREF":"29","CITY":"203","CITY_NAME":"大和郡山市","S_NAME":"山田町","SETAI":"143"}},{"type":"Feature","properties":{"KEY_CODE":"29203056001","PREF":"29","CITY":"203","CITY_NAME":"大和郡山市","S_NAME":"矢田山町","SETAI":"1135"},"geometry":{"type":"Polygon","coordinates":[[[135.73816610273627,34.64114049151467],[135.73845714856802,34.64086417889182],[135.73880235688418,34.64101663102598],[135.73906587969415,34.64101973285959],[135.73918107027706,34.641027022653525],[135.73951027006888,34.64083206819511],[135.73956172520937,34.64075456080978],[135.73967302927386,34.640640135738494],[135.73977842162697,34.64133595101227],[135.74003143997982,34.64126465170494],[135.74016133352464,34.64140861141124],[135.74030714354774,34.64151147246346],[135.74036167227774,34.64151482824638],[135.7406083450683,34.64144900792373],[135.74161203325386,34.64127590895148],[135.7425881766204,34.64026614706805],[135.7450731777895,34.63946013833987],[135.7457205461859,34.63959855516906],[135.7452540169813,34.6397445012175],[135.7464677916912,34.63936839192926],[135.7471923390933,34.63914085380836],[135.74762372266352,34.6388850136728],[135.74792205196897,34.6389888623969],[135.74826092203105,34.63929731733156],[135.74798512790593,34.63983400694266],[135.74917555684814,34.64006354263033],[135.749345511889,34.64128026282461],[135.74905987553026,34.642203185393846],[135.75005791468425,34.641908718989384],[135.74960621258586,34.64282482262885],[135.74928112496144,34.64234563369847],[135.74778665687666,34.64280063706061],[135.74798894420368,34.64389487423114],[135.74803960905027,34.64432123575764],[135.74810972263563,34.64475454099502],[135.74866972132423,34.64485839000393],[135.74931583876287,34.64484746863812],[135.74889961099495,34.6457534998394],[135.74858883852946,34.64730603824234],[135.74832424044013,34.64663130962441],[135.74627205236337,34.646631974955696],[135.74586058186082,34.64488607758141],[135.74449753745114,34.64431356167523],[135.7441144099021,34.644299654646076],[135.7440389564961,34.6439821265625],[135.74352525757953,34.64319825741724],[135.7433993761649,34.643028250649046],[135.74332460632488,34.64293329016797],[135.7433505055762,34.64268443710332],[135.74269733000142,34.64250345259718],[135.74251284036887,34.643224150361405],[135.74233787336092,34.643318157974456],[135.74211396327237,34.64356095673036],[135.74180154011938,34.64367453597157],[135.7413390448803,34.643781313144174],[135.73989011295504,34.64387429151041],[135.73963396942574,34.64381063573103],[135.7395620206963,34.64381132623483],[135.73931368927225,34.643763745657516],[135.73866685065892,34.64248767175375],[135.73816610273627,34.64114049151467]],[[135.74161203325386,34.64127590895148],[135.74179771490353,34.64208289500165],[135.74262438245157,34.641988437024054],[135.74179771490353,34.642082895001636],[135.74161203325386,34.64127590895148]],[[135.74487812808735,34.64153509398978],[135.74487812808735,34.6415350939898],[135.7455608637397,34.641459189678905],[135.74487812808735,34.64153509398978]],[[135.74487812808735,34.641535093989816],[135.7449020548372,34.64173798980912],[135.74499749486174,34.64196540582713],[135.74487812808735,34.641535093989816]],[[135.7455608637397,34.641459189678905],[135.7474813033361,34.64122484924675],[135.74756693794987,34.641646214290525],[135.7474813033361,34.64122484924672],[135.7455608637397,34.641459189678905]]]}},{"type":"Feature","geometry":{"type":"Polygon","coordinates":[[[135.75984560326708,34.64619468088679],[135.75934522956715,34.64648697248861],[135.7583061560617,34.64579734845005],[135.75823925994405,34.64688173843116],[135.75679269994362,34.64681504172761],[135.7547758095062,34.64640515841461],[135.7543994720551,34.64547173009842],[135.75427760478163,34.64518087887546],[135.75416650783234,34.644937380577495],[135.75621898166563,34.643411859592064],[135.75645954134384,34.64321188957725],[135.756551890626,34.64316035721421],[135.75728979907132,34.64278320683462],[135.75760092445952,34.64269832286813],[135.75784090057672,34.64269880095175],[135.7582978220267,34.64283324992903],[135.75856820500914,34.6429129525715],[135.75869609458627,34.642921377115464],[135.7592606435409,34.64293982182626],[135.76043180008244,34.64309379246688],[135.7607711083749,34.64322800735843],[135.7608526701405,34.64325103407467],[135.76111841617856,34.643233244373555],[135.7613765762874,34.6431196500085],[135.7620618431755,34.643608953689466],[135.76099931139413,34.64406735248746],[135.76085898666503,34.64494367878947],[135.75999507065038,34.6460264315105],[135.75984560326708,34.64619468088679]]]},"properties":{"KEY_CODE":"292030570","PREF":"29","CITY":"203","CITY_NAME":"大和郡山市","S_NAME":"千日町","SETAI":"551"}},{"type":"Feature","geometry":{"type":"Polygon","coordinates":[[[135.74440070641398,34.63741942466609],[135.7443472907004,34.637661176687196],[135.74405386785085,34.63788805796631],[135.74329733528208,34.637366249017106],[135.74289939679275,34.63732188099364],[135.74223215906505,34.637272011769916],[135.7419161576934,34.63723274603916],[135.74160046645795,34.637086984049525],[135.74156030448958,34.63682545339703],[135.74138177405354,34.63633514693316],[135.74116047370882,34.63596208805973],[135.74180806369887,34.6357337137426],[135.7412550090795,34.63535967651849],[135.74197130056274,34.63451839451466],[135.74235754955595,34.634555416003145],[135.74291319765703,34.63414483241618],[135.74288841441725,34.63324283239273],[135.74578771999256,34.63175364726599],[135.7471452909686,34.63220978194967],[135.74728914064315,34.632253889385],[135.74778661778714,34.63237888326088],[135.74762390727085,34.63448898011658],[135.7475166946443,34.63565089160969],[135.74747137390878,34.63639850704178],[135.74742435086156,34.63689002765343],[135.74510465536832,34.63694181856551],[135.74440070641398,34.63741942466609]]]},"properties":{"KEY_CODE":"292030580","PREF":"29","CITY":"203","CITY_NAME":"大和郡山市","S_NAME":"泉原町","SETAI":"817"}},{"type":"Feature","properties":{"KEY_CODE":"29203059001","PREF":"29","CITY":"203","CITY_NAME":"大和郡山市","S_NAME":"下三橋町","SETAI":"791"},"geometry":{"type":"Polygon","coordinates":[[[135.79394134725953,34.642913409075426],[135.7949244577149,34.64291168439471],[135.79622232664946,34.642929916282675],[135.79945862923628,34.64295007720535],[135.79935803378828,34.643296997050705],[135.7993539697033,34.64393214059592],[135.80010874027514,34.64402466133514],[135.80085046541188,34.644039399884434],[135.80078785498245,34.644994768296556],[135.80342946181858,34.64499723185374],[135.8044928577174,34.643983183518685],[135.80553395297946,34.64401217969955],[135.8063384884172,34.64405374802755],[135.80688683893246,34.64398883687852],[135.8069093082932,34.645270441852034],[135.80725016516323,34.646067422030754],[135.80716754130543,34.648976251991975],[135.80599284683265,34.64892564602213],[135.8054363457012,34.64955427229692],[135.8054769124902,34.65121849086465],[135.8055055251396,34.65313384893266],[135.80296522812532,34.653128910401506],[135.8006215197296,34.6531212848925],[135.79937553235328,34.65307472185012],[135.79911219422766,34.65301216622243],[135.7964979791647,34.652912886271785],[135.79530337741906,34.652540005528834],[135.7951006427391,34.65266799237368],[135.79476954220692,34.652700964671766],[135.79484727960244,34.649980612860816],[135.79491354982844,34.64898848671304],[135.79495086262688,34.64814407752828],[135.79495270217612,34.647984060498764],[135.79493493122823,34.64692305214655],[135.7948690325763,34.646422314006024],[135.79472410078182,34.64488481171782],[135.79448338255906,34.64363638521445],[135.79394134725953,34.642913409075426]],[[135.79641531022926,34.64690749655732],[135.7973039400167,34.646919819851156],[135.79731127656132,34.64590322807255],[135.7973039400167,34.64691981985113],[135.79641531022926,34.64690749655732]],[[135.797216655159,34.650266427803494],[135.79847637484914,34.65025513895528],[135.79845529877107,34.649568540600235],[135.79847637484912,34.650255138955266],[135.797216655159,34.650266427803494]]]}},{"type":"Feature","geometry":{"type":"Polygon","coordinates":[[[135.8092618093395,34.64833496538843],[135.80926413665387,34.6490115342098],[135.8082322505306,34.6489914583787],[135.80716754130543,34.648976251991975],[135.80725016516323,34.646067422030754],[135.8069093082932,34.645270441852034],[135.80688683893246,34.6439888368785],[135.81176481788611,34.643987605706506],[135.81354618574073,34.64408078211519],[135.81467071339446,34.643632021915515],[135.81619646790125,34.64317146077251],[135.81624642252362,34.64775479136898],[135.81542792364738,34.647600857382685],[135.8149456495824,34.647421510806154],[135.81439890839545,34.64715346118152],[135.81374871449356,34.646970472827135],[135.8127048858589,34.64711973498809],[135.81282461578613,34.64753715537734],[135.8123919286261,34.64764495363758],[135.81151679516688,34.64746738180134],[135.81116014053745,34.647235390934476],[135.81098275702547,34.64713622969342],[135.8108178527824,34.647058640183715],[135.81066970859771,34.64726026600618],[135.81047999160077,34.64749126785195],[135.81087742552012,34.64804632303074],[135.81070438517924,34.64815691323541],[135.81040918652698,34.648498610091266],[135.80998200518763,34.64829608720639],[135.8092618093395,34.64833496538843]]]},"properties":{"KEY_CODE":"292030600","PREF":"29","CITY":"203","CITY_NAME":"大和郡山市","S_NAME":"上三橋町","SETAI":"54"}},{"type":"Feature","properties":{"KEY_CODE":"29203061001","PREF":"29","CITY":"203","CITY_NAME":"大和郡山市","S_NAME":"稗田町","SETAI":"826"},"geometry":{"type":"Polygon","coordinates":[[[135.78870157437936,34.63932328472126],[135.78874902676588,34.63732437542079],[135.78879375616313,34.63561338915044],[135.78923529497428,34.632965508202865],[135.79081586804205,34.63302852251565],[135.79091493868572,34.634274202070046],[135.79285445462017,34.634257795021675],[135.79344599227844,34.633649708592294],[135.7933612086096,34.63422217227665],[135.79337709386346,34.63484988403141],[135.79220608812417,34.63523033481188],[135.79338895996526,34.6352231911983],[135.79448518237083,34.63520250763338],[135.79455613203916,34.636011602079265],[135.79459026478816,34.637330417141406],[135.79668071022266,34.63762917128486],[135.7997214245684,34.638871125499556],[135.79978917251609,34.64012801548437],[135.79977145211691,34.64107993554974],[135.79969928802922,34.64188132674268],[135.79945862923628,34.64295007720535],[135.79622232664946,34.642929916282675],[135.7949244577149,34.64291168439471],[135.79394134725953,34.642913409075426],[135.79322412896943,34.642367479724705],[135.79213314832944,34.641647224931845],[135.7911848767577,34.64116343023473],[135.7896784554767,34.64091869840766],[135.78870157437936,34.63932328472126]],[[135.79085738402495,34.63623604159573],[135.79085805626184,34.636617359663006],[135.79088988874648,34.63600649146226],[135.7909309748295,34.63568299940148],[135.79085738402495,34.63623604159573]]]}},{"type":"Feature","properties":{"KEY_CODE":"29203062001","PREF":"29","CITY":"203","CITY_NAME":"大和郡山市","S_NAME":"若槻町","SETAI":"441"},"geometry":{"type":"Polygon","coordinates":[[[135.79448518237083,34.63520250763338],[135.79455026407317,34.6341630501087],[135.7946392262326,34.631128590887556],[135.79892158811083,34.631237581711964],[135.79989818895092,34.631031557348614],[135.80063026797848,34.63155395029537],[135.80099841143402,34.631136612475665],[135.80107543196635,34.63166412883069],[135.80379157112287,34.63230791067709],[135.80327336987375,34.6360779723747],[135.8028752738128,34.639020515536735],[135.80223485057994,34.64349356073914],[135.80086431417007,34.64350597616251],[135.80010874027514,34.64402466133514],[135.7993539697033,34.64393214059592],[135.79935803378828,34.643296997050705],[135.79945862923628,34.64295007720535],[135.79969928802922,34.64188132674268],[135.79977145211691,34.64107993554974],[135.80054057635138,34.64111768144729],[135.79977145211691,34.64107993554971],[135.79978917251609,34.64012801548437],[135.7997214245684,34.638871125499556],[135.79668071022266,34.63762917128486],[135.79459026478816,34.637330417141406],[135.79455613203916,34.636011602079265],[135.79448518237083,34.63520250763338]],[[135.80082070498582,34.6410465817833],[135.8008614075747,34.639117674358495],[135.80143159732603,34.63914790498995],[135.8008614075747,34.63911767435849],[135.80082070498582,34.6410465817833]]]}},{"type":"Feature","geometry":{"type":"Polygon","coordinates":[[[135.80696824782015,34.63510502872736],[135.80694490014847,34.63599073687331],[135.80327336987375,34.6360779723747],[135.80379157112287,34.63230791067709],[135.8044875496549,34.63197814305694],[135.80457188985034,34.63194841548877],[135.80541457197793,34.631949764681075],[135.80722551062556,34.6317947376971],[135.80724756860897,34.63412520744536],[135.80696824782015,34.63510502872736]]]},"properties":{"KEY_CODE":"292030630","PREF":"29","CITY":"203","CITY_NAME":"大和郡山市","S_NAME":"大江町","SETAI":"32"}},{"type":"Feature","geometry":{"type":"Polygon","coordinates":[[[135.80928098928516,34.63504866500307],[135.80696824782015,34.63510502872736],[135.80724756860897,34.63412520744536],[135.80722551062556,34.6317947376971],[135.8082629549505,34.63198428583142],[135.8096783123414,34.63176253433998],[135.81216253507606,34.632258989647745],[135.8121556995217,34.63304499428421],[135.8084036179328,34.63298773302654],[135.80962180274744,34.63506272109158],[135.80928098928516,34.63504866500307]]]},"properties":{"KEY_CODE":"292030640","PREF":"29","CITY":"203","CITY_NAME":"大和郡山市","S_NAME":"番匠田中町","SETAI":"22"}},{"type":"Feature","geometry":{"type":"Polygon","coordinates":[[[135.81645747583408,34.63899893300915],[135.81195360802278,34.638979236407515],[135.81166391412006,34.63803416154984],[135.81163306896673,34.636261917852615],[135.80930042120994,34.63603867915712],[135.80928098928516,34.63504866500307],[135.80962180274744,34.63506272109158],[135.8084036179328,34.63298773302654],[135.8121556995217,34.63304499428421],[135.81216253507606,34.632258989647745],[135.81402226313713,34.63180150466925],[135.81646678738872,34.63213976484601],[135.8164153086605,34.63298176605166],[135.81830512695572,34.633081656401686],[135.82243393906032,34.63302337563002],[135.82245311429006,34.63613211339142],[135.82358645209638,34.63611883182897],[135.82363336351352,34.63699070165912],[135.8163922912937,34.63700984983805],[135.81645747583408,34.63899893300915]]]},"properties":{"KEY_CODE":"292030650","PREF":"29","CITY":"203","CITY_NAME":"大和郡山市","S_NAME":"井戸野町","SETAI":"104"}},{"type":"Feature","properties":{"KEY_CODE":"29203066001","PREF":"29","CITY":"203","CITY_NAME":"大和郡山市","S_NAME":"美濃庄町","SETAI":"287"},"geometry":{"type":"Polygon","coordinates":[[[135.80078785498245,34.644994768296556],[135.80085046541188,34.644039399884434],[135.80086431417007,34.6435059761625],[135.80223485057994,34.64349356073914],[135.8028752738128,34.639020515536735],[135.80327336987375,34.6360779723747],[135.80694490014847,34.63599073687331],[135.80696824782015,34.63510502872736],[135.80928098928516,34.63504866500307],[135.80930042120994,34.63603867915712],[135.81163306896673,34.636261917852615],[135.81166391412006,34.63803416154984],[135.81195360802278,34.638979236407515],[135.81645747583408,34.63899893300915],[135.81641962257083,34.640098733506996],[135.81523390578394,34.64014652221776],[135.8152330761328,34.64052699162381],[135.81403692018182,34.64056193485565],[135.8140988138548,34.64097701093369],[135.81641462955895,34.64119449836331],[135.81618301505756,34.642999024342835],[135.81619646790125,34.64317146077251],[135.81467071339446,34.643632021915515],[135.81354618574073,34.64408078211519],[135.81176481788611,34.643987605706506],[135.80688683893246,34.6439888368785],[135.8063384884172,34.64405374802755],[135.80553395297946,34.64401217969955],[135.8044928577174,34.643983183518685],[135.80342946181858,34.64499723185374],[135.80078785498245,34.644994768296556]]]}},{"type":"Feature","geometry":{"type":"Polygon","coordinates":[[[135.8010769735356,34.6252416326195],[135.79625098968177,34.62528605757127],[135.7963179169862,34.6262007909291],[135.79741659957733,34.62620262420055],[135.79741054931918,34.627113996193316],[135.79465605541466,34.627144314769076],[135.79467843369463,34.62583911806158],[135.79460662948597,34.6237812743783],[135.7946075290279,34.62341292037624],[135.79471634820035,34.62289867322552],[135.79461343602253,34.61931072475354],[135.7951641591941,34.61930263789493],[135.79513530191926,34.616044015622876],[135.79868457218782,34.61634278553874],[135.79819793121771,34.611927200674025],[135.80226423678982,34.61194568879971],[135.80229104081397,34.612302538363714],[135.80385526532658,34.6124815642424],[135.8058956456085,34.612424536818054],[135.80624753117212,34.61308208134533],[135.8062559155819,34.61439789586322],[135.80705041268595,34.61439915492138],[135.8070643025798,34.615409024098255],[135.80950282866047,34.61618816704858],[135.80941166434775,34.620261361623584],[135.81060795041125,34.62051875054915],[135.81298970792295,34.62193331046703],[135.81306428088618,34.622517866036205],[135.813177888072,34.62292358515158],[135.81338476980645,34.6230680055067],[135.81358640837135,34.623117897779764],[135.81397673891502,34.62332274496994],[135.8094310974514,34.623282763323104],[135.80936289364732,34.62428250142712],[135.80702229998624,34.624301214382896],[135.8070135663885,34.62457151700816],[135.8052946149527,34.62458667149975],[135.80539764754982,34.623266387468],[135.80482227774465,34.62322968817406],[135.80465890080947,34.624105875178856],[135.80218861478335,34.62420669220713],[135.8021872575226,34.624784509472995],[135.80108890085015,34.62480920368763],[135.8010769735356,34.6252416326195]]]},"properties":{"KEY_CODE":"292030670","PREF":"29","CITY":"203","CITY_NAME":"大和郡山市","S_NAME":"横田町","SETAI":"149"}},{"type":"Feature","geometry":{"type":"Polygon","coordinates":[[[135.82243393906032,34.63302337563002],[135.81830512695572,34.633081656401686],[135.8164153086605,34.63298176605166],[135.81646678738872,34.63213976484601],[135.8165225651905,34.62917242614318],[135.8162549380338,34.6291727269611],[135.81608873092128,34.62729786924405],[135.8162270812736,34.62606341211826],[135.8163610160379,34.625133353289385],[135.81637935960848,34.62508210670824],[135.81653508188157,34.6251223463785],[135.8175228057842,34.625300472327226],[135.82308006070923,34.62508511552975],[135.82355022048964,34.62526610252661],[135.82368699327765,34.62564691388087],[135.8237110937076,34.627049949831544],[135.82367915689625,34.628148217108176],[135.8236319611985,34.63239236068541],[135.82243393906032,34.63302337563002]]]},"properties":{"KEY_CODE":"292030680","PREF":"29","CITY":"203","CITY_NAME":"大和郡山市","S_NAME":"石川町","SETAI":"42"}},{"type":"Feature","properties":{"KEY_CODE":"29203069001","PREF":"29","CITY":"203","CITY_NAME":"大和郡山市","S_NAME":"白土町","SETAI":"236"},"geometry":{"type":"Polygon","coordinates":[[[135.8044875496549,34.63197814305694],[135.80451185578988,34.63114061153848],[135.8051584544422,34.63088020611097],[135.80525704618591,34.62914887707768],[135.8057699808145,34.62824042643516],[135.8066403360758,34.628223921001045],[135.8069780548632,34.62710290680476],[135.8070135663885,34.62457151700816],[135.80702229998624,34.624301214382896],[135.80936289364732,34.62428250142712],[135.8094310974514,34.623282763323104],[135.81397673891502,34.62332274496994],[135.81557592458702,34.62469112512737],[135.81588108212128,34.624596362920535],[135.81635241877913,34.62493345539897],[135.81637935960848,34.62508210670824],[135.8163610160379,34.625133353289385],[135.8162270812736,34.62606341211826],[135.81608873092128,34.62729786924405],[135.8162549380338,34.6291727269611],[135.8165225651905,34.62917242614318],[135.81646678738872,34.63213976484601],[135.81402226313713,34.63180150466925],[135.81216253507606,34.632258989647745],[135.8096783123414,34.63176253433998],[135.8082629549505,34.63198428583142],[135.80722551062556,34.6317947376971],[135.80541457197793,34.631949764681075],[135.80457188985034,34.63194841548877],[135.8044875496549,34.63197814305694]]]}},{"type":"Feature","geometry":{"type":"Polygon","coordinates":[[[135.8044875496549,34.63197814305694],[135.80379157112287,34.63230791067709],[135.80107543196635,34.63166412883069],[135.80099841143402,34.631136612475665],[135.80106089425377,34.6291281513357],[135.8014447584618,34.62812569259285],[135.80101388573004,34.627132752666974],[135.8010769735356,34.6252416326195],[135.80108890085015,34.62480920368763],[135.8021872575226,34.624784509472995],[135.80218861478335,34.62420669220713],[135.80465890080947,34.624105875178856],[135.80482227774465,34.62322968817406],[135.80539764754982,34.623266387468],[135.8052946149527,34.62458667149975],[135.8070135663885,34.62457151700816],[135.8069780548632,34.62710290680476],[135.8066403360758,34.628223921001045],[135.8057699808145,34.62824042643516],[135.80525704618591,34.62914887707768],[135.8051584544422,34.63088020611097],[135.80451185578988,34.63114061153848],[135.8044875496549,34.63197814305694]]]},"properties":{"KEY_CODE":"292030700","PREF":"29","CITY":"203","CITY_NAME":"大和郡山市","S_NAME":"発志院町","SETAI":"44"}},{"type":"Feature","geometry":{"type":"Polygon","coordinates":[[[135.80099841143402,34.631136612475665],[135.80063026797848,34.63155395029537],[135.79989818895092,34.631031557348614],[135.79892158811083,34.631237581711964],[135.7946392262326,34.631128590887556],[135.79465605541466,34.627144314769076],[135.79741054931918,34.627113996193316],[135.79741659957733,34.62620262420055],[135.7963179169862,34.6262007909291],[135.79625098968177,34.62528605757127],[135.8010769735356,34.6252416326195],[135.80101388573004,34.627132752666974],[135.8014447584618,34.62812569259285],[135.80106089425377,34.6291281513357],[135.80099841143402,34.631136612475665]]]},"properties":{"KEY_CODE":"292030710","PREF":"29","CITY":"203","CITY_NAME":"大和郡山市","S_NAME":"中城町","SETAI":"36"}},{"type":"Feature","properties":{"KEY_CODE":"29203072001","PREF":"29","CITY":"203","CITY_NAME":"大和郡山市","S_NAME":"番条町","SETAI":"203"},"geometry":{"type":"Polygon","coordinates":[[[135.78923529497428,34.632965508202865],[135.7897436174664,34.631114883610515],[135.7901716134174,34.628125099408805],[135.79029744268152,34.62655427556491],[135.79023243607915,34.625647993013175],[135.790046370403,34.62563288105386],[135.79037434544068,34.62559414621245],[135.79047796196775,34.62558981702038],[135.79095853466862,34.62318738313083],[135.7910820349821,34.6221831030925],[135.79134056591474,34.61975690352466],[135.79248977612096,34.61927331464953],[135.79461343602253,34.61931072475354],[135.79471634820035,34.62289867322552],[135.7946075290279,34.62341292037624],[135.79460662948597,34.6237812743783],[135.79467843369463,34.62583911806158],[135.79465605541466,34.627144314769076],[135.7946392262326,34.631128590887556],[135.79455026407317,34.6341630501087],[135.79448518237083,34.63520250763338],[135.79338895996526,34.6352231911983],[135.79337709386346,34.63484988403141],[135.7933612086096,34.63422217227665],[135.79347214544939,34.63421658504841],[135.79344599227844,34.633649708592294],[135.79285445462017,34.634257795021675],[135.79091493868572,34.634274202070046],[135.79081586804205,34.63302852251565],[135.78923529497428,34.632965508202865]]]}},{"type":"Feature","geometry":{"type":"Polygon","coordinates":[[[135.81304670346972,34.619388563600154],[135.81298970792295,34.62193331046703],[135.81060795041125,34.62051875054915],[135.80941166434775,34.620261361623584],[135.80950282866047,34.61618816704858],[135.8116858144054,34.617172243793384],[135.81423856752545,34.61719179036658],[135.8141946433885,34.61805239801671],[135.8136705616722,34.61834896187505],[135.8136492880632,34.61941399554366],[135.81304670346972,34.619388563600154]]]},"properties":{"KEY_CODE":"292030730","PREF":"29","CITY":"203","CITY_NAME":"大和郡山市","S_NAME":"櫟枝町","SETAI":"25"}},{"type":"Feature","geometry":{"type":"Polygon","coordinates":[[[135.79819793121771,34.611927200674025],[135.79868457218782,34.61634278553874],[135.79513530191926,34.616044015622876],[135.7951641591941,34.61930263789493],[135.79461343602253,34.61931072475354],[135.79248977612096,34.61927331464953],[135.79145574077674,34.619195058545934],[135.79152122020218,34.61794008687326],[135.79124436031404,34.615165886674795],[135.79026350652572,34.61385544645217],[135.79186577741075,34.61388031222037],[135.79193561701425,34.61429935649135],[135.79487091799612,34.61433053894361],[135.794825447918,34.61245642472882],[135.79819793121771,34.611927200674025]]]},"properties":{"KEY_CODE":"292030740","PREF":"29","CITY":"203","CITY_NAME":"大和郡山市","S_NAME":"伊豆七条町","SETAI":"52"}},{"type":"Feature","geometry":{"type":"Polygon","coordinates":[[[135.81722807829163,34.615400154195996],[135.81668752322008,34.61543061506666],[135.81665721696456,34.61641619074065],[135.81421995804152,34.6164665979015],[135.81423571890872,34.61697739213357],[135.81423856752545,34.61719179036658],[135.8116858144054,34.617172243793384],[135.80950282866047,34.61618816704858],[135.8070643025798,34.615409024098255],[135.80705041268592,34.614399154921394],[135.8062559155819,34.614397895863256],[135.80624753117212,34.613082081345354],[135.80707287901592,34.612850823467525],[135.80700011076576,34.61040335195261],[135.8117250062873,34.61044242132388],[135.81270538359863,34.61045054771998],[135.81266736505577,34.61133807027148],[135.8138769307672,34.6118135007059],[135.81657299976823,34.611725311893764],[135.81657081713314,34.61194505565466],[135.8165919341338,34.613412884675675],[135.81695662993314,34.613469355018154],[135.81762134445142,34.61349274595591],[135.81796726045891,34.61348875426932],[135.82015340547878,34.613511994921154],[135.82166706012646,34.61361845303873],[135.8216946093467,34.61437000132629],[135.82162200667696,34.61547370261694],[135.82128420284675,34.61547532111556],[135.82074909573404,34.61548791885667],[135.8191768299884,34.61546137230418],[135.81757131295674,34.61539813134621],[135.81722807829163,34.615400154195996]]]},"properties":{"KEY_CODE":"292030750","PREF":"29","CITY":"203","CITY_NAME":"大和郡山市","S_NAME":"新庄町","SETAI":"62"}},{"type":"Feature","geometry":{"type":"Polygon","coordinates":[[[135.78927743396937,34.61228566138114],[135.7873468288567,34.61212115825857],[135.78811873541716,34.61116041419829],[135.7860233292987,34.609858280922616],[135.78605352451095,34.60952561829896],[135.78580582017787,34.60965336660654],[135.78546605291018,34.60969784464515],[135.7842583794801,34.60971303440443],[135.78413137699033,34.61018089472035],[135.78312421028227,34.610185858772915],[135.78241200414251,34.611049758024635],[135.78158184227468,34.61100657042383],[135.7817519063716,34.609653893744564],[135.78211381406447,34.60837593809421],[135.7820871365548,34.60822397061052],[135.7822008718264,34.60804678416867],[135.7826304710768,34.607040644121206],[135.78280173965845,34.606576810185395],[135.78287456177844,34.6060208159544],[135.78202089336074,34.60601223956182],[135.78171525873873,34.60524497499529],[135.78160288992962,34.60342863236944],[135.78278853255833,34.60331497609454],[135.78372765357935,34.60411562839374],[135.78597005288498,34.60457472204197],[135.78640363821563,34.6048843942395],[135.78814018511736,34.60710558510304],[135.78841002175702,34.6099661247621],[135.78927743396937,34.61228566138114]]]},"properties":{"KEY_CODE":"292030760","PREF":"29","CITY":"203","CITY_NAME":"大和郡山市","S_NAME":"長安寺町","SETAI":"81"}},{"type":"Feature","geometry":{"type":"Polygon","coordinates":[[[135.794825447918,34.61245642472882],[135.79487091799612,34.61433053894361],[135.79193561701425,34.61429935649135],[135.79186577741075,34.61388031222037],[135.79026350652572,34.61385544645217],[135.78927743396937,34.61228566138114],[135.78841002175702,34.6099661247621],[135.78814018511736,34.60710558510304],[135.78640363821563,34.6048843942395],[135.78764535474645,34.60437311896814],[135.78759657420022,34.6027135335607],[135.78882802540514,34.60264369087255],[135.7894259417274,34.602760090844114],[135.78947293576977,34.60254873842961],[135.78947401988128,34.60211685471573],[135.78947545506952,34.601545096728756],[135.79125475603382,34.601549138531915],[135.79502840753764,34.60161751447401],[135.79505851058374,34.602700661477364],[135.79489079161957,34.607489574597174],[135.794825447918,34.61245642472882]]]},"properties":{"KEY_CODE":"292030770","PREF":"29","CITY":"203","CITY_NAME":"大和郡山市","S_NAME":"八条町","SETAI":"121"}},{"type":"Feature","properties":{"KEY_CODE":"29203078001","PREF":"29","CITY":"203","CITY_NAME":"大和郡山市","S_NAME":"椎木町","SETAI":"102"},"geometry":{"type":"MultiPolygon","coordinates":[[[[135.76064536228137,34.60996309526042],[135.760764966596,34.60853117978476],[135.76073447760612,34.608424908420055],[135.76092049418716,34.60799663013048],[135.7623447747461,34.6079881644837],[135.7623474217525,34.60705988344789],[135.76361580524664,34.60689220365542],[135.76359448754587,34.60607346700695],[135.764816842297,34.605992738141786],[135.76501790587082,34.605670552486764],[135.7649734381863,34.60505926208291],[135.7659300151546,34.60498476790276],[135.765950456038,34.607256220694026],[135.76505632396146,34.60752311513926],[135.76602996573834,34.60991854126078],[135.76893717563297,34.609904684241776],[135.76911178698754,34.609996859861496],[135.76907702522743,34.61017639359703],[135.76858649940036,34.61269070339833],[135.7678398704648,34.612509815541216],[135.76731707693017,34.61392800519956],[135.76479155116422,34.61489113699109],[135.76501745136085,34.61922282637042],[135.76495211092976,34.61922100929092],[135.76409085441583,34.61920806661187],[135.76171750303402,34.6191775043105],[135.76117004370238,34.61843465711555],[135.76124861385384,34.616420458412385],[135.7608694645034,34.61501417910346],[135.76136003609233,34.61500134269794],[135.76128483877864,34.61157441904784],[135.7614357831694,34.609985925097064],[135.76064536228137,34.60996309526042]]],[[[135.76846866635688,34.608439802278184],[135.76850327633167,34.60796952752263],[135.76923593757772,34.60791091968704],[135.76922931692522,34.608441395311466],[135.76846866635688,34.608439802278184]]]]}},{"type":"Feature","geometry":{"type":"Polygon","coordinates":[[[135.77313085862878,34.61937196523771],[135.77174237265697,34.61932583408045],[135.7678090629687,34.61929694894469],[135.76728773955756,34.619292004658206],[135.76501745136085,34.61922282637042],[135.76479155116422,34.61489113699109],[135.76731707693017,34.61392800519956],[135.7678398704648,34.612509815541216],[135.76858649940036,34.61269070339833],[135.76907702522743,34.61017639359703],[135.76944559650013,34.6082733354335],[135.7697137879559,34.606901841954794],[135.7697202299938,34.60498851453845],[135.77167519802722,34.60555595004318],[135.7729852934133,34.60593015022377],[135.77283032288395,34.60764176438002],[135.77272610952983,34.608814815089175],[135.77249187955576,34.61121650871147],[135.77279947947744,34.611323295159366],[135.77342423814363,34.6115366034445],[135.77392083507442,34.6117203692437],[135.77416481328348,34.61185436159764],[135.77435495908708,34.61210474792758],[135.77450997766465,34.612745960547166],[135.7742659591606,34.61794573487272],[135.77429599726906,34.61936498091321],[135.7741717973256,34.619358411106106],[135.77313085862878,34.61937196523771]]]},"properties":{"KEY_CODE":"292030790","PREF":"29","CITY":"203","CITY_NAME":"大和郡山市","S_NAME":"今国府町","SETAI":"776"}},{"type":"Feature","properties":{"KEY_CODE":"29203080001","PREF":"29","CITY":"203","CITY_NAME":"大和郡山市","S_NAME":"宮堂町","SETAI":"146"},"geometry":{"type":"Polygon","coordinates":[[[135.78372765357935,34.60411562839374],[135.7847490048373,34.6012597769848],[135.78501706729344,34.599575397123],[135.78493355141734,34.59761515367427],[135.7849594192211,34.59761646675953],[135.78635537625837,34.59768821860572],[135.78663814078917,34.59581679274756],[135.78778279001838,34.59583892669749],[135.78779540881877,34.59623773003654],[135.7889795646824,34.59623386335982],[135.78957789895142,34.596657199621866],[135.7897135819327,34.59958639026012],[135.79121200912599,34.59962840220786],[135.79125475603382,34.601549138531915],[135.78947545506952,34.601545096728756],[135.7888888888762,34.601534504847535],[135.78947401988128,34.60211685471573],[135.78947293576977,34.60254873842961],[135.7894259417274,34.602760090844114],[135.78882802540514,34.60264369087255],[135.78759657420022,34.6027135335607],[135.78764535474645,34.60437311896814],[135.78640363821563,34.6048843942395],[135.78597005288498,34.60457472204197],[135.78372765357935,34.60411562839374]]]}},{"type":"Feature","geometry":{"type":"Polygon","coordinates":[[[135.78372765357935,34.60411562839374],[135.78278853255833,34.60331497609454],[135.78160288992962,34.60342863236944],[135.78171525873873,34.60524497499529],[135.7791869440218,34.60541280935663],[135.77931207808135,34.60442587240753],[135.77737057013152,34.60436977848539],[135.7773519793353,34.604000402943605],[135.77640863718014,34.60217195692296],[135.77632022029783,34.60148720010012],[135.77399742100312,34.601384423320354],[135.77343754373769,34.59984388263163],[135.7729498612051,34.599336141955234],[135.77244694957375,34.599037412548405],[135.77302920117563,34.59832940027684],[135.77479301348504,34.59894334062094],[135.77701397214847,34.598688690233026],[135.7805165553939,34.599547035182454],[135.78501706729344,34.599575397123],[135.7847490048373,34.6012597769848],[135.78372765357935,34.60411562839374]]]},"properties":{"KEY_CODE":"292030810","PREF":"29","CITY":"203","CITY_NAME":"大和郡山市","S_NAME":"柏木町","SETAI":"57"}},{"type":"Feature","properties":{"KEY_CODE":"29203082001","PREF":"29","CITY":"203","CITY_NAME":"大和郡山市","S_NAME":"西町","SETAI":"143"},"geometry":{"type":"Polygon","coordinates":[[[135.76606262368384,34.6050754576138],[135.76607332453517,34.602314421688675],[135.76607299122085,34.60135542358055],[135.76766185318266,34.601405390633964],[135.76750242638408,34.59922705649642],[135.7712240827084,34.59934641450355],[135.77077323651383,34.60069151172181],[135.77107934785678,34.60213171383473],[135.7715740410478,34.60291387487876],[135.77179975356475,34.603831037225305],[135.77180162541532,34.604175309667646],[135.7716937998205,34.60459318740806],[135.77171599671635,34.60468338151113],[135.77167519802722,34.60555595004318],[135.7697202299938,34.60498851453845],[135.7697137879559,34.606901841954794],[135.76944559650013,34.6082733354335],[135.76911178698754,34.609996859861496],[135.76893717563297,34.609904684241776],[135.76846866635688,34.608439802278184],[135.76922931692522,34.608441395311466],[135.76923593757772,34.60791091968704],[135.76850327633167,34.60796952752263],[135.76750600150623,34.6079628281807],[135.76729857954447,34.607144720424984],[135.76857994804516,34.60684530779963],[135.76637574652867,34.60557767521029],[135.76606262368384,34.6050754576138]]]}},{"type":"Feature","properties":{"KEY_CODE":"29203083001","PREF":"29","CITY":"203","CITY_NAME":"大和郡山市","S_NAME":"池沢町","SETAI":"248"},"geometry":{"type":"Polygon","coordinates":[[[135.77249187955576,34.61121650871147],[135.77272610952983,34.608814815089175],[135.77846707005958,34.61059396903286],[135.7786885208066,34.6097272239354],[135.7790543701301,34.609583084497906],[135.7806915274831,34.61045405141979],[135.78067723264292,34.611196230007074],[135.7815465706116,34.61142444544514],[135.78126827535746,34.613900307617335],[135.78057037570176,34.614096395698645],[135.78043914030744,34.61726598768755],[135.78002230363128,34.61935295554215],[135.77810014290392,34.61938270026416],[135.7752479500083,34.61936674718236],[135.77429599726906,34.61936498091321],[135.7742659591606,34.61794573487272],[135.77450997766465,34.612745960547166],[135.77435495908708,34.61210474792758],[135.77416481328348,34.61185436159764],[135.77392083507442,34.6117203692437],[135.77342423814363,34.6115366034445],[135.77279947947744,34.611323295159366],[135.77249187955576,34.61121650871147]]]}},{"type":"Feature","properties":{"KEY_CODE":"29203084001","PREF":"29","CITY":"203","CITY_NAME":"大和郡山市","S_NAME":"馬司町","SETAI":"427"},"geometry":{"type":"Polygon","coordinates":[[[135.78043914030744,34.61726598768755],[135.78057037570176,34.614096395698645],[135.78126827535746,34.613900307617335],[135.7815465706116,34.61142444544514],[135.78067723264292,34.611196230007074],[135.7806915274831,34.61045405141979],[135.78089335243334,34.6094616181149],[135.7817519063716,34.609653893744564],[135.78158184227468,34.61100657042383],[135.78241200414251,34.611049758024635],[135.78312421028227,34.610185858772915],[135.78413137699033,34.61018089472035],[135.78412700381844,34.610250191162386],[135.7842583794801,34.60971303440443],[135.78546605291018,34.60969784464515],[135.78580582017787,34.60965336660654],[135.78605352451095,34.60952561829896],[135.7860233292987,34.609858280922616],[135.78811873541716,34.61116041419829],[135.7873468288567,34.61212115825857],[135.78927743396937,34.61228566138114],[135.79026350652572,34.61385544645217],[135.79124436031404,34.615165886674795],[135.79152122020218,34.61794008687326],[135.78726574380136,34.61825670628541],[135.78726458245214,34.61732898315777],[135.78481682632778,34.617312989209665],[135.78302473637152,34.617344591213325],[135.78226406980124,34.61731773258753],[135.78043914030744,34.61726598768755]]]}},{"type":"Feature","geometry":{"type":"Polygon","coordinates":[[[135.77640863718014,34.60217195692296],[135.77590782765418,34.60268475755351],[135.77539692743846,34.60231179215076],[135.77526300427425,34.602400569075655],[135.77427179387183,34.60241478453827],[135.7736112030233,34.60133918894856],[135.77276744937103,34.60168145420112],[135.7720013140355,34.60045591243438],[135.77287518263898,34.600422480004625],[135.7729498612051,34.599336141955234],[135.77343754373769,34.59984388263163],[135.77399742100312,34.601384423320354],[135.77632022029783,34.60148720010012],[135.77640863718014,34.60217195692296]]]},"properties":{"KEY_CODE":"292030850","PREF":"29","CITY":"203","CITY_NAME":"大和郡山市","S_NAME":"額田部寺町","SETAI":"87"}},{"type":"Feature","properties":{"KEY_CODE":"29203086001","PREF":"29","CITY":"203","CITY_NAME":"大和郡山市","S_NAME":"額田部南町","SETAI":"94"},"geometry":{"type":"Polygon","coordinates":[[[135.76746667621634,34.59772651096899],[135.76808024877536,34.5971857857085],[135.7690781850593,34.59741645574932],[135.76985868065907,34.59752175854186],[135.7731815290008,34.59599290585632],[135.77558518244336,34.59530364338196],[135.77583128291272,34.59594136487044],[135.7780314564685,34.59567285853954],[135.77801229046742,34.59673605604181],[135.78312098677418,34.59658404670665],[135.7832071074226,34.59751910493267],[135.78493355141734,34.59761515367427],[135.78501706729344,34.599575397123],[135.7805165553939,34.599547035182454],[135.77701397214847,34.598688690233026],[135.77479301348504,34.59894334062094],[135.77302920117563,34.59832940027684],[135.77244694957375,34.599037412548405],[135.7729498612051,34.599336141955234],[135.77287518263898,34.600422480004625],[135.7720013140355,34.60045591243438],[135.77276744937103,34.60168145420112],[135.7736112030233,34.60133918894856],[135.77427179387183,34.60241478453827],[135.7729974894866,34.60282358179024],[135.7715740410478,34.60291387487876],[135.77107934785678,34.60213171383473],[135.77077323651383,34.60069151172181],[135.7712240827084,34.59934641450355],[135.76750242638408,34.59922705649642],[135.7674747641688,34.598458733597454],[135.7676369317639,34.59846031330351],[135.76746667621634,34.59772651096899]]]}},{"type":"Feature","properties":{"KEY_CODE":"29203087001","PREF":"29","CITY":"203","CITY_NAME":"大和郡山市","S_NAME":"額田部北町","SETAI":"816"},"geometry":{"type":"Polygon","coordinates":[[[135.7715740410478,34.60291387487876],[135.7729974894866,34.60282358179024],[135.77427179387183,34.60241478453827],[135.77526300427425,34.602400569075655],[135.77539692743846,34.60231179215076],[135.77590782765418,34.60268475755351],[135.77640863718014,34.60217195692296],[135.7773519793353,34.604000402943605],[135.77737057013152,34.60436977848542],[135.77931207808135,34.60442587240753],[135.7791869440218,34.60541280935663],[135.78171525873873,34.60524497499529],[135.7802332635528,34.60581969138492],[135.78013645139075,34.60678681970916],[135.7808632471188,34.60681996989189],[135.78058385101156,34.60751095878342],[135.7791941973936,34.608316986006336],[135.77993666316675,34.609248872963555],[135.7790543701301,34.609583084497906],[135.7786885208066,34.6097272239354],[135.77846707005958,34.61059396903286],[135.77272610952983,34.608814815089175],[135.77283032288395,34.60764176438002],[135.77298529341329,34.60593015022377],[135.77167519802722,34.60555595004318],[135.77171599671635,34.60468338151113],[135.7716937998205,34.60459318740806],[135.77180162541532,34.604175309667646],[135.77179975356475,34.603831037225305],[135.7715740410478,34.60291387487876]],[[135.77570832365188,34.60723774881776],[135.7757298457568,34.606588350067184],[135.77572984575679,34.606588350067184],[135.77570832365188,34.60723774881776]]]}},{"type":"Feature","geometry":{"type":"Polygon","coordinates":[[[135.7817519063716,34.609653893744564],[135.78089335243334,34.6094616181149],[135.7806915274831,34.61045405141979],[135.7790543701301,34.609583084497906],[135.77993666316675,34.609248872963555],[135.7791941973936,34.608316986006336],[135.78058385101156,34.60751095878342],[135.7808632471188,34.60681996989189],[135.78013645139075,34.60678681970916],[135.7802332635528,34.60581969138492],[135.78171525873873,34.60524497499529],[135.78202089336074,34.60601223956182],[135.78287456177844,34.6060208159544],[135.78280173965845,34.606576810185395],[135.7826304710768,34.607040644121206],[135.7822008718264,34.60804678416867],[135.7820871365548,34.60822397061052],[135.78211381406447,34.60837593809421],[135.7817519063716,34.609653893744564]]]},"properties":{"KEY_CODE":"292030880","PREF":"29","CITY":"203","CITY_NAME":"大和郡山市","S_NAME":"昭和町","SETAI":"282"}},{"type":"Feature","geometry":{"type":"Polygon","coordinates":[[[135.76576711594126,34.62342523932584],[135.76581409699799,34.6236480348017],[135.76504560391623,34.623944332787836],[135.76359362150518,34.62234158425415],[135.76380739850887,34.622201983597066],[135.7648897086344,34.62164162078726],[135.76597707512576,34.621993488885714],[135.76595349882166,34.622236010345006],[135.76593569272467,34.6231410214188],[135.76597556918333,34.62331506501036],[135.76576711594126,34.62342523932584]]]},"properties":{"KEY_CODE":"29203089101","PREF":"29","CITY":"203","CITY_NAME":"大和郡山市","S_NAME":"小泉町東一丁目","SETAI":"123"}},{"type":"Feature","geometry":{"type":"Polygon","coordinates":[[[135.76597707512576,34.621993488885714],[135.7648897086344,34.62164162078726],[135.76380739850887,34.622201983597066],[135.7639433129287,34.6207995318231],[135.7639513504249,34.62026947961362],[135.76409085441583,34.61920806661187],[135.76495211092976,34.61922100929092],[135.76519393722361,34.619532503179805],[135.76543771535532,34.620174183499984],[135.76554271288862,34.6205565488686],[135.76549219875344,34.620712386550686],[135.76568261625516,34.62122211634749],[135.76588327873262,34.62122250418387],[135.7658861630134,34.62175173287709],[135.76597707512576,34.621993488885714]]]},"properties":{"KEY_CODE":"29203089102","PREF":"29","CITY":"203","CITY_NAME":"大和郡山市","S_NAME":"小泉町東二丁目","SETAI":"157"}},{"type":"Feature","geometry":{"type":"Polygon","coordinates":[[[135.7639433129287,34.6207995318231],[135.76380739850887,34.622201983597066],[135.76359362150518,34.62234158425415],[135.7621157384452,34.62102406775868],[135.76070279597923,34.61916198207187],[135.76171750303402,34.6191775043105],[135.76409085441583,34.61920806661187],[135.7639513504249,34.62026947961362],[135.7639433129287,34.6207995318231]]]},"properties":{"KEY_CODE":"29203089103","PREF":"29","CITY":"203","CITY_NAME":"大和郡山市","S_NAME":"小泉町東三丁目","SETAI":"209"}},{"type":"Feature","properties":{"KEY_CODE":"29203089201","PREF":"29","CITY":"203","CITY_NAME":"大和郡山市","S_NAME":"小泉町","SETAI":"3799"},"geometry":{"type":"Polygon","coordinates":[[[135.74735607675004,34.62682313398897],[135.74759352559104,34.626742630484145],[135.74767003008253,34.62668869752865],[135.74812631128714,34.62650637985976],[135.74852597483135,34.626350849005796],[135.74882764729506,34.626169194317434],[135.74919218377514,34.626042466466835],[135.74874365727234,34.62556555911884],[135.7482683544847,34.62468600694313],[135.74806958533054,34.624413445154254],[135.74813248220127,34.624315110661954],[135.74875509158983,34.62398762376485],[135.7490386926753,34.623970179580226],[135.74924465039527,34.62400413040498],[135.7492912266982,34.623365267248985],[135.7492722649731,34.62107928575083],[135.7493091481679,34.61922376317574],[135.74942241865284,34.619187231353045],[135.7494715253294,34.61917606372814],[135.7499646477794,34.61913890791645],[135.75064352891044,34.61912720476391],[135.75120189372169,34.61836571751956],[135.751821025579,34.61863364043106],[135.75184527262684,34.61576683974977],[135.7527203134522,34.61646604227209],[135.75492648871997,34.618088618779254],[135.75633455784129,34.618483619567456],[135.75680559799733,34.61876389606663],[135.7580081376729,34.619059719443094],[135.7601512639992,34.61913305979924],[135.7604032478217,34.61884309546909],[135.76117004370238,34.61843465711555],[135.76171750303402,34.6191775043105],[135.76070279597923,34.61916198207187],[135.7621157384452,34.62102406775868],[135.76359362150518,34.62234158425415],[135.76504560391623,34.623944332787836],[135.76581409699799,34.6236480348017],[135.7658408787727,34.6236378035416],[135.76575705353932,34.62471285004048],[135.7679214358081,34.62714042326273],[135.76675790526954,34.62727694017526],[135.76558728298116,34.62753964560322],[135.76497887222848,34.62797232559837],[135.76482578816118,34.628106270058474],[135.7646869793836,34.628328283713415],[135.76449441714027,34.62865513716711],[135.764388209592,34.628782977067004],[135.76422299659285,34.629062412010654],[135.7634689983314,34.630371686972836],[135.7638596186093,34.63058437487288],[135.76291617981917,34.63173445836732],[135.76294229637824,34.632519828109196],[135.76290957815942,34.6328207920255],[135.76192533259922,34.63284365728609],[135.7605418833128,34.631960249875476],[135.7607707412848,34.63364093413746],[135.76091598909522,34.63494844326401],[135.75920193786573,34.63550907943768],[135.7584488764407,34.634982442318595],[135.75801905090358,34.635299941650736],[135.75840689071788,34.63479412294664],[135.7588663327092,34.63357176327348],[135.7579481929495,34.63439868900851],[135.7575247949082,34.63407313222152],[135.757683674889,34.63385329763553],[135.75781370579645,34.63371987726871],[135.75757225759912,34.63393519906565],[135.75745701129475,34.63395793015096],[135.75709053515703,34.63385004877896],[135.756971409321,34.63358507774304],[135.75643065149333,34.63354554066079],[135.7561819205441,34.63273084427438],[135.7561617992857,34.63272240539384],[135.75464671566667,34.63322303613116],[135.7536824941592,34.634061906684764],[135.752981725038,34.63340081572175],[135.75248554899557,34.63316301312106],[135.75255094007557,34.633077782767124],[135.7522046075185,34.63345262214376],[135.75079428012117,34.63340156456094],[135.75063165476044,34.633494060423075],[135.75046365096472,34.63456397972865],[135.750005445298,34.6344327651077],[135.7498360899138,34.63379570843587],[135.7497170199866,34.63359120904905],[135.74889432373453,34.63281785653104],[135.74801635262878,34.631863653231996],[135.74794290582972,34.63181271485829],[135.74786837538065,34.631193252867305],[135.74827562225138,34.63024100621083],[135.748905217959,34.62885549363826],[135.7496432519873,34.62801027937242],[135.74907434522322,34.62797290391182],[135.74857704404045,34.628003712846144],[135.74744136982167,34.6272256191944],[135.74735607675004,34.62682313398897]],[[135.74915867343054,34.63007294773619],[135.74922127105998,34.63016111734852],[135.7493905578588,34.63015343710311],[135.74915867343054,34.63007294773619]],[[135.75194690907583,34.63159775365014],[135.7523743953471,34.63177245239418],[135.75234307707711,34.63173041064214],[135.75194690907583,34.63159775365014]],[[135.7575641197674,34.632355244679424],[135.75779221917588,34.63229808565959],[135.75758374476493,34.63224343834761],[135.7575641197674,34.632355244679424]]]}},{"type":"Feature","geometry":{"type":"Polygon","coordinates":[[[135.7658408787727,34.6236378035416],[135.76581409699799,34.6236480348017],[135.76576711594126,34.62342523932584],[135.76597556918333,34.62331506501036],[135.76593569272467,34.6231410214188],[135.76595349882166,34.622236010345006],[135.76597707512576,34.621993488885714],[135.7658861630134,34.62175173287709],[135.76588782012624,34.62154790810375],[135.76701090618528,34.62161050185252],[135.76728026326123,34.62121984284686],[135.76748015279736,34.622279517893645],[135.7663731020641,34.62343415739379],[135.7658408787727,34.6236378035416]]]},"properties":{"KEY_CODE":"29203090101","PREF":"29","CITY":"203","CITY_NAME":"大和郡山市","S_NAME":"小林町西一丁目","SETAI":"30"}},{"type":"Feature","geometry":{"type":"Polygon","coordinates":[[[135.76728026326123,34.62121984284686],[135.76701090618528,34.62161050185252],[135.76588782012624,34.62154790810375],[135.76588327873262,34.62122250418387],[135.76568261625516,34.62122211634749],[135.76549219875344,34.620712386550686],[135.76554271288862,34.6205565488686],[135.76721454609563,34.62054174134813],[135.767358820664,34.620812475831],[135.76728026326123,34.62121984284686]]]},"properties":{"KEY_CODE":"29203090102","PREF":"29","CITY":"203","CITY_NAME":"大和郡山市","S_NAME":"小林町西二丁目","SETAI":"53"}},{"type":"Feature","geometry":{"type":"Polygon","coordinates":[[[135.7678090629687,34.61929694894469],[135.76773631049267,34.61996928887265],[135.7677073051602,34.62020546038307],[135.76759521728292,34.62050824283276],[135.767358820664,34.620812475831],[135.76721454609563,34.62054174134813],[135.76554271288862,34.6205565488686],[135.76543771535532,34.620174183499984],[135.76519393722361,34.619532503179805],[135.76495211092976,34.61922100929092],[135.76501745136085,34.61922282637042],[135.76728773955756,34.619292004658206],[135.7678090629687,34.61929694894469]]]},"properties":{"KEY_CODE":"29203090103","PREF":"29","CITY":"203","CITY_NAME":"大和郡山市","S_NAME":"小林町西三丁目","SETAI":"65"}},{"type":"Feature","properties":{"KEY_CODE":"29203090201","PREF":"29","CITY":"203","CITY_NAME":"大和郡山市","S_NAME":"小林町","SETAI":"912"},"geometry":{"type":"Polygon","coordinates":[[[135.76575705353932,34.62471285004048],[135.7658408787727,34.6236378035416],[135.7663731020641,34.62343415739379],[135.76748015279736,34.622279517893645],[135.76728026326123,34.62121984284686],[135.767358820664,34.620812475831],[135.76759521728292,34.62050824283276],[135.7677073051602,34.62020546038307],[135.76773631049267,34.61996928887265],[135.7678090629687,34.61929694894469],[135.77174237265697,34.61932583408045],[135.77313085862878,34.61937196523771],[135.77308026282014,34.620436230665284],[135.77298911970388,34.62187568235541],[135.77190381105103,34.62223608866058],[135.7708911354513,34.622529849467334],[135.77096126843378,34.62415948703714],[135.7720930564233,34.62404442300414],[135.77285883064366,34.6238762588015],[135.77283261588505,34.625263288225106],[135.77271439706266,34.62696539784721],[135.77261521089582,34.627188339299366],[135.77192874900572,34.62731072850563],[135.77160510334238,34.62739393353192],[135.77025806025605,34.627733966085444],[135.76801888190582,34.6271663877824],[135.76575705353932,34.62471285004048]]]}},{"type":"Feature","properties":{"KEY_CODE":"29203091001","PREF":"29","CITY":"203","CITY_NAME":"大和郡山市","S_NAME":"北西町","SETAI":"541"},"geometry":{"type":"Polygon","coordinates":[[[135.7708911354513,34.622529849467334],[135.77190381105103,34.62223608866058],[135.77298911970388,34.62187568235541],[135.77308026282014,34.620436230665284],[135.77313085862878,34.61937196523771],[135.7741717973256,34.619358411106106],[135.77429599726906,34.61936498091321],[135.7752479500083,34.61936674718236],[135.77526027774385,34.620351682784225],[135.77526515927636,34.620699483475526],[135.77549383004785,34.621669608315905],[135.7753743072287,34.6219270264275],[135.77547484255916,34.62207046906192],[135.775506986763,34.62211630900802],[135.77595003598165,34.62297935085976],[135.7754937630047,34.62325910735421],[135.77467239318943,34.6249927367848],[135.77512450849733,34.625178247321365],[135.77507733678905,34.62653100847239],[135.7747328562144,34.626785753634486],[135.7746196691712,34.62679033356361],[135.77414103153157,34.6267533835882],[135.77381896062695,34.62675278430181],[135.77310329876826,34.626923020247375],[135.77271439706266,34.62696539784721],[135.77283261588505,34.625263288225106],[135.77285883064366,34.6238762588015],[135.7720930564233,34.62404442300414],[135.77096126843378,34.62415948703714],[135.7708911354513,34.622529849467334]],[[135.77328521570226,34.620085723721104],[135.77410344472352,34.6200625974068],[135.77410344472352,34.62006259740679],[135.77328521570226,34.620085723721104]]]}},{"type":"Feature","properties":{"KEY_CODE":"29203092001","PREF":"29","CITY":"203","CITY_NAME":"大和郡山市","S_NAME":"南井町","SETAI":"410"},"geometry":{"type":"Polygon","coordinates":[[[135.77254784824768,34.62834329054992],[135.77262147789355,34.62737485370646],[135.77261521089582,34.627188339299366],[135.77271439706266,34.62696539784721],[135.77310329876826,34.626923020247375],[135.77381896062695,34.62675278430181],[135.77414103153157,34.6267533835882],[135.7746196691712,34.62679033356361],[135.7747328562144,34.626785753634486],[135.77507733678905,34.62653100847239],[135.77678912459925,34.626480778126066],[135.77749597030947,34.62533488704748],[135.7779181164769,34.62533932273148],[135.77799347903823,34.62646439156335],[135.77751893904482,34.62651986842523],[135.77746926899536,34.62774528503343],[135.77787275998384,34.62767178878721],[135.78000950777167,34.62774399651171],[135.7799302005594,34.62867073200542],[135.77617980071793,34.628574290968594],[135.77616482792223,34.62907658270627],[135.77439400365387,34.62904612187014],[135.7738169510153,34.62849849769422],[135.77303487894383,34.628408293875914],[135.77254784824768,34.62834329054992]]]}},{"type":"Feature","properties":{"KEY_CODE":"29203093001","PREF":"29","CITY":"203","CITY_NAME":"大和郡山市","S_NAME":"豊浦町","SETAI":"91"},"geometry":{"type":"Polygon","coordinates":[[[135.77599408748605,34.63595759438725],[135.77610867060798,34.63302305408846],[135.77724686927502,34.63302373709019],[135.77737879272496,34.63067127548947],[135.77737040927948,34.63000920153402],[135.77777349483517,34.62954593545506],[135.77989727197385,34.629612062313214],[135.77983654111222,34.63108284892293],[135.78112279530413,34.631077987226675],[135.78083531927302,34.6330302582931],[135.78225414457947,34.63304421663833],[135.7822257196619,34.63404190099805],[135.78067262902573,34.634002061599666],[135.7805169978143,34.63491133500955],[135.7784868909321,34.634889060690824],[135.77847905241242,34.635898050665325],[135.77599408748605,34.63595759438725]]]}},{"type":"Feature","properties":{"KEY_CODE":"29203094001","PREF":"29","CITY":"203","CITY_NAME":"大和郡山市","S_NAME":"小南町","SETAI":"213"},"geometry":{"type":"Polygon","coordinates":[[[135.7713290451327,34.63351450417015],[135.77139837448797,34.632533800805334],[135.77253858172898,34.6322073067725],[135.7725146983921,34.629846104915394],[135.77303487894383,34.628408293875914],[135.7738169510153,34.62849849769422],[135.77439400365387,34.62904612187014],[135.77616482792223,34.629076582706304],[135.77616482792223,34.62907658270627],[135.77617980071793,34.628574290968594],[135.7799302005594,34.62867073200542],[135.77989727197385,34.629612062313214],[135.77777349483517,34.62954593545506],[135.77737040927948,34.63000920153402],[135.77737879272496,34.63067127548947],[135.77724686927502,34.63302373709019],[135.77610867060798,34.63302305408846],[135.77599408748605,34.63595759438725],[135.77847905241242,34.635898050665325],[135.77844118597295,34.63797628619312],[135.77775677231526,34.63796151549318],[135.77492524959382,34.63790405242582],[135.77247974024337,34.6379634570881],[135.77206288893726,34.63867615560904],[135.7718182475371,34.63873387400489],[135.77151835768848,34.63866893489888],[135.77142993561588,34.63696008224801],[135.77234867119677,34.6369777246265],[135.7723411113172,34.63619225270656],[135.77240004483903,34.63591387553887],[135.77240017620443,34.634524396596476],[135.77226236351362,34.634391867632125],[135.77248058015883,34.63392446773398],[135.77250107438888,34.63352374996371],[135.7713290451327,34.63351450417015]]]}},{"type":"Feature","properties":{"KEY_CODE":"29203095001","PREF":"29","CITY":"203","CITY_NAME":"大和郡山市","S_NAME":"池之内町","SETAI":"238"},"geometry":{"type":"Polygon","coordinates":[[[135.76290957815942,34.6328207920255],[135.76294229637824,34.632519828109196],[135.76291617981917,34.63173445836732],[135.7638596186093,34.63058437487288],[135.7634689983314,34.630371686972836],[135.76422299659285,34.629062412010654],[135.764388209592,34.628782977067004],[135.76449441714027,34.62865513716711],[135.7646869793836,34.628328283713415],[135.76482578816118,34.628106270058474],[135.76497887222848,34.62797232559837],[135.76558728298116,34.62753964560322],[135.76675790526954,34.62727694017526],[135.7679214358081,34.62714042326273],[135.76801888190582,34.6271663877824],[135.77025806025605,34.627733966085444],[135.77160510334238,34.62739393353192],[135.77192874900572,34.62731072850563],[135.77261521089582,34.627188339299366],[135.77262147789355,34.62737485370646],[135.77254784824768,34.62834329054992],[135.77303487894383,34.628408293875914],[135.7725146983921,34.629846104915394],[135.77253858172898,34.6322073067725],[135.77139837448797,34.632533800805334],[135.7713290451327,34.63351450417015],[135.7708163355463,34.6339564128236],[135.76975947524468,34.63394229942492],[135.76955680623976,34.63491669293094],[135.7678273650005,34.634852403393786],[135.7678520069202,34.63383048259233],[135.76674820084918,34.63384597333488],[135.76540640761422,34.633926779076695],[135.76424388207545,34.63384550302435],[135.76395582604601,34.63290650391219],[135.76290957815942,34.6328207920255]]]}},{"type":"Feature","geometry":{"type":"Polygon","coordinates":[[[135.77090711467605,34.64960591171156],[135.7710827473396,34.65020548041176],[135.7703874047411,34.65016360257931],[135.77015307621096,34.65008427642399],[135.76986688674387,34.650020628663086],[135.76928065542202,34.64997218905774],[135.76810359514536,34.64978260301821],[135.76797757623962,34.64823975293162],[135.76798948438665,34.64394016156048],[135.766350324891,34.6439295578498],[135.7663737048391,34.644240068279686],[135.763899126419,34.6442621961274],[135.76382285375524,34.643717043605484],[135.76318266155226,34.64215121285558],[135.76571527250914,34.64197820640396],[135.76669469743217,34.640071655486295],[135.7668170737316,34.63685059675456],[135.76674820084918,34.63384597333488],[135.7678520069202,34.63383048259233],[135.7678273650005,34.634852403393786],[135.76955680623976,34.63491669293094],[135.76975947524468,34.63394229942492],[135.7708163355463,34.6339564128236],[135.7713290451327,34.63351450417015],[135.77250107438888,34.63352374996371],[135.77248058015883,34.63392446773398],[135.77226236351362,34.634391867632125],[135.77240017620443,34.634524396596476],[135.77240004483903,34.63591387553887],[135.7723411113172,34.63619225270656],[135.77234867119677,34.6369777246265],[135.77142993561594,34.63696008224799],[135.77151835768848,34.63866893489888],[135.7718182475371,34.63873387400489],[135.77206288893726,34.63867615560904],[135.77247974024337,34.6379634570881],[135.7724467195687,34.63898575765201],[135.7724612334356,34.640207110063805],[135.773326677333,34.64155918945915],[135.77335114656316,34.6428081377692],[135.77146243366,34.64315676885331],[135.77020972269005,34.64309806271055],[135.77029149177116,34.6453219025658],[135.7701444932836,34.64699439452049],[135.76893523189784,34.6476393779429],[135.76886646320852,34.648957599898424],[135.77042844983097,34.64896435804338],[135.77074163460242,34.64928344296756],[135.77085328528688,34.64934436575127],[135.77090219678473,34.64940981894798],[135.77090711467605,34.64960591171156]]]},"properties":{"KEY_CODE":"292030960","PREF":"29","CITY":"203","CITY_NAME":"大和郡山市","S_NAME":"田中町","SETAI":"111"}},{"type":"Feature","properties":{"KEY_CODE":"29203097001","PREF":"29","CITY":"203","CITY_NAME":"大和郡山市","S_NAME":"満願寺町","SETAI":"291"},"geometry":{"type":"Polygon","coordinates":[[[135.75649862691816,34.635884555300656],[135.75801905090358,34.635299941650736],[135.7584488764407,34.634982442318595],[135.75920193786573,34.63550907943768],[135.76091598909522,34.63494844326401],[135.7607707412848,34.63364093413746],[135.7605418833128,34.631960249875476],[135.76192533259922,34.63284365728609],[135.76290957815942,34.6328207920255],[135.76395582604601,34.63290650391219],[135.76424388207545,34.63384550302435],[135.76540640761422,34.633926779076695],[135.76674820084918,34.63384597333488],[135.7668170737316,34.63685059675456],[135.76669469743217,34.640071655486295],[135.76571527250914,34.64197820640396],[135.76318266155226,34.64215121285558],[135.76126105995738,34.640168726204074],[135.7613511894352,34.63902606586917],[135.76125853085887,34.63809194966304],[135.76091483550474,34.63843639262943],[135.7588031645472,34.637458922940944],[135.75855346675573,34.637008438166085],[135.75759185178583,34.63703073975892],[135.75765162322483,34.63649444491399],[135.75649862691816,34.635884555300656]]]}},{"type":"Feature","properties":{"KEY_CODE":"29203098001","PREF":"29","CITY":"203","CITY_NAME":"大和郡山市","S_NAME":"西田中町","SETAI":"918"},"geometry":{"type":"Polygon","coordinates":[[[135.74928963364266,34.637210976438766],[135.75012613335605,34.63567727125958],[135.750005445298,34.6344327651077],[135.75046365096472,34.63456397972865],[135.75063165476044,34.633494060423075],[135.75079428012117,34.63340156456094],[135.7522046075185,34.63345262214376],[135.75248554899557,34.63316301312106],[135.752981725038,34.63340081572175],[135.7536824941592,34.634061906684764],[135.75464671566667,34.63322303613116],[135.7561617992857,34.63272240539384],[135.7561819205441,34.63273084427438],[135.75643065149333,34.63354554066079],[135.756971409321,34.63358507774304],[135.75709053515703,34.63385004877896],[135.75745701129475,34.63395793015096],[135.75757225759912,34.63393519906565],[135.757683674889,34.63385329763553],[135.7575247949082,34.63407313222152],[135.7579481929495,34.63439868900851],[135.7588663327092,34.63357176327348],[135.75840689071788,34.63479412294664],[135.75801905090358,34.635299941650736],[135.75649862691816,34.635884555300656],[135.75765162322483,34.63649444491399],[135.75759185178583,34.63703073975892],[135.75855346675573,34.637008438166085],[135.7588031645472,34.637458922940944],[135.76091483550474,34.63843639262943],[135.76125853085887,34.63809194966304],[135.7613511894352,34.63902606586917],[135.76012709154264,34.63888387401235],[135.75977573673515,34.63882736503169],[135.7580096903782,34.63803875811178],[135.75709840223237,34.63804064970464],[135.75692137106265,34.64000362722343],[135.75493493910722,34.63991325139659],[135.75548030396342,34.63920992093331],[135.7541361709607,34.63913086232794],[135.75401110846587,34.640107508292594],[135.7527634759359,34.641054128214485],[135.75279494682152,34.6411261736938],[135.75234821844515,34.640958621956464],[135.75219596844772,34.64080279676282],[135.7520690058541,34.640394873305034],[135.75147374829461,34.639629183850616],[135.7513991803763,34.639547678523584],[135.75178240815487,34.639519234591376],[135.7512994107696,34.63853782639298],[135.75027221603523,34.638406266720274],[135.74943027247377,34.63762695896781],[135.74928963364266,34.637210976438766]]]}},{"type":"Feature","geometry":{"type":"Polygon","coordinates":[[[135.78167160559755,34.652988777064344],[135.77903391213087,34.653186453923404],[135.7787418124444,34.6531338059221],[135.7784084508331,34.65298050479534],[135.77830254476413,34.65294241958241],[135.77788146859257,34.65292263836539],[135.77626808990928,34.65297364381718],[135.77607212022352,34.65173917271131],[135.7774586113357,34.65021140190817],[135.77774471920915,34.64957136992055],[135.77727273846398,34.648212297041006],[135.77821642943394,34.647705777547245],[135.77861055843132,34.64847124428565],[135.7800908069757,34.64875808620502],[135.78042181124792,34.649377878677306],[135.7808231334486,34.64922083219269],[135.78129532150334,34.64907982963162],[135.78146150003687,34.650139706488524],[135.78167160559755,34.652988777064344]]]},"properties":{"KEY_CODE":"292030990","PREF":"29","CITY":"203","CITY_NAME":"大和郡山市","S_NAME":"城内町","SETAI":"9"}},{"type":"Feature","geometry":{"type":"Polygon","coordinates":[[[135.7774586113357,34.65021140190817],[135.77607212022352,34.65173917271131],[135.77626808990928,34.65297364381718],[135.77575421657872,34.65305750273125],[135.7743351299678,34.65225055227292],[135.77368998030215,34.65135839097248],[135.7737134568982,34.651154745099916],[135.77367387224294,34.650955771166466],[135.77360914271338,34.65052967712027],[135.7731793764424,34.65054550078955],[135.7730734734915,34.649446701976736],[135.77472553246213,34.64932721153174],[135.7753306415539,34.64982039481486],[135.7774586113357,34.65021140190817]]]},"properties":{"KEY_CODE":"292031000","PREF":"29","CITY":"203","CITY_NAME":"大和郡山市","S_NAME":"冠山町","SETAI":"251"}},{"type":"Feature","geometry":{"type":"Polygon","coordinates":[[[135.7809580474186,34.64728052986733],[135.78123880119264,34.648791380027774],[135.78129532150334,34.649079829631646],[135.7808231334486,34.64922083219269],[135.78042181124792,34.649377878677306],[135.7800908069757,34.64875808620502],[135.77861055843132,34.64847124428565],[135.77821642943394,34.647705777547245],[135.77851343058956,34.647497188065984],[135.7788125516727,34.64767741847465],[135.77907499455966,34.64777945762441],[135.77918091751692,34.647783169870706],[135.78076128653882,34.647848987093944],[135.7809580474186,34.64728052986733]]]},"properties":{"KEY_CODE":"292031010","PREF":"29","CITY":"203","CITY_NAME":"大和郡山市","S_NAME":"城見町","SETAI":"74"}},{"type":"Feature","geometry":{"type":"Polygon","coordinates":[[[135.77804455026234,34.64703557178731],[135.77851343058956,34.647497188065984],[135.77821642943394,34.647705777547245],[135.77727273846398,34.648212297041006],[135.77774471920915,34.64957136992055],[135.7774586113357,34.65021140190817],[135.7753306415539,34.64982039481486],[135.77472553246213,34.64932721153174],[135.7749128071623,34.64893651747058],[135.7753349367604,34.64853963402246],[135.77501835727244,34.64743791465129],[135.77804455026234,34.64703557178731]]]},"properties":{"KEY_CODE":"292031020","PREF":"29","CITY":"203","CITY_NAME":"大和郡山市","S_NAME":"永慶寺町","SETAI":"154"}},{"type":"Feature","geometry":{"type":"Polygon","coordinates":[[[135.77501835727244,34.64743791465129],[135.7753349367604,34.64853963402246],[135.7749128071623,34.64893651747058],[135.77472553246213,34.64932721153174],[135.7730734734915,34.649446701976736],[135.77341486597356,34.64743551072173],[135.77501835727244,34.64743791465129]]]},"properties":{"KEY_CODE":"292031030","PREF":"29","CITY":"203","CITY_NAME":"大和郡山市","S_NAME":"藤原町","SETAI":"73"}},{"type":"Feature","geometry":{"type":"Polygon","coordinates":[[[135.7809580474186,34.64728052986733],[135.78076128653882,34.647848987093944],[135.77918091751692,34.647783169870706],[135.77907499455966,34.64777945762441],[135.7788125516727,34.64767741847465],[135.77851343058956,34.647497188065984],[135.77804455026234,34.64703557178731],[135.77854316669487,34.64689837349533],[135.77795472996317,34.64560577496008],[135.77879736328595,34.64547300516068],[135.77937387064586,34.64542728243588],[135.7805940895594,34.6452780551261],[135.7809580474186,34.64728052986733]]]},"properties":{"KEY_CODE":"292031040","PREF":"29","CITY":"203","CITY_NAME":"大和郡山市","S_NAME":"朝日町","SETAI":"722"}},{"type":"Feature","geometry":{"type":"Polygon","coordinates":[[[135.77795472996317,34.64560577496008],[135.77854316669487,34.64689837349533],[135.77804455026234,34.64703557178731],[135.77501835727244,34.64743791465129],[135.77341486597356,34.64743551072173],[135.77278613989844,34.64632601915286],[135.77362042100498,34.64601132886368],[135.7736493120134,34.64581501676581],[135.774186432528,34.64587968310702],[135.77447624279677,34.645896594794934],[135.77487257180033,34.64576868355389],[135.77795472996317,34.64560577496008]]]},"properties":{"KEY_CODE":"292031050","PREF":"29","CITY":"203","CITY_NAME":"大和郡山市","S_NAME":"城南町","SETAI":"242"}},{"type":"Feature","geometry":{"type":"Polygon","coordinates":[[[135.78074191707253,34.64419497576913],[135.7805940895594,34.6452780551261],[135.77937387064586,34.64542728243588],[135.77885402517424,34.64540507100039],[135.77919193896508,34.64438399604726],[135.77783837324722,34.64426969261569],[135.7774709800415,34.64341820475372],[135.77694306314015,34.642966192461536],[135.77720528749782,34.643013861474394],[135.77831913672821,34.64303533210075],[135.77839835438513,34.64300885233186],[135.7783986490617,34.64300920612772],[135.77848422062885,34.64299042153909],[135.7787652590982,34.64299063428304],[135.77914238870852,34.643012456589865],[135.77944777220586,34.64303104011497],[135.77947520165395,34.6430271455587],[135.78012966751857,34.64298268803678],[135.7802086847016,34.64298244537501],[135.78059869290047,34.643029299044755],[135.7805842153049,34.64337384040966],[135.78065540297624,34.643787404493544],[135.7806849598903,34.643956352646285],[135.78074191707253,34.64419497576913]]]},"properties":{"KEY_CODE":"292031060","PREF":"29","CITY":"203","CITY_NAME":"大和郡山市","S_NAME":"西岡町","SETAI":"195"}},{"type":"Feature","geometry":{"type":"Polygon","coordinates":[[[135.77795472996317,34.64560577496008],[135.77487257180033,34.64576868355389],[135.77447624279677,34.645896594794934],[135.774186432528,34.64587968310702],[135.7736493120134,34.64581501676581],[135.77373107426715,34.645412705273195],[135.7743110942037,34.643577346882715],[135.77451753470228,34.642914399204834],[135.77565420604165,34.643171038009854],[135.77632955972925,34.6432921554779],[135.7774709800415,34.64341820475372],[135.77783837324722,34.64426969261569],[135.77919193896508,34.64438399604726],[135.77885402517424,34.64540507100039],[135.77879736328595,34.64547300516068],[135.77795472996317,34.64560577496008]]]},"properties":{"KEY_CODE":"292031070","PREF":"29","CITY":"203","CITY_NAME":"大和郡山市","S_NAME":"箕山町","SETAI":"400"}},{"type":"Feature","geometry":{"type":"Polygon","coordinates":[[[135.78267551204567,34.65813958326974],[135.7830530730888,34.660050938087316],[135.7830531474776,34.66005127002085],[135.78230518337773,34.66003871898818],[135.78222398405575,34.659845417411695],[135.78221747132247,34.65968581144496],[135.78157286227636,34.65957751572211],[135.7814043773554,34.65957328847679],[135.78053172626156,34.65960183943011],[135.78003223835282,34.658460194911065],[135.78001473465378,34.65814947253928],[135.78267551204567,34.65813958326974]]]},"properties":{"KEY_CODE":"292031080","PREF":"29","CITY":"203","CITY_NAME":"大和郡山市","S_NAME":"九条平野町","SETAI":"208"}},{"type":"Feature","geometry":{"type":"Polygon","coordinates":[[[135.78003223835282,34.658460194911065],[135.77947604555072,34.65829447797058],[135.78002211600548,34.657894521698445],[135.78008542335922,34.65667967896795],[135.78088188175096,34.656801409215056],[135.7824212257342,34.65694361463876],[135.78267551204567,34.65813958326974],[135.78001473465378,34.65814947253928],[135.78003223835282,34.658460194911065]]]},"properties":{"KEY_CODE":"292031090","PREF":"29","CITY":"203","CITY_NAME":"大和郡山市","S_NAME":"代官町","SETAI":"118"}},{"type":"Feature","geometry":{"type":"Polygon","coordinates":[[[135.78088188175096,34.656801409215056],[135.78008542335922,34.65667967896795],[135.78002211600548,34.657894521698445],[135.77947604555072,34.65829447797058],[135.77901314958308,34.658306138023555],[135.77775252848264,34.65802930698518],[135.77754346708628,34.65798765438124],[135.7763754103689,34.65606310414877],[135.77794985667475,34.65629224294695],[135.77803146028776,34.65431901869502],[135.7782220264666,34.654316547548795],[135.7785993685336,34.65415706903456],[135.77888727201824,34.65417055008062],[135.77996367087772,34.654310569152166],[135.7808314220411,34.65558157207779],[135.78088188175096,34.656801409215056]]]},"properties":{"KEY_CODE":"292031100","PREF":"29","CITY":"203","CITY_NAME":"大和郡山市","S_NAME":"城北町","SETAI":"257"}},{"type":"Feature","geometry":{"type":"Polygon","coordinates":[[[135.78167160559755,34.652988777064344],[135.78207552581466,34.65512162239396],[135.7808314220411,34.65558157207779],[135.77996367087772,34.654310569152166],[135.77888727201824,34.65417055008062],[135.77903391213087,34.653186453923404],[135.78167160559755,34.652988777064344]]]},"properties":{"KEY_CODE":"292031110","PREF":"29","CITY":"203","CITY_NAME":"大和郡山市","S_NAME":"植槻町","SETAI":"70"}},{"type":"Feature","geometry":{"type":"Polygon","coordinates":[[[135.7782220264666,34.654316547548795],[135.7773373109167,34.65432353131861],[135.77642849557432,34.65416297593415],[135.77565747167358,34.65428467742032],[135.775339640084,34.654220141235776],[135.77575421657872,34.65305750273125],[135.77626808990928,34.65297364381718],[135.77788146859257,34.65292263836539],[135.77830254476413,34.65294241958241],[135.7784084508331,34.65298050479534],[135.7787418124444,34.6531338059221],[135.77903391213087,34.653186453923404],[135.77888727201824,34.65417055008062],[135.7785993685336,34.65415706903456],[135.7782220264666,34.654316547548795]]]},"properties":{"KEY_CODE":"292031120","PREF":"29","CITY":"203","CITY_NAME":"大和郡山市","S_NAME":"天理町","SETAI":"16"}}]}