{"type":"FeatureCollection","features":[{"type":"Feature","properties":{"KEY_CODE":"33216001001","PREF":"33","CITY":"216","CITY_NAME":"浅口市","S_NAME":"鴨方","SETAI":"1009"},"geometry":{"type":"Polygon","coordinates":[[[133.57981586441258,34.52961722507593],[133.58028793736483,34.52887494783523],[133.58152052756907,34.52878910816607],[133.5831099589052,34.5294446942223],[133.58333491435445,34.53088077266368],[133.58460389967877,34.531346324544984],[133.58498338113196,34.53255035009053],[133.5861864599629,34.531150721492054],[133.58607985186325,34.53041025526421],[133.5865866239559,34.53034586305797],[133.58783776183148,34.53002680021039],[133.5892364875931,34.53029109001185],[133.58988500332669,34.531347125030486],[133.58962167411713,34.5314063842382],[133.58912114623854,34.53251448360517],[133.58849221589244,34.533560668996685],[133.58991493231716,34.534727599385185],[133.5910325956741,34.533752396355496],[133.59129219794565,34.53383650987071],[133.59305242061055,34.535437600470395],[133.59306592949193,34.53593295436538],[133.5943585883999,34.53571887015374],[133.5952174158232,34.53583671698506],[133.59604452321486,34.53615551817835],[133.59552398605314,34.5371157572687],[133.5956781212781,34.541285674224454],[133.5934341624542,34.5410893655864],[133.59347778717284,34.5422151278488],[133.5935455973496,34.54422903880648],[133.59320149478344,34.54424471990517],[133.5919854032983,34.544244870985345],[133.5913192599904,34.54422606749948],[133.59033491116682,34.544201397109376],[133.59012326421967,34.544177300460596],[133.58927152665868,34.545813243458014],[133.58942084064464,34.54693347802901],[133.58884492070553,34.54804313062826],[133.58774537070508,34.548255667782044],[133.58409474382384,34.54640589170123],[133.58296040838184,34.54626585564774],[133.58238924288176,34.545602406513474],[133.58186034064795,34.54548521442709],[133.58152495718346,34.54527820302753],[133.5810939845934,34.54460645424315],[133.58161530469533,34.54249103366644],[133.5810163563045,34.541331431803144],[133.58125206160165,34.54003719825578],[133.58195425033546,34.538838646141485],[133.5814523668191,34.53722126352736],[133.5817699998457,34.53693584202144],[133.58219174989466,34.53654216841635],[133.58240831643667,34.5362986694419],[133.58278001212213,34.53576241640114],[133.58293371939232,34.53574307083889],[133.58360996120652,34.53465874190578],[133.58249942877418,34.533979613372786],[133.58192793687024,34.53206782904065],[133.582125614755,34.53143218965087],[133.58117415989418,34.53088122012346],[133.5817165965564,34.5302445940056],[133.5812709571026,34.52973658423281],[133.57981586441258,34.52961722507593]],[[133.58753281856454,34.535102802058184],[133.58755324031878,34.53503615657367],[133.58764974256593,34.53472078481883],[133.58753281856454,34.535102802058184]],[[133.5879298285207,34.53827126744781],[133.5880459017201,34.53919449138554],[133.58792982852074,34.53827126744781],[133.5879298285207,34.53827126744781]],[[133.58899802359642,34.544789037151304],[133.58925858555747,34.54475877654473],[133.58901749891342,34.544435586128664],[133.58899802359642,34.544789037151304]],[[133.5898176681374,34.54242000819253],[133.58983634643303,34.542309965908224],[133.5898498435126,34.54144852317938],[133.5898176681374,34.54242000819253]],[[133.59027176391896,34.53814766868391],[133.59074151716348,34.538164732101286],[133.59064244651745,34.53799143539995],[133.59027176391896,34.53814766868391]],[[133.59119546253078,34.5422260413206],[133.5911954625308,34.5422260413206],[133.59128819967555,34.5416620181065],[133.59119546253078,34.5422260413206]]]}},{"type":"Feature","properties":{"KEY_CODE":"33216002001","PREF":"33","CITY":"216","CITY_NAME":"浅口市","S_NAME":"益坂","SETAI":"242"},"geometry":{"type":"Polygon","coordinates":[[[133.56796050553766,34.57450777976485],[133.56932655347478,34.57286132771525],[133.56906675794863,34.57203454031362],[133.56983944716947,34.57071399059045],[133.5705115386931,34.5687528611955],[133.57682964133423,34.56596123047719],[133.5808306954347,34.56627139571733],[133.57942483490868,34.569770294732976],[133.5844418282049,34.571253534701995],[133.58748887620993,34.569956046936426],[133.59230114931182,34.572327570405626],[133.59694342304638,34.569900880876716],[133.59756734367917,34.563678137047866],[133.59822078507185,34.56208287844772],[133.59831551483992,34.560160688536705],[133.59777211447027,34.55944350835609],[133.5973724376586,34.559073026107384],[133.5905355766045,34.555112082123784],[133.5907513088081,34.55094636430598],[133.59011030410596,34.5501985774971],[133.59183726594094,34.548569574515135],[133.5927784447865,34.54715684495787],[133.59288601164252,34.547034655453714],[133.5923134075309,34.54705290543372],[133.5912932038588,34.54651681894675],[133.59116013106228,34.545895214653065],[133.59117178925155,34.545001763799135],[133.5911034864251,34.54481343690115],[133.59033491116682,34.544201397109376],[133.5913192599904,34.54422606749948],[133.5919854032983,34.544244870985345],[133.59320149478344,34.54424471990517],[133.5935455973496,34.54422903880648],[133.59347778717284,34.5422151278488],[133.5934341624542,34.5410893655864],[133.5956781212781,34.541285674224454],[133.59586974277846,34.54410507403091],[133.59682883322418,34.54421477144666],[133.59785869348352,34.54569944496467],[133.5977710028663,34.54698264316985],[133.5990714097239,34.54965585793547],[133.59908228664466,34.54966775528666],[133.5992300105966,34.54982936119826],[133.5994853630621,34.5499389203572],[133.60008906126433,34.5501733796329],[133.60186338650294,34.55076213321667],[133.6022044637402,34.551136312535235],[133.60242958360567,34.551258221767135],[133.60318164392282,34.55148719646364],[133.6033261450572,34.5516294757062],[133.60370806616444,34.55164426390211],[133.60384848529114,34.55167833491455],[133.60496512780585,34.551605882649255],[133.60534613764034,34.55171616462062],[133.60599044146366,34.55162021960937],[133.60657286273678,34.551405303335656],[133.606955860372,34.55129528324706],[133.60747432628534,34.55121098959598],[133.60770318911443,34.55148264393732],[133.60775622405632,34.55174918303405],[133.60795545681268,34.55196248632145],[133.60824101574292,34.552076283424185],[133.60873717950574,34.55224976861793],[133.6091272038046,34.55277816321817],[133.6093667444384,34.55298747235277],[133.6100316688601,34.55341143856827],[133.61023278736914,34.55354083312237],[133.61044914152373,34.55395475444665],[133.61078622723505,34.55420836323261],[133.6120172108875,34.554554599967105],[133.6122222306765,34.55467654463871],[133.61238967583216,34.55506847344738],[133.61248488886258,34.55510228284611],[133.612841063702,34.55518750268003],[133.61296619165222,34.555246564428536],[133.61308116956081,34.555317963476035],[133.61322679565995,34.55533953101087],[133.61376737133423,34.55569772912279],[133.61379270622476,34.55596766022493],[133.61369288264288,34.5562112148584],[133.6136702400766,34.55681263280697],[133.61343312745907,34.55727106528985],[133.6133302485436,34.557444303739494],[133.6131845886229,34.55767237475008],[133.61313051626092,34.55784195642682],[133.61312888225893,34.55803100606918],[133.61312904781855,34.55833685474892],[133.6130521574925,34.55880228875588],[133.6130429659712,34.55901876539744],[133.61311454762262,34.55958115118785],[133.6131169487067,34.55983516957884],[133.61303884718745,34.559918533816706],[133.6127191346912,34.560014285183605],[133.61208818058327,34.560622980067365],[133.61180676106164,34.56109327273123],[133.61167091094862,34.56187787671398],[133.61171497131977,34.56210847224105],[133.61175132191843,34.562275626949905],[133.61166132464632,34.563094026983755],[133.61175120582698,34.56367638322416],[133.61188199256463,34.56389987888554],[133.61209152658168,34.564074105224435],[133.6124193630697,34.56431100969731],[133.61254538528982,34.56444586313932],[133.6126972476817,34.56468384915466],[133.61266632554157,34.56506037587666],[133.6126253238777,34.56522411808117],[133.61260511135256,34.565425315077945],[133.6127779096516,34.56567426996515],[133.61253086344507,34.566017695756706],[133.61246784345602,34.56640431901992],[133.61245182998417,34.566612020630046],[133.61241012256502,34.56679815877823],[133.61248360171723,34.566954821534765],[133.61263270510693,34.56711854669406],[133.6127386819706,34.56742585606369],[133.61275188850024,34.567552723112904],[133.61261125688873,34.568053709980404],[133.61252299761375,34.56847413873928],[133.61251208367764,34.56881091489258],[133.6126017529177,34.56915334741588],[133.61266893713776,34.56931955243235],[133.6130027828094,34.569957551810425],[133.61352500905613,34.57096282497134],[133.6124015150597,34.57149269068992],[133.61154538979233,34.571605602428896],[133.61150111608444,34.57178226666396],[133.61086621859528,34.572674582936386],[133.61083116110038,34.573260079996516],[133.60936946328508,34.57335235391484],[133.60902567050934,34.573749800039444],[133.60876669273742,34.5740285801567],[133.6082341953363,34.57468141505896],[133.6065897230346,34.5766713306281],[133.60631444935703,34.57706918044189],[133.60594899055192,34.57759467877269],[133.6058559553605,34.57770766084481],[133.60486190248065,34.57732944892721],[133.604034255942,34.576424547016046],[133.6018573953077,34.576214060655516],[133.60104464222357,34.577047900782],[133.59774220815308,34.57626545201233],[133.5969180269806,34.576835926565195],[133.59450135119008,34.57673965310168],[133.59072937934772,34.57860861770428],[133.59085432940216,34.57936975745389],[133.59002970266127,34.57998088421461],[133.58811183234806,34.579946674605935],[133.5872889595142,34.5803784742935],[133.58584671939525,34.58180238548348],[133.5859367064771,34.5803789509919],[133.5854248777285,34.57904508867835],[133.58404908436054,34.57865182764406],[133.58022630664493,34.579212634111286],[133.57946788823168,34.5775846592787],[133.57859227349755,34.57646179224471],[133.57694592506394,34.57518554701068],[133.5764175179241,34.57350897143087],[133.57555481928384,34.57223854529137],[133.57463560873282,34.57259007710944],[133.5739447371006,34.57432994828727],[133.5731883107187,34.575026743843836],[133.57311429370557,34.574215199858415],[133.57002038504515,34.57540834703582],[133.56796050553766,34.57450777976485]],[[133.59365779351225,34.547007598223445],[133.59377857022957,34.54717285659328],[133.5952637654055,34.546816356664706],[133.59365779351225,34.547007598223445]]]}},{"type":"Feature","properties":{"KEY_CODE":"33216003001","PREF":"33","CITY":"216","CITY_NAME":"浅口市","S_NAME":"地頭上","SETAI":"151"},"geometry":{"type":"Polygon","coordinates":[[[133.5862603821784,34.55356257734432],[133.586708320331,34.55274305016971],[133.5872014919092,34.551909006779056],[133.58734294526946,34.55154896135301],[133.58728023955214,34.55114386989195],[133.58720462363678,34.5510224067968],[133.58713740328054,34.550780271288225],[133.58706030851866,34.55041397183395],[133.58729830170915,34.54993801525168],[133.58730621492165,34.549871573837635],[133.58726030570952,34.5496929571806],[133.58728637997183,34.54963268308618],[133.58738984571508,34.549312836798855],[133.58774537070508,34.548255667782044],[133.58884492070553,34.54804313062826],[133.58942084064464,34.54693347802901],[133.58927152665868,34.545813243458014],[133.59012326421967,34.544177300460596],[133.59033491116682,34.544201397109376],[133.5911034864251,34.54481343690115],[133.59117178925155,34.545001763799135],[133.59116013106228,34.545895214653065],[133.5912932038588,34.54651681894675],[133.5923134075309,34.54705290543372],[133.5927784447865,34.54715684495787],[133.59183726594094,34.548569574515135],[133.59011030410596,34.5501985774971],[133.5907513088081,34.55094636430598],[133.5905355766045,34.555112082123784],[133.5973724376586,34.559073026107384],[133.59777211447027,34.55944350835609],[133.59831551483992,34.560160688536705],[133.59822078507185,34.56208287844772],[133.59756734367917,34.563678137047866],[133.59694342304638,34.569900880876716],[133.59684681771935,34.56977168477185],[133.59686804979103,34.56988394553302],[133.59605722854795,34.56970903386341],[133.59576475043195,34.569613452370014],[133.59568982876252,34.56953580406697],[133.59562576842936,34.569491326239145],[133.59554202608095,34.569409820699576],[133.59553427673146,34.569284822172314],[133.5952020730528,34.56914673992255],[133.5950018598407,34.56904537368321],[133.59485835863413,34.568943363708335],[133.5948112591476,34.56873346523624],[133.59474758951177,34.56864489670569],[133.59465925808917,34.56858181774083],[133.59441098409414,34.568264067954296],[133.5942441440239,34.56815374645156],[133.59406223666272,34.56811038783744],[133.5939957366759,34.568091532012026],[133.59375880871872,34.567992620051506],[133.59351960148487,34.567901160066455],[133.59313703183852,34.56780770666815],[133.5928242767122,34.56774341211762],[133.59251984549692,34.567489697704616],[133.5922360315826,34.567292172925136],[133.5921519502226,34.56724940368155],[133.5914861926767,34.56688869535322],[133.59138037856738,34.56666646832631],[133.59137185857116,34.56637031071593],[133.59123539834442,34.56622424964395],[133.59093015483455,34.56593841047554],[133.59079398610774,34.565750089324744],[133.59067043364294,34.5656463661954],[133.59040735763912,34.565492212118535],[133.58988873438145,34.56496039066532],[133.58967097330088,34.56483313502027],[133.5895338227108,34.56450703847812],[133.58967365543919,34.564283483234014],[133.58896235403137,34.56304727998314],[133.5888230478427,34.56297304356195],[133.58873002018478,34.562941206122474],[133.58845932936114,34.562888006911976],[133.58825239744553,34.5625402166952],[133.58821110652906,34.562435160580144],[133.58806065072017,34.562360714016485],[133.58785688732294,34.562163671785],[133.58758590608676,34.56135189600541],[133.58758840298236,34.56124372437019],[133.5877228362186,34.56111944938854],[133.58785886091985,34.56107435183456],[133.58815830422387,34.561005452621586],[133.58835542632377,34.56082999911583],[133.58845137019344,34.56054391408085],[133.58836542054124,34.559708605997955],[133.58831338734646,34.55931864899991],[133.58795415999435,34.55885583101491],[133.5878081204337,34.55878324346814],[133.58768233222963,34.55868330929662],[133.58745560625783,34.558074228314844],[133.58712183474898,34.55786991654112],[133.5868088906977,34.557707145756574],[133.58649430895625,34.55734672712778],[133.586548849273,34.55708321191681],[133.5867113569948,34.55617883976523],[133.58679164601904,34.55552936084441],[133.58654572430905,34.554202300495504],[133.58649146710175,34.554053073226775],[133.5862603821784,34.55356257734432]],[[133.59070425279404,34.559718111795156],[133.59146312647388,34.559662825952884],[133.59146312647388,34.55966282595286],[133.59070425279404,34.559718111795156]]]}},{"type":"Feature","properties":{"KEY_CODE":"33216004001","PREF":"33","CITY":"216","CITY_NAME":"浅口市","S_NAME":"本庄","SETAI":"308"},"geometry":{"type":"Polygon","coordinates":[[[133.57501246787368,34.55178978562575],[133.57573692752175,34.55127811770936],[133.5759163263716,34.549646860646654],[133.57635469388882,34.54961152658792],[133.57644950737387,34.548267255864175],[133.57784202596238,34.5468243281151],[133.57814970911662,34.546836923924346],[133.578827406814,34.546868976116556],[133.57937286040936,34.54682189069143],[133.58032155338475,34.546488214596586],[133.5803303298885,34.54572068323618],[133.58038898451562,34.54532238855316],[133.58063211095782,34.54507341506653],[133.58152495718346,34.54527820302753],[133.58186034064795,34.54548521442709],[133.58238924288176,34.545602406513474],[133.58296040838184,34.54626585564774],[133.58409474382384,34.54640589170123],[133.58774537070508,34.548255667782044],[133.58738984571508,34.549312836798855],[133.58710333086623,34.54952155718229],[133.58728637997183,34.54963268308618],[133.58726030570952,34.5496929571806],[133.58730621492165,34.549871573837635],[133.58729830170915,34.54993801525168],[133.58706030851866,34.55041397183395],[133.58713740328054,34.550780271288225],[133.58720462363678,34.5510224067968],[133.58728023955214,34.55114386989195],[133.58734294526946,34.55154896135301],[133.5872014919092,34.551909006779056],[133.586708320331,34.55274305016971],[133.5862603821784,34.55356257734432],[133.58649146710175,34.554053073226775],[133.58654572430905,34.554202300495504],[133.58679164601904,34.55552936084441],[133.5867113569948,34.556178839765224],[133.586548849273,34.55708321191681],[133.58649430895625,34.55734672712778],[133.5868088906977,34.557707145756574],[133.58712183474898,34.55786991654112],[133.58745560625783,34.558074228314844],[133.58768233222963,34.55868330929662],[133.5878081204337,34.55878324346814],[133.58795415999435,34.55885583101491],[133.58831338734646,34.55931864899991],[133.58836542054124,34.559708605997955],[133.58845137019344,34.56054391408085],[133.58835542632377,34.56082999911583],[133.58815830422387,34.561005452621586],[133.58785886091985,34.56107435183456],[133.5877228362186,34.56111944938854],[133.58758840298236,34.56124372437019],[133.58758590608676,34.56135189600541],[133.58785688732294,34.562163671785],[133.5879634497622,34.56230053703624],[133.58806065072017,34.562360714016485],[133.58821110652906,34.562435160580144],[133.58825239744553,34.5625402166952],[133.58845932936114,34.562888006911976],[133.58873002018478,34.562941206122474],[133.5888230478427,34.56297304356195],[133.58896235403137,34.56304727998314],[133.58967365543919,34.564283483234014],[133.5895338227108,34.56450703847812],[133.58967097330088,34.56483313502027],[133.58988873438145,34.56496039066532],[133.59040735763912,34.565492212118535],[133.59067043364294,34.5656463661954],[133.59079398610774,34.565750089324744],[133.59093015483455,34.56593841047554],[133.59123539834442,34.56622424964395],[133.59137185857116,34.56637031071593],[133.59138037856738,34.56666646832631],[133.5914861926767,34.56688869535322],[133.5921519502226,34.56724940368155],[133.5922360315826,34.567292172925136],[133.59251984549692,34.567489697704616],[133.5928242767122,34.56774341211762],[133.59313703183852,34.56780770666815],[133.59351960148487,34.567901160066455],[133.59375880871872,34.567992620051506],[133.5939957366759,34.568091532012026],[133.59406223666272,34.56811038783744],[133.5942441440239,34.56815374645156],[133.59441098409414,34.568264067954296],[133.59465925808917,34.56858181774083],[133.59474758951177,34.56864489670569],[133.5948112591476,34.56873346523624],[133.59485835863413,34.568943363708335],[133.5950018598407,34.56904537368321],[133.5952020730528,34.56914673992255],[133.59553427673146,34.569284822172314],[133.59554202608095,34.569409820699576],[133.59562576842936,34.569491326239145],[133.59568982876252,34.56953580406697],[133.59576475043195,34.569613452370014],[133.59605722854795,34.56970903386341],[133.59686804979103,34.56988394553302],[133.59694342304638,34.569900880876716],[133.59230114931182,34.572327570405626],[133.58748887620993,34.569956046936426],[133.5844418282049,34.571253534701995],[133.57942483490868,34.569770294732976],[133.5808306954347,34.56627139571733],[133.57682964133423,34.56596123047719],[133.57716145890794,34.562959622678434],[133.57830494428705,34.562272484405725],[133.5796172403709,34.562085032598645],[133.58062259786593,34.560859470205685],[133.58143031964423,34.56070383320926],[133.58116590210759,34.558961802794435],[133.58088971315706,34.55760187116412],[133.5794078245299,34.55739303398223],[133.57874369895137,34.55667757834038],[133.57817380670227,34.55643516623762],[133.57755685106324,34.554346689678226],[133.57530524491685,34.55257579563781],[133.57501246787368,34.55178978562575]]]}},{"type":"Feature","properties":{"KEY_CODE":"33216005001","PREF":"33","CITY":"216","CITY_NAME":"浅口市","S_NAME":"小坂東","SETAI":"418"},"geometry":{"type":"Polygon","coordinates":[[[133.54048549126676,34.55085883641816],[133.540493265863,34.55075718107728],[133.54069851292522,34.549984583286076],[133.5412549261859,34.548903641978356],[133.5409136942315,34.54817286963319],[133.5406122864671,34.54756082479403],[133.5408139680184,34.547172347528395],[133.54182813588838,34.546766577155964],[133.54232831566168,34.54657780087225],[133.54330951395306,34.54604741639151],[133.5436960946472,34.545592364737274],[133.5445143413226,34.54488257877722],[133.54449146010506,34.5443936187953],[133.54364188608247,34.54405007093826],[133.5439617137918,34.5437220746504],[133.54434013144868,34.54348108777434],[133.54454143443215,34.54244390069499],[133.54445119981494,34.5416599512488],[133.54368248012162,34.540545245213714],[133.5433872274708,34.53952571093927],[133.54328038356977,34.53880772067622],[133.5433865912385,34.53833184655781],[133.5433099502503,34.53757925610341],[133.54344923129403,34.536971601113336],[133.54350633857442,34.536836735075056],[133.5435408067522,34.536350538052154],[133.54334264192408,34.53622712905631],[133.5431820840315,34.53588913772441],[133.5425025216424,34.53520929643477],[133.54432243434414,34.53422675952421],[133.5447757378493,34.53416247802915],[133.544974414039,34.53401485624856],[133.54559120244576,34.53353619762679],[133.54581993789918,34.533278324820664],[133.546386840418,34.53223980787698],[133.54653301137952,34.53119605655618],[133.54651972101126,34.5307637839598],[133.54664479684072,34.530423539726485],[133.54690364650423,34.52974085260628],[133.54742404832518,34.529326361956876],[133.54809894445796,34.52882398236096],[133.5488408355677,34.527929003511886],[133.54971199113118,34.528256890059275],[133.54966651186592,34.529957736745494],[133.5511739121858,34.53075074257197],[133.5531467257956,34.529953466316655],[133.55602693359612,34.53127156422867],[133.5513970369167,34.532908447187836],[133.54910400436813,34.53364632330671],[133.5479580331583,34.53406427213215],[133.5472333498367,34.534751017022934],[133.54699263258752,34.53517870430297],[133.54692636546818,34.53712875415591],[133.54741467755898,34.538666220705956],[133.54804754066316,34.53954872724089],[133.54916973091667,34.5401591015058],[133.54971392635744,34.5402792171276],[133.550260701799,34.540414842793204],[133.55398871520399,34.54355274505942],[133.55758716256457,34.54657488875313],[133.55913390229247,34.54871370359879],[133.5591339022925,34.54871370359879],[133.56131760093226,34.548043115763036],[133.5626950466153,34.54691497225505],[133.56417980828775,34.546303054479935],[133.56462978441033,34.545475040857795],[133.5667449734363,34.54449134179482],[133.56746536163655,34.54455232044353],[133.56779191243345,34.54485524595592],[133.56802280379912,34.5449985370142],[133.56832827627065,34.54513989604137],[133.56857060788874,34.54568923362214],[133.5699764373214,34.54780604000384],[133.5732016772591,34.548828012136674],[133.5759163263716,34.549646860646654],[133.57573692752175,34.55127811770936],[133.57501246787368,34.55178978562575],[133.57530524491685,34.55257579563781],[133.57755685106324,34.554346689678226],[133.57817380670227,34.55643516623762],[133.57874369895137,34.55667757834038],[133.5794078245299,34.55739303398223],[133.58088971315706,34.55760187116412],[133.58116590210759,34.558961802794435],[133.58143031964423,34.56070383320926],[133.58062259786593,34.560859470205685],[133.5796172403709,34.562085032598645],[133.57830494428705,34.562272484405725],[133.57716145890794,34.562959622678434],[133.57682964133423,34.56596123047719],[133.5705115386931,34.5687528611955],[133.56983944716947,34.57071399059045],[133.56906675794863,34.57203454031362],[133.56932655347478,34.57286132771525],[133.56796050553766,34.57450777976485],[133.57002038504515,34.57540834703582],[133.57311429370557,34.574215199858415],[133.5731883107187,34.575026743843836],[133.5739447371006,34.57432994828727],[133.57463560873282,34.57259007710944],[133.57555481928384,34.57223854529137],[133.5764175179241,34.57350897143087],[133.57694592506394,34.57518554701068],[133.57859227349755,34.57646179224471],[133.57946788823168,34.5775846592787],[133.58022630664493,34.579212634111286],[133.58404908436054,34.57865182764406],[133.5854248777285,34.57904508867835],[133.5859367064771,34.5803789509919],[133.58584671939525,34.58180238548348],[133.58341651533937,34.58247589469425],[133.5840115537078,34.58491830339865],[133.58372198640376,34.58573592458957],[133.58452465553614,34.58773374520008],[133.58473814797426,34.58983878180881],[133.58368133551517,34.590254596320285],[133.58235320776964,34.590147132279355],[133.5812054356373,34.58979750056438],[133.57809782458526,34.59013751797027],[133.5760415559878,34.58918468685755],[133.57485437137197,34.58936128336404],[133.57303668044142,34.58812083250436],[133.57083340866922,34.58701176275109],[133.57025200915353,34.58524188022539],[133.5697508111161,34.585142258350984],[133.57077007448473,34.584837886789856],[133.57238188468273,34.5846259401314],[133.57194583371106,34.583135872836635],[133.5712114829286,34.583353151677635],[133.57121502350827,34.582564635097164],[133.57088838160695,34.581806880399775],[133.5706428522496,34.581697308890554],[133.57004388718198,34.58097701412578],[133.56969763196292,34.58058720442846],[133.56939438754418,34.58029922261784],[133.56900858716597,34.58027610592829],[133.56880402004245,34.5801670693273],[133.56878179850258,34.57985999587649],[133.56849484783805,34.5794394246406],[133.5677163595219,34.57904057027776],[133.56739237983467,34.578563843870675],[133.565925951865,34.577470171015406],[133.56633557335957,34.575001473133646],[133.5664126026921,34.57416157854813],[133.56625166033325,34.573115804708955],[133.5652402815644,34.572457843734824],[133.56466124263557,34.572369554460934],[133.56408255333668,34.572095610288606],[133.5631483308633,34.571448825510174],[133.56253059923455,34.57121801407536],[133.56305725853503,34.57038433225848],[133.56311912035005,34.57025935511153],[133.56286475977018,34.5698940540122],[133.56204259888943,34.569443616834974],[133.56130799844823,34.56814418577194],[133.56131235470346,34.567903479558595],[133.56145983646934,34.5667515910939],[133.56144295490253,34.56645961805424],[133.56123525971856,34.56623363485519],[133.56122173596006,34.56591027065824],[133.5613638307284,34.56534025029914],[133.56152161152738,34.565071492105034],[133.56149608869939,34.56460930285583],[133.56164739268496,34.564258099091155],[133.56169662795168,34.563721441371854],[133.5620349245128,34.56328379683461],[133.5623515077345,34.56297518610396],[133.56237722761122,34.562633333603685],[133.56227414633264,34.56232715430591],[133.56219671952522,34.56224834800733],[133.56146297139756,34.56235445074856],[133.56062275444793,34.56150933860649],[133.5605561870065,34.560698954461266],[133.56063415400422,34.560277418573726],[133.56100681070075,34.559575165412255],[133.5600271598564,34.55829953477026],[133.5595600493482,34.55721434131614],[133.55910431027263,34.55583129305765],[133.55879783245717,34.55546537251548],[133.5574020945215,34.55507624445223],[133.55703845989177,34.554404146237246],[133.55674573419455,34.553641356697185],[133.5564319438268,34.55297449503228],[133.55506003337604,34.55158616970209],[133.55464358800023,34.55182526171825],[133.55454365689937,34.55182462891744],[133.55435964426863,34.551638927111355],[133.55368055661097,34.551132712054574],[133.5534415389729,34.55104019618051],[133.5519663415538,34.55080262328432],[133.55126267574423,34.55014156115441],[133.55007672219344,34.55013400929353],[133.54918699195954,34.54987294087487],[133.54908292098744,34.549869318567154],[133.54692841351127,34.55067723262619],[133.54651513904454,34.55106436362971],[133.54607735793644,34.551151847659106],[133.5453824968549,34.550994818637726],[133.54458656974074,34.55069598512612],[133.54352428201332,34.55040684083192],[133.54300594877034,34.55035264475982],[133.54272875420423,34.55042706585959],[133.54157854446618,34.55077546996397],[133.54048549126676,34.55085883641816]],[[133.56293161603338,34.549425845237835],[133.56373283606473,34.54996672093863],[133.56382161230505,34.54983796183134],[133.56293161603338,34.549425845237835]]]}},{"type":"Feature","properties":{"KEY_CODE":"33216006001","PREF":"33","CITY":"216","CITY_NAME":"浅口市","S_NAME":"小坂西","SETAI":"383"},"geometry":{"type":"Polygon","coordinates":[[[133.54692636546818,34.53712875415591],[133.54699263258752,34.53517870430297],[133.5472333498367,34.534751017022934],[133.5479580331583,34.53406427213215],[133.54910400436813,34.53364632330671],[133.5513970369167,34.532908447187836],[133.55602693359612,34.53127156422867],[133.55661720979685,34.53120783117213],[133.55702900262912,34.53126537954],[133.55717819340384,34.53127421314028],[133.55752315541065,34.53125188594442],[133.55810955335272,34.530881029734964],[133.5583479095677,34.53073603511026],[133.558563948132,34.530786141482125],[133.5589111169136,34.53093892346847],[133.55905286881904,34.53102504406507],[133.5594178565175,34.531128492512416],[133.5607574769085,34.531550810607456],[133.56044897449482,34.532242214843656],[133.5605338777902,34.53343420466137],[133.56011992635422,34.53438273137418],[133.55953535170534,34.534812493938794],[133.559406000105,34.53508721424476],[133.5593010775443,34.53515909825586],[133.55927009434367,34.53543542534345],[133.5594502004604,34.53582000322138],[133.5594778540516,34.53679582488352],[133.5594057233968,34.537554788335264],[133.55970328151662,34.53740635901344],[133.56063404414567,34.53777467508395],[133.56249782816792,34.538545809593195],[133.5643429261907,34.537871780529436],[133.56520453505408,34.537255387957025],[133.56524618803508,34.537251704340676],[133.56536811866957,34.53717160962143],[133.5653867573908,34.536930421033766],[133.5656953423616,34.53740594674876],[133.56581643788937,34.53750981861554],[133.56616528237288,34.53761412732364],[133.56708180097272,34.537533641513626],[133.56728894914428,34.53769284605108],[133.5674989134222,34.537814033725674],[133.56788711456474,34.53806381680253],[133.567589895468,34.53843765517724],[133.56790606703146,34.53919340355918],[133.56795415470256,34.53936105284909],[133.5679124779649,34.53973972421199],[133.5677817835467,34.540266173748485],[133.56777318044993,34.54036937478792],[133.56903804840093,34.54215935461601],[133.570144037238,34.54247641754795],[133.5708494826626,34.54240994226876],[133.57112943230157,34.542399988136175],[133.57118215565592,34.54237721319959],[133.57142627543354,34.54245113203086],[133.5714769194714,34.54265696962995],[133.57161145565948,34.54286628551324],[133.57184804579046,34.543000870437886],[133.57207433255104,34.543126657312044],[133.57227541224336,34.54316959929713],[133.57296825610456,34.54349844103189],[133.57492310992438,34.54337007108495],[133.575209886424,34.54337761445149],[133.5753185550249,34.54335222480868],[133.5755388911343,34.54336513330032],[133.57604033965842,34.543418934124055],[133.57620190075116,34.543738284950926],[133.5764062344892,34.54429821571997],[133.5766913442931,34.5446793201596],[133.57671471744814,34.54581343946588],[133.57721040531155,34.54647842136399],[133.5774332849686,34.546644183175864],[133.57784202596238,34.5468243281151],[133.57644950737387,34.548267255864175],[133.57635469388882,34.54961152658792],[133.5759163263716,34.549646860646654],[133.5732016772591,34.548828012136674],[133.5699764373214,34.54780604000384],[133.56857060788874,34.54568923362214],[133.56832827627065,34.54513989604137],[133.56802280379912,34.5449985370142],[133.56779191243345,34.54485524595592],[133.56746536163655,34.54455232044353],[133.5667449734363,34.54449134179482],[133.56462978441033,34.545475040857795],[133.56417980828775,34.546303054479935],[133.5626950466153,34.54691497225505],[133.56131760093226,34.548043115763036],[133.55913390229242,34.548713703598814],[133.5576670047189,34.5463271860489],[133.55758716256457,34.54657488875313],[133.55398871520399,34.54355274505942],[133.550260701799,34.540414842793204],[133.55082571990388,34.54001993118382],[133.54971392635744,34.5402792171276],[133.54916973091667,34.5401591015058],[133.54804754066316,34.53954872724089],[133.54741467755898,34.538666220705956],[133.54692636546818,34.53712875415591]],[[133.56746536163655,34.54455232044353],[133.56793019235585,34.543928219676374],[133.56762224157725,34.54381628430896],[133.56746536163655,34.54455232044353]],[[133.55445323848824,34.53735130696945],[133.5552352377088,34.536975784657],[133.5583725564611,34.53809765137404],[133.55523523770879,34.536975784656995],[133.55445323848824,34.53735130696945]]]}},{"type":"Feature","properties":{"KEY_CODE":"33216007001","PREF":"33","CITY":"216","CITY_NAME":"浅口市","S_NAME":"深田","SETAI":"456"},"geometry":{"type":"Polygon","coordinates":[[[133.5663971666394,34.535946025322005],[133.5666889098828,34.535714433658406],[133.5672194658072,34.53527768165712],[133.56775599895226,34.53557374935882],[133.56799616403245,34.53573301733564],[133.56836002464104,34.53600053653143],[133.56852704910773,34.53609849325616],[133.56944049281896,34.53481272584796],[133.56961252598185,34.534641095496035],[133.56978220645158,34.53443803728192],[133.569867294299,34.534178529384334],[133.56998875117858,34.53396249243121],[133.57016101073017,34.533765648575596],[133.57027552670212,34.53362014193262],[133.57043856965078,34.533313646507374],[133.57062794065337,34.53319072162866],[133.5707282703973,34.533060763110385],[133.57080571229886,34.53279923471102],[133.57099104909722,34.53255823960337],[133.57135694144358,34.53218059876543],[133.57182477292997,34.53186965662421],[133.5716281130252,34.53172756981141],[133.57214137975365,34.53102361297366],[133.572751113359,34.530191498775444],[133.57389117505113,34.529961339056996],[133.5764278719239,34.53066715644311],[133.57718809507077,34.53176405040869],[133.57811907918466,34.532185471155415],[133.5800442650069,34.531800479591894],[133.58072685552276,34.53325613283236],[133.58179356827821,34.53315109965082],[133.5817616093323,34.53345094479489],[133.5821514955098,34.53394382014363],[133.58236462814037,34.533978789347614],[133.58249942877418,34.533979613372786],[133.58360996120652,34.53465874190578],[133.58278001212213,34.53576241640114],[133.58240831643667,34.5362986694419],[133.58219174989466,34.53654216841635],[133.58093218913373,34.53648868036834],[133.5817699998457,34.53693584202144],[133.5814523668191,34.53722126352736],[133.58195425033546,34.538838646141485],[133.58125206160165,34.54003719825578],[133.5810163563045,34.541331431803144],[133.58161530469533,34.54249103366644],[133.5810939845934,34.54460645424315],[133.58063211095782,34.54507341506653],[133.58038898451562,34.54532238855316],[133.5803303298885,34.54572068323618],[133.58032155338475,34.546488214596586],[133.57937286040936,34.54682189069143],[133.578827406814,34.546868976116556],[133.57814970911662,34.546836923924346],[133.5774332849686,34.546644183175864],[133.57721040531155,34.54647842136399],[133.57671471744814,34.54581343946588],[133.5766913442931,34.5446793201596],[133.5764062344892,34.54429821571997],[133.57620190075116,34.543738284950926],[133.57604033965842,34.543418934124055],[133.5755388911343,34.54336513330032],[133.5753185550249,34.54335222480868],[133.575209886424,34.54337761445149],[133.57492310992438,34.54337007108495],[133.57296825610456,34.54349844103189],[133.57227541224336,34.54316959929713],[133.5737566896261,34.54263529923756],[133.5744876909214,34.541852373938745],[133.57292947155187,34.54139451078516],[133.572246581419,34.54046873913621],[133.57144722848835,34.539782414174645],[133.57526632071207,34.53853035422745],[133.57144722848835,34.53978241417464],[133.57141344864385,34.53962218070377],[133.57134453267122,34.53918901237916],[133.57117239078207,34.53904440083223],[133.57098142074375,34.53914506205906],[133.57102035817923,34.539318287455565],[133.57088502141045,34.53935660741604],[133.57066329710017,34.539254652519304],[133.5707268556275,34.53860241357443],[133.570895719286,34.53814381648366],[133.57101292514915,34.53755361009839],[133.57072994229347,34.536776806285054],[133.5705343162796,34.53666965919979],[133.56988807962932,34.536903705315495],[133.56945957808045,34.53726517899698],[133.56909336698308,34.53752477023235],[133.56812033357903,34.53706539951885],[133.56741302252476,34.536959563778765],[133.56737128511634,34.53655388894566],[133.56728228762006,34.536346401852974],[133.5667409406226,34.53617595382246],[133.5665155520783,34.535973952304374],[133.5663971666394,34.535946025322005]],[[133.57471949196747,34.533628106427464],[133.57499069669367,34.5337440227085],[133.57494308400973,34.53348467795359],[133.57471949196747,34.533628106427464]]]}},{"type":"Feature","properties":{"KEY_CODE":"33216008001","PREF":"33","CITY":"216","CITY_NAME":"浅口市","S_NAME":"六条院西","SETAI":"547"},"geometry":{"type":"Polygon","coordinates":[[[133.56371469373468,34.50598764111193],[133.56383872679947,34.50507071380653],[133.56424717270647,34.50428192485643],[133.56459346044804,34.50308988454754],[133.56571706667916,34.50185708852961],[133.56604506321395,34.49991838516791],[133.565847645138,34.49927426637093],[133.5679359742678,34.49775535165678],[133.57262453636486,34.49738410329998],[133.57402621327466,34.497266721818626],[133.5776551158543,34.49741985428405],[133.58021472572284,34.49756603385658],[133.58054100893727,34.49710475791908],[133.58335801225448,34.49693805921751],[133.5842713009122,34.497383677342235],[133.58575190809853,34.4972390575763],[133.58632988927474,34.49800054205977],[133.5866338742077,34.50080952847732],[133.586947071421,34.501493469659714],[133.58857874697824,34.502052348331],[133.58648504010634,34.50462292344043],[133.5857104499266,34.504753413244515],[133.58482358254042,34.5060277174681],[133.58454771541304,34.506797537313034],[133.5837672031326,34.50687616364742],[133.5829909598012,34.50788661288396],[133.5811441911563,34.50818914713488],[133.58070297437197,34.50933826735472],[133.58059224696476,34.50946605383738],[133.58053561245873,34.50958628386765],[133.58081073221902,34.51019719819028],[133.5811830305225,34.510607135058926],[133.58138570340407,34.51103363956006],[133.58090539382482,34.51116000451525],[133.58082164955135,34.512529375965855],[133.57914980269453,34.51362403195371],[133.57913917209996,34.5134531004057],[133.5790024161645,34.512916559353144],[133.57836814885013,34.512818842193106],[133.57779703562883,34.513125082354584],[133.5773622841244,34.51333003404038],[133.57664084046016,34.51348306969568],[133.576118422886,34.51376607778989],[133.57585650459612,34.514551458226116],[133.57569029577934,34.51474397650516],[133.5756330556668,34.51481687133178],[133.57547802269073,34.51506256403457],[133.57541348221974,34.51514301965955],[133.5753472059604,34.515180080000384],[133.57525044436082,34.515257519138224],[133.57519702847088,34.51534959467682],[133.57492760425922,34.51581545112439],[133.57449771492267,34.51628932988073],[133.5744239673152,34.516437201063894],[133.57416360489873,34.51641798235838],[133.57398652872627,34.51636279491548],[133.5731043235355,34.51603686685207],[133.57241297869908,34.5158511485106],[133.57252237966054,34.51510314371779],[133.5724585016706,34.514894411946514],[133.57231065656856,34.51475953441708],[133.57173729964134,34.51459721742546],[133.57126672876703,34.514415817298314],[133.5704830016478,34.514118366515554],[133.57013770862588,34.513999299321156],[133.5694986888428,34.513919672081556],[133.56925358208332,34.51392687701187],[133.5692469337189,34.513928102739996],[133.56874563343428,34.51402005643672],[133.5684937476403,34.51202795798827],[133.56697536168807,34.51139698412124],[133.56676260397995,34.51016537789575],[133.5656658853547,34.50898049349543],[133.56514679042976,34.50780471648625],[133.56488634944404,34.50763052810892],[133.56439645417456,34.50682595745356],[133.56395747584727,34.50621257058806],[133.56371469373468,34.50598764111193]],[[133.57183591030824,34.511636339362205],[133.5724788058587,34.51246888706996],[133.57369741346554,34.512115411246555],[133.5724788058587,34.51246888706993],[133.57236598608648,34.51154990560616],[133.57183591030824,34.511636339362205]]]}},{"type":"Feature","properties":{"KEY_CODE":"33216009001","PREF":"33","CITY":"216","CITY_NAME":"浅口市","S_NAME":"六条院中","SETAI":"1187"},"geometry":{"type":"Polygon","coordinates":[[[133.57475269244037,34.52446506555324],[133.57608144008972,34.52157513743068],[133.57608386773984,34.521570222728386],[133.57705936969464,34.51951357488609],[133.5785180221927,34.52054001696485],[133.57796739082394,34.51968116277114],[133.5782571679426,34.518560837896715],[133.5779964529849,34.51750262439874],[133.5786290766954,34.51677502019529],[133.57848946297585,34.51719900191805],[133.57883934010974,34.51614919452493],[133.5789892933176,34.515729501784854],[133.57934738248798,34.51437040920762],[133.5793826916737,34.5140390360543],[133.57934277972544,34.51375579800043],[133.57914980269453,34.51362403195371],[133.58082164955135,34.512529375965855],[133.58090539382482,34.51116000451525],[133.58138570340407,34.51103363956006],[133.5811830305225,34.510607135058926],[133.58081073221902,34.51019719819028],[133.58053561245873,34.50958628386765],[133.58059224696476,34.50946605383738],[133.58070297437197,34.50933826735472],[133.5811441911563,34.50818914713488],[133.5829909598012,34.50788661288396],[133.5837672031326,34.50687616364742],[133.58454771541304,34.506797537313034],[133.58482358254042,34.5060277174681],[133.5857104499266,34.504753413244515],[133.58648504010634,34.50462292344043],[133.58857874697824,34.502052348331],[133.59076069456424,34.50267061288807],[133.59223159370026,34.502558692380994],[133.59320248474822,34.50300053250109],[133.59484543636057,34.50229407950187],[133.5976792077538,34.503573967213505],[133.5980495975484,34.50441458748899],[133.5985015279084,34.50544684216717],[133.59866188160618,34.50590672326651],[133.59871093243387,34.50596970001853],[133.59872533270476,34.50608416400078],[133.5986426730733,34.5067520443955],[133.59877745524017,34.507013160922874],[133.59879657443506,34.5073958487165],[133.59881963129124,34.507600514349036],[133.5986642580093,34.507797206406174],[133.59838994489078,34.50820757266947],[133.5983707674042,34.50824070024128],[133.59830466971837,34.50862893278909],[133.5983464397695,34.508726939761836],[133.5980237390628,34.50874472189422],[133.59815514169156,34.509061739685166],[133.59827134240712,34.509385427214525],[133.59820942083428,34.509694804300516],[133.5981800822748,34.51021876441211],[133.59928369204056,34.510872492395464],[133.59991957253658,34.51125732634491],[133.5999933964445,34.51131932383916],[133.5998327229513,34.5116743121981],[133.59981552989314,34.51183098604069],[133.59999304417278,34.51199375626167],[133.600461018093,34.51238335868309],[133.60062079161605,34.512600111756676],[133.60131447844128,34.51306120890188],[133.60233759692736,34.51357469616135],[133.60299287199177,34.51545161302029],[133.60199488122564,34.51665268219976],[133.60073111014415,34.51784567717151],[133.6019470443261,34.5168501631995],[133.6020221576354,34.51699921880522],[133.60211170935622,34.51715131802033],[133.6021206008205,34.51723447756475],[133.60208341655175,34.51786995392598],[133.60240292635353,34.5183988157022],[133.60228041050664,34.519032655465296],[133.60227129876245,34.51928769786179],[133.60233936227075,34.51962137644204],[133.60231524609748,34.520094662782306],[133.6020893706674,34.520343343432586],[133.60176880875775,34.52056976611608],[133.6015695680481,34.52068140700234],[133.60140783343292,34.52086370103122],[133.60121244113716,34.522885440326164],[133.60019045497944,34.52461840876892],[133.59818352184456,34.5267172108941],[133.5981613785837,34.52675806956191],[133.59801050981127,34.52700916686334],[133.59751817355854,34.52736273848271],[133.5974363181186,34.52750705375616],[133.59738634326908,34.52775213485421],[133.59764398402876,34.52871900438283],[133.59757023581372,34.528685882639],[133.59710548735563,34.529619406036346],[133.5966151237656,34.53028894111545],[133.595614607248,34.531795513319594],[133.5952154272248,34.53249714583683],[133.59578806566313,34.533578459980696],[133.59533397407654,34.53386436065239],[133.59494748803877,34.53365257790022],[133.59484226953313,34.53378139823259],[133.5945998372325,34.53359301745712],[133.59446351790604,34.53353233171549],[133.59318006130235,34.533691110147444],[133.59278652123717,34.53349815294089],[133.59225333525555,34.533332806671275],[133.5918407058934,34.532709113256836],[133.59164155538775,34.53238125060781],[133.5920851205749,34.53125322126261],[133.59120327004527,34.53167626248883],[133.5901805265397,34.531333136251625],[133.5913264481162,34.53010145369132],[133.58988500332669,34.531347125030486],[133.5892364875931,34.53029109001185],[133.58783776183148,34.53002680021039],[133.5865866239559,34.53034586305797],[133.58607985186325,34.53041025526421],[133.58514639837398,34.52954347032917],[133.58474259373202,34.529475789207105],[133.5845131573691,34.52924703466312],[133.58428915378002,34.52855205242883],[133.58373900238476,34.527930726203536],[133.58281469039375,34.5280410086735],[133.58275184315985,34.52697217752703],[133.5817419160938,34.526847109244954],[133.5816640360311,34.5274465695471],[133.581625498874,34.5274357682694],[133.57990525706023,34.52651496279924],[133.57903669565604,34.526492865292795],[133.57812595494124,34.5257309677663],[133.577780559231,34.525493598860756],[133.57511318985289,34.524988067674805],[133.57478721626717,34.52469347896124],[133.57475269244037,34.52446506555324]],[[133.58558216984505,34.523324621466095],[133.58654783090876,34.52369885912919],[133.5866322307295,34.52350005126471],[133.58558216984505,34.523324621466095]],[[133.5869997502023,34.52821442795256],[133.58762079177185,34.527261462576725],[133.58744174383065,34.527519139542136],[133.5869997502023,34.52821442795256]],[[133.58762079177185,34.527261462576725],[133.58806418695036,34.52747953416873],[133.58856595682283,34.52773669537323],[133.5880641869504,34.52747953416874],[133.58762079177185,34.527261462576725]]]}},{"type":"Feature","properties":{"KEY_CODE":"33216010001","PREF":"33","CITY":"216","CITY_NAME":"浅口市","S_NAME":"六条院東","SETAI":"669"},"geometry":{"type":"Polygon","coordinates":[[[133.59484226953313,34.53378139823259],[133.59494748803877,34.53365257790022],[133.59533397407654,34.53386436065239],[133.59578806566313,34.533578459980696],[133.5952154272248,34.53249714583683],[133.595614607248,34.531795513319594],[133.595614607248,34.531795513319594],[133.5966151237656,34.53028894111545],[133.59710548735563,34.529619406036346],[133.59757023581372,34.528685882639],[133.59764398402876,34.52871900438283],[133.59738634326908,34.52775213485421],[133.5974363181186,34.52750705375616],[133.5978401442695,34.52713506265652],[133.59801050981127,34.52700916686334],[133.5981613785837,34.52675806956191],[133.59818352184456,34.5267172108941],[133.60019045497944,34.52461840876892],[133.60121244113716,34.522885440326164],[133.60140783343292,34.52086370103122],[133.6015695680481,34.52068140700234],[133.60176880875775,34.52056976611608],[133.6020893706674,34.520343343432586],[133.60231524609748,34.520094662782306],[133.60233936227075,34.51962137644204],[133.60227129876245,34.51928769786179],[133.60228041050664,34.519032655465296],[133.60240292635353,34.5183988157022],[133.60208341655175,34.51786995392598],[133.6021206008205,34.51723447756475],[133.60211170935622,34.51715131802033],[133.6020221576354,34.51699921880522],[133.6019470443261,34.5168501631995],[133.60199488122564,34.51665268219976],[133.60299287199177,34.51545161302029],[133.60233759692736,34.51357469616135],[133.60131447844128,34.51306120890188],[133.6014286334003,34.51293765312975],[133.60062079161605,34.512600111756676],[133.600461018093,34.51238335868309],[133.59999304417278,34.51199375626167],[133.59981552989314,34.51183098604069],[133.5998327229513,34.5116743121981],[133.5999933964445,34.51131932383916],[133.59991957253658,34.51125732634491],[133.59928369204056,34.510872492395464],[133.5981800822748,34.51021876441211],[133.59820942083428,34.509694804300516],[133.59827134240712,34.509385427214525],[133.59815514169156,34.509061739685166],[133.5983464397695,34.508726939761836],[133.59830466971837,34.50862893278909],[133.5983707674042,34.50824070024128],[133.59838994489078,34.50820757266947],[133.5986642580093,34.507797206406174],[133.59881963129124,34.507600514349036],[133.59879657443506,34.5073958487165],[133.59877745524017,34.507013160922874],[133.5986426730733,34.5067520443955],[133.59872533270476,34.50608416400078],[133.59871093243387,34.50596970001853],[133.59866188160618,34.50590672326651],[133.5985015279084,34.50544684216717],[133.5980495975484,34.50441458748899],[133.59799942836892,34.50337023801335],[133.59839089232545,34.50288930814774],[133.59905562732828,34.50266989943723],[133.5998314515968,34.50279414116427],[133.6006655111688,34.50309930609844],[133.60114032041864,34.50329470141682],[133.6017081559736,34.5035739002509],[133.60220724338325,34.503834796350404],[133.6023291845349,34.5038317218292],[133.60263401452534,34.50344942157535],[133.60263446823723,34.50339716513866],[133.60264769778723,34.50317651903804],[133.6026256198382,34.503112860380924],[133.6026420010737,34.503029007074566],[133.60386496119557,34.50312729938291],[133.60405648660085,34.51002741085683],[133.60386496119557,34.50312729938287],[133.60418753545068,34.50313105352726],[133.6050772924806,34.50318593528436],[133.60587153728216,34.50326728752471],[133.6061182694005,34.50369921785289],[133.60625269113666,34.50389609172664],[133.60671748397897,34.50492880947485],[133.60686948795353,34.504981547917964],[133.60704788021698,34.5054468759743],[133.60718285148687,34.50558064725203],[133.60757320424406,34.506092306559445],[133.6085880591689,34.50648370909634],[133.60996714712587,34.50692500625373],[133.60993970179481,34.5070496444654],[133.61005646743425,34.50745163894519],[133.60993679943843,34.50787280172355],[133.6098355074621,34.50833365424845],[133.60984551260415,34.50861500738115],[133.60999731369844,34.50902918087619],[133.6098653676388,34.509433227969076],[133.60978534498724,34.50958699396936],[133.60972238527415,34.50967592580218],[133.60960785516832,34.509983869200056],[133.60971161942598,34.51020591132389],[133.60996637881368,34.51046110141116],[133.6100601347617,34.51064012288057],[133.6099801118415,34.51079388908187],[133.60948620635477,34.51135707828734],[133.60942318338493,34.511463053467295],[133.6092078120522,34.51216663693362],[133.60882002381862,34.51244901888243],[133.60812748193447,34.512738328586245],[133.60814039370118,34.51364736763177],[133.607899150858,34.51446756896806],[133.6077878038871,34.51512373452887],[133.60765633354777,34.51546946863796],[133.6079103680529,34.51604553668443],[133.6077851733698,34.51686628420073],[133.60748416922135,34.51716650266751],[133.6063565967433,34.51720094796745],[133.60615653815515,34.517330055287516],[133.60615434073284,34.517583870708904],[133.60590215389263,34.51799396316986],[133.6063790630641,34.5187047512871],[133.60645517123143,34.5187792940339],[133.60590459515228,34.52058057674714],[133.60650045500532,34.52164746370711],[133.60572295412047,34.522304190371855],[133.60492142023057,34.52403257666141],[133.60416042702738,34.52480321120103],[133.60479854254325,34.52590458484241],[133.60425923083994,34.52729054656149],[133.6042838572126,34.528256572015124],[133.60408755121193,34.52919565160765],[133.60456156091254,34.53104134393101],[133.6038133801204,34.53086885793501],[133.6036478191332,34.5319412334309],[133.60413596012512,34.533326113517354],[133.60403250706236,34.53392993262214],[133.60398010475632,34.534427282230084],[133.603986956597,34.53457917057916],[133.60389637174518,34.53498473487598],[133.60387555813847,34.53508814339546],[133.603221818803,34.53500312805408],[133.60280411200714,34.535179258772196],[133.60166794836093,34.53565523464735],[133.6012498160114,34.535596120807135],[133.6010620051871,34.53540793920958],[133.60099797987118,34.53503962884848],[133.60087356651906,34.53474519191664],[133.6006540966018,34.53464499986627],[133.60035945008667,34.53459690101925],[133.60006638550198,34.53454303444968],[133.59919204156466,34.534401322356494],[133.59771730482734,34.53497525239112],[133.59644239925038,34.53596294960413],[133.59627225288045,34.535770216573546],[133.5961290867818,34.53565512008631],[133.5962646852072,34.53487668479174],[133.59544586434234,34.534187324718836],[133.59484226953313,34.53378139823259]],[[133.60027764412624,34.532745214572536],[133.60059553198826,34.532752744507036],[133.60062071391192,34.53270500182116],[133.60032645690356,34.53252519870634],[133.60027764412624,34.532745214572536]]]}},{"type":"Feature","properties":{"KEY_CODE":"33216011001","PREF":"33","CITY":"216","CITY_NAME":"浅口市","S_NAME":"鴨方","SETAI":"295"},"geometry":{"type":"Polygon","coordinates":[[[133.58849221589244,34.533560668996685],[133.58912114623854,34.53251448360518],[133.5891211462385,34.53251448360517],[133.58962167411713,34.5314063842382],[133.58988500332669,34.531347125030486],[133.5901805265397,34.531333136251625],[133.59120327004527,34.53167626248883],[133.5920851205749,34.53125322126261],[133.59164155538775,34.53238125060781],[133.59145039725146,34.533009049567895],[133.5918407058934,34.532709113256836],[133.59225333525555,34.533332806671275],[133.59278652123717,34.53349815294089],[133.59318006130235,34.533691110147444],[133.59446351790604,34.53353233171549],[133.5945998372325,34.53359301745712],[133.5950256011471,34.53392561535402],[133.59526649475077,34.53409567373923],[133.59544586434237,34.534187324718836],[133.5962646852072,34.53487668479174],[133.5961290867818,34.53565512008631],[133.59627225288045,34.535770216573546],[133.59623190917077,34.53611001539023],[133.59604452321486,34.53615551817835],[133.5952174158232,34.53583671698506],[133.5943585883999,34.53571887015374],[133.59306592949193,34.53593295436538],[133.59305242061055,34.535437600470395],[133.59129219794565,34.53383650987071],[133.59113181622521,34.533493948516394],[133.5910325956741,34.533752396355496],[133.58991493231716,34.534727599385185],[133.58849221589244,34.533560668996685]]]}},{"type":"Feature","geometry":{"type":"Polygon","coordinates":[[[133.572246581419,34.54046873913621],[133.57292947155187,34.54139451078516],[133.5744876909214,34.541852373938745],[133.5737566896261,34.54263529923756],[133.57227541224336,34.54316959929713],[133.57207433255104,34.543126657312044],[133.57184804579046,34.543000870437886],[133.57161145565948,34.54286628551324],[133.5714769194714,34.54265696962995],[133.57142627543354,34.54245113203086],[133.57118215565592,34.54237721319959],[133.57112943230157,34.542399988136175],[133.5708494826626,34.54240994226876],[133.570144037238,34.54247641754795],[133.57072684694225,34.5414828453025],[133.572246581419,34.54046873913621]]]},"properties":{"KEY_CODE":"33216012001","PREF":"33","CITY":"216","CITY_NAME":"浅口市","S_NAME":"みどりケ丘一丁目","SETAI":"161"}},{"type":"Feature","geometry":{"type":"Polygon","coordinates":[[[133.57134453267122,34.53918901237916],[133.57141344864385,34.53962218070377],[133.57144722848835,34.539782414174645],[133.572246581419,34.54046873913621],[133.57072684694225,34.5414828453025],[133.570144037238,34.54247641754795],[133.56903804840096,34.54215935461601],[133.56777318044993,34.54036937478791],[133.56912104493819,34.53984529467516],[133.570581112863,34.539082707271994],[133.57066329710017,34.539254652519304],[133.57088502141045,34.53935660741604],[133.57102035817923,34.539318287455565],[133.57098142074375,34.53914506205906],[133.57117239078207,34.53904440083223],[133.57134453267122,34.53918901237916]]]},"properties":{"KEY_CODE":"33216012002","PREF":"33","CITY":"216","CITY_NAME":"浅口市","S_NAME":"みどりケ丘二丁目","SETAI":"117"}},{"type":"Feature","geometry":{"type":"Polygon","coordinates":[[[133.5707268556275,34.53860241357443],[133.570581112863,34.539082707271994],[133.56912104493819,34.53984529467516],[133.56777318044993,34.54036937478791],[133.5677817835467,34.540266173748485],[133.5679124779649,34.53973972421199],[133.56795415470256,34.53936105284909],[133.56790606703146,34.53919340355918],[133.567589895468,34.53843765517724],[133.56788711456474,34.53806381680253],[133.56909336698308,34.53752477023235],[133.56945957808045,34.53726517899698],[133.56988807962932,34.536903705315495],[133.5705343162796,34.53666965919979],[133.57072994229347,34.536776806285054],[133.57101292514915,34.53755361009839],[133.570895719286,34.53814381648366],[133.5707268556275,34.53860241357443]]]},"properties":{"KEY_CODE":"33216012003","PREF":"33","CITY":"216","CITY_NAME":"浅口市","S_NAME":"みどりケ丘三丁目","SETAI":"152"}},{"type":"Feature","geometry":{"type":"Polygon","coordinates":[[[133.56909336698308,34.53752477023235],[133.56788711456474,34.53806381680253],[133.5674989134222,34.537814033725674],[133.56728894914428,34.53769284605108],[133.56708180097272,34.537533641513626],[133.56616528237288,34.53761412732364],[133.56581643788937,34.53750981861554],[133.5656953423616,34.53740594674876],[133.5653867573908,34.536930421033766],[133.56624031002707,34.53594631271109],[133.5663971666394,34.535946025322005],[133.5665155520783,34.535973952304374],[133.5667409406226,34.53617595382246],[133.56728228762006,34.536346401852974],[133.56737128511634,34.53655388894566],[133.56741302252476,34.536959563778765],[133.56812033357903,34.53706539951885],[133.56909336698308,34.53752477023235]]]},"properties":{"KEY_CODE":"33216012004","PREF":"33","CITY":"216","CITY_NAME":"浅口市","S_NAME":"みどりケ丘四丁目","SETAI":"90"}},{"type":"Feature","geometry":{"type":"Polygon","coordinates":[[[133.5786290766954,34.51677502019529],[133.5779964529849,34.51750262439874],[133.5782571679426,34.518560837896715],[133.57796739082394,34.51968116277114],[133.5785180221927,34.52054001696485],[133.57705936969464,34.51951357488609],[133.57742415931415,34.517444865722005],[133.57759749532232,34.51718857898685],[133.57691980166996,34.51677942108697],[133.57519702847088,34.51534959467682],[133.57525044436082,34.515257519138224],[133.5753472059604,34.515180080000384],[133.57541348221974,34.51514301965955],[133.57547802269073,34.51506256403457],[133.578026520315,34.51669580844851],[133.57866642891682,34.51666171495825],[133.5786290766954,34.51677502019529]]]},"properties":{"KEY_CODE":"33216013001","PREF":"33","CITY":"216","CITY_NAME":"浅口市","S_NAME":"鳩ケ丘一丁目","SETAI":"85"}},{"type":"Feature","geometry":{"type":"Polygon","coordinates":[[[133.57866642891682,34.51666171495825],[133.578026520315,34.51669580844851],[133.57547802269073,34.51506256403457],[133.5756330556668,34.51481687133178],[133.57569029577934,34.51474397650516],[133.57585650459612,34.514551458226116],[133.576118422886,34.51376607778989],[133.57766382725092,34.515199587512356],[133.57854856799264,34.51470567898392],[133.5789892933176,34.515729501784854],[133.57883934010974,34.51614919452493],[133.57866642891682,34.51666171495825]]]},"properties":{"KEY_CODE":"33216013002","PREF":"33","CITY":"216","CITY_NAME":"浅口市","S_NAME":"鳩ケ丘二丁目","SETAI":"101"}},{"type":"Feature","geometry":{"type":"Polygon","coordinates":[[[133.57934738248798,34.51437040920762],[133.5789892933176,34.515729501784854],[133.57854856799264,34.51470567898392],[133.57766382725092,34.515199587512356],[133.576118422886,34.51376607778989],[133.57664084046016,34.51348306969568],[133.5773622841244,34.51333003404038],[133.57779703562883,34.513125082354584],[133.57836814885013,34.512818842193106],[133.5790024161645,34.512916559353144],[133.57913917209996,34.5134531004057],[133.57914980269447,34.51362403195369],[133.57934277972544,34.51375579800043],[133.5793826916737,34.5140390360543],[133.57934738248798,34.51437040920762]]]},"properties":{"KEY_CODE":"33216013003","PREF":"33","CITY":"216","CITY_NAME":"浅口市","S_NAME":"鳩ケ丘三丁目","SETAI":"85"}},{"type":"Feature","geometry":{"type":"Polygon","coordinates":[[[133.57691980166996,34.51677942108697],[133.577393640707,34.51735677949146],[133.57715522344574,34.517394610265505],[133.576792513215,34.51725094747054],[133.5764051477359,34.517133332380546],[133.57628070373136,34.51706297768324],[133.57589295972423,34.516940427901964],[133.57576134093117,34.51687326874778],[133.57554472873056,34.51679558362322],[133.57483467526106,34.51650383485765],[133.57447021315676,34.516422978410795],[133.5744239673152,34.516437201063894],[133.57449771492267,34.51628932988073],[133.57492760425922,34.51581545112439],[133.57519702847088,34.51534959467682],[133.57691980166996,34.51677942108697]]]},"properties":{"KEY_CODE":"33216013004","PREF":"33","CITY":"216","CITY_NAME":"浅口市","S_NAME":"鳩ケ丘四丁目","SETAI":"5"}},{"type":"Feature","geometry":{"type":"Polygon","coordinates":[[[133.62300750327458,34.58011481743081],[133.6221094097932,34.58100989682061],[133.62107928601174,34.58084646974264],[133.6208355793944,34.57953390777456],[133.61883644887968,34.57971561343281],[133.6172988027703,34.579251713534354],[133.6164818014596,34.57764972577267],[133.61385786828967,34.577160600511505],[133.61239219683614,34.57609431885103],[133.6110877195126,34.57453144605355],[133.61083116110038,34.573260079996516],[133.61086621859528,34.572674582936386],[133.61150111608444,34.57178226666396],[133.61154538979233,34.571605602428896],[133.6124015150597,34.57149269068992],[133.61352500905613,34.57096282497134],[133.6130027828094,34.569957551810425],[133.61266893713776,34.56931955243235],[133.6126017529177,34.56915334741588],[133.61251208367764,34.56881091489258],[133.61252299761375,34.56847413873928],[133.61261125688873,34.568053709980404],[133.61275188850024,34.567552723112904],[133.6127386819706,34.56742585606369],[133.61263270510693,34.56711854669406],[133.61248360171723,34.566954821534765],[133.61241012256502,34.56679815877823],[133.61245182998417,34.566612020630046],[133.61246784345602,34.56640431901992],[133.61253086344507,34.566017695756706],[133.6127779096516,34.56567426996515],[133.61260511135256,34.565425315077945],[133.6126253238777,34.56522411808117],[133.61266632554157,34.56506037587666],[133.6126972476817,34.56468384915466],[133.61254538528982,34.56444586313932],[133.6124193630697,34.56431100969731],[133.61209152658168,34.564074105224435],[133.61188199256463,34.56389987888554],[133.61175120582698,34.56367638322416],[133.61166132464632,34.563094026983755],[133.61175132191843,34.562275626949905],[133.61171497131977,34.56210847224105],[133.61167091094862,34.56187787671398],[133.61180676106164,34.56109327273123],[133.61208818058327,34.560622980067365],[133.6127191346912,34.560014285183605],[133.61303884718745,34.559918533816706],[133.6131169487067,34.55983516957884],[133.61311454762262,34.55958115118785],[133.6130429659712,34.55901876539744],[133.6130521574925,34.55880228875588],[133.61312904781855,34.55833685474892],[133.61312888225893,34.55803100606918],[133.61313051626092,34.55784195642682],[133.6133302485436,34.557444303739494],[133.61343312745907,34.55727106528985],[133.6136702400766,34.55681263280697],[133.61369288264288,34.5562112148584],[133.61379270622476,34.55596766022493],[133.61376737133423,34.55569772912279],[133.61371377196897,34.55561570410314],[133.61937639922076,34.55674984715075],[133.6221833177092,34.556526008746374],[133.62390304634917,34.556344382439896],[133.62722114527762,34.55792535478171],[133.6290304892432,34.55780375265444],[133.63333416109867,34.558159265967625],[133.63591709871164,34.559005501658596],[133.6390197646036,34.56046879254916],[133.63840813295175,34.56052928967581],[133.6384829379546,34.56282485921523],[133.63973420745788,34.564368497526935],[133.6391708322548,34.56530968857575],[133.6372114678012,34.56560499830029],[133.636584326807,34.56681755100185],[133.63713555454723,34.56810425021309],[133.6365897159552,34.569611110541246],[133.63462523250033,34.570326140903354],[133.63447409226904,34.571473486386964],[133.63247018446575,34.571888934869364],[133.63149083235086,34.57328624909931],[133.6304886793114,34.57352423747701],[133.62927606903432,34.574577755798586],[133.62791449155486,34.57425851462883],[133.62580902088175,34.57576441423087],[133.62442330489677,34.57752825748118],[133.6228088927425,34.579027474984585],[133.62300750327458,34.58011481743081]]]},"properties":{"KEY_CODE":"332160140","PREF":"33","CITY":"216","CITY_NAME":"浅口市","S_NAME":"上竹","SETAI":"154"}},{"type":"Feature","geometry":{"type":"Polygon","coordinates":[[[133.64754779722702,34.55381129551523],[133.64791439056532,34.55727780912106],[133.6467640921986,34.557469158946205],[133.64457102994498,34.55874088334226],[133.64041893007683,34.56026172523817],[133.64004035750148,34.560818692480346],[133.6390197646036,34.56046879254916],[133.63591709871164,34.559005501658596],[133.63333416109867,34.558159265967625],[133.6290304892432,34.55780375265444],[133.62951631622002,34.55471022289189],[133.6303028260185,34.55411251838075],[133.6314967558971,34.55432502920467],[133.63168946641377,34.55335061456363],[133.63317393922273,34.55297312968445],[133.6352933728292,34.54987784039475],[133.63613551043312,34.549157870531666],[133.638884808329,34.548836935763084],[133.64044491271383,34.548859281001405],[133.64287646658926,34.548217825741986],[133.64495795842228,34.549914272317004],[133.64413883326378,34.55100856391304],[133.64464858686011,34.55200044022915],[133.6466148061481,34.55448547841023],[133.64754779722702,34.55381129551523]]]},"properties":{"KEY_CODE":"332160150","PREF":"33","CITY":"216","CITY_NAME":"浅口市","S_NAME":"下竹","SETAI":"260"}},{"type":"Feature","geometry":{"type":"Polygon","coordinates":[[[133.64287646658926,34.548217825741986],[133.64044491271383,34.548859281001405],[133.638884808329,34.548836935763084],[133.63613551043312,34.549157870531666],[133.6362747235676,34.54767082987128],[133.63509792305774,34.5473150670086],[133.63379700834133,34.54641413295218],[133.63337419711578,34.545678085669884],[133.63241980434515,34.54534709059932],[133.63192408097257,34.54196758497641],[133.63375210174834,34.54055402254981],[133.63741799420575,34.53965771936774],[133.64065259747375,34.539362767385754],[133.64951239896558,34.544766070719845],[133.6499603396712,34.54554318336276],[133.64857855760957,34.54538854950466],[133.64287646658926,34.548217825741986]]]},"properties":{"KEY_CODE":"332160160","PREF":"33","CITY":"216","CITY_NAME":"浅口市","S_NAME":"八重","SETAI":"194"}},{"type":"Feature","properties":{"KEY_CODE":"33216017001","PREF":"33","CITY":"216","CITY_NAME":"浅口市","S_NAME":"占見新田","SETAI":"1259"},"geometry":{"type":"Polygon","coordinates":[[[133.60944497878265,34.53837323314431],[133.61107689685076,34.53875344271372],[133.61101889538853,34.53786652396744],[133.6121474685887,34.538058248222384],[133.61219935595844,34.53697983910286],[133.613856979722,34.53762442224133],[133.6149922531182,34.5385459650899],[133.61788814664766,34.53984077758843],[133.61992715369604,34.54024875264133],[133.625025771975,34.54155930485439],[133.6272450575025,34.54127459480701],[133.62715261290182,34.54248366076889],[133.62941318930356,34.54253342172773],[133.63137712882914,34.5423184486074],[133.63192408097257,34.54196758497641],[133.63241980434515,34.54534709059932],[133.63337419711578,34.545678085669884],[133.63379700834133,34.54641413295218],[133.63509792305774,34.5473150670086],[133.6362747235676,34.54767082987128],[133.63613551043312,34.549157870531666],[133.6352933728292,34.54987784039475],[133.63317393922273,34.55297312968445],[133.63168946641377,34.55335061456363],[133.6314967558971,34.55432502920467],[133.6303028260185,34.55411251838075],[133.62951631622002,34.55471022289189],[133.6290304892432,34.55780375265444],[133.62722114527762,34.55792535478171],[133.62390304634917,34.556344382439896],[133.6221833177092,34.556526008746374],[133.61937639922076,34.55674984715075],[133.61371377196897,34.55561570410314],[133.6159064836244,34.553688158550884],[133.6178335768658,34.55269225949637],[133.61908264848256,34.55121064147592],[133.61969792025707,34.54978347493164],[133.6210303512771,34.54913411076732],[133.62212164170134,34.547274412761794],[133.62246585790882,34.54611778806681],[133.62266367968303,34.54548743225203],[133.61658791230406,34.54436232744146],[133.61517487469672,34.543934852810715],[133.6148755230411,34.54176664741594],[133.61045003087074,34.541868971434475],[133.60972417227924,34.54106136766663],[133.60944497878265,34.53837323314431]]]}},{"type":"Feature","geometry":{"type":"Polygon","coordinates":[[[133.62246585790882,34.54611778806681],[133.62212164170134,34.547274412761794],[133.6210303512771,34.54913411076732],[133.61969792025707,34.54978347493164],[133.61908264848256,34.55121064147592],[133.6178335768658,34.55269225949637],[133.6159064836244,34.553688158550884],[133.61371377196897,34.55561570410314],[133.61322679565995,34.55533953101087],[133.61308116956081,34.555317963476035],[133.61296619165222,34.555246564428536],[133.612841063702,34.55518750268003],[133.61248488886258,34.55510228284611],[133.61238967583216,34.55506847344738],[133.6122222306765,34.55467654463871],[133.6120172108875,34.554554599967105],[133.61078622723505,34.55420836323261],[133.61044914152373,34.55395475444665],[133.61023278736914,34.55354083312237],[133.6100316688601,34.55341143856827],[133.6093667444384,34.55298747235277],[133.6091272038046,34.55277816321817],[133.60873717950574,34.55224976861793],[133.60824101574292,34.552076283424185],[133.60795545681268,34.55196248632145],[133.60775622405632,34.55174918303405],[133.60770318911443,34.55148264393732],[133.60747432628534,34.55121098959598],[133.606955860372,34.55129528324706],[133.60657286273678,34.551405303335656],[133.6064537321494,34.551449256792246],[133.60582666123332,34.55064519424531],[133.60517063981243,34.55010929745824],[133.60422203077152,34.54762296590128],[133.60387371910068,34.54526735999045],[133.6032735631111,34.5438051787944],[133.60385386723414,34.54263058805278],[133.60414467273932,34.540524314794446],[133.60387555813847,34.53508814339546],[133.60389637174518,34.53498473487598],[133.60567163957825,34.536329902848806],[133.60638636361992,34.53647991898037],[133.61021711737018,34.53645925575441],[133.61219935595844,34.53697983910286],[133.6121474685887,34.538058248222384],[133.61101889538853,34.53786652396744],[133.61107689685076,34.53875344271372],[133.60944497878265,34.53837323314431],[133.60972417227924,34.54106136766663],[133.61045003087074,34.541868971434475],[133.6148755230411,34.54176664741594],[133.61517487469672,34.543934852810715],[133.61658791230406,34.54436232744146],[133.62266367968303,34.54548743225203],[133.62246585790882,34.54611778806681]]]},"properties":{"KEY_CODE":"332160200","PREF":"33","CITY":"216","CITY_NAME":"浅口市","S_NAME":"占見","SETAI":"732"}},{"type":"Feature","geometry":{"type":"Polygon","coordinates":[[[133.6064537321494,34.551449256792246],[133.60534613764034,34.55171616462062],[133.60496512780585,34.551605882649255],[133.60384848529114,34.55167833491455],[133.60370806616444,34.55164426390211],[133.6033261450572,34.5516294757062],[133.60318164392282,34.55148719646364],[133.60242958360567,34.551258221767135],[133.6022044637402,34.551136312535235],[133.60186338650294,34.55076213321667],[133.60008906126433,34.5501733796329],[133.5994853630621,34.5499389203572],[133.5992300105966,34.54982936119826],[133.5990822866447,34.54966775528666],[133.5990714097239,34.54965585793547],[133.5977710028663,34.54698264316985],[133.59785869348352,34.54569944496467],[133.59682883322418,34.54421477144666],[133.59586974277846,34.54410507403091],[133.5956781212781,34.541285674224454],[133.59552398605314,34.5371157572687],[133.59604452321486,34.53615551817835],[133.59623190917077,34.53611001539023],[133.59644239925038,34.53596294960413],[133.59771730482734,34.53497525239112],[133.59919204156466,34.534401322356494],[133.60006638550198,34.53454303444968],[133.60035945008667,34.53459690101925],[133.6006540966018,34.53464499986627],[133.60087356651906,34.53474519191664],[133.60099797987118,34.53503962884848],[133.6010620051871,34.53540793920958],[133.6012498160114,34.535596120807135],[133.60166794836093,34.53565523464735],[133.60280411200714,34.535179258772196],[133.603221818803,34.53500312805408],[133.60387555813847,34.53508814339546],[133.60414467273932,34.540524314794446],[133.60385386723414,34.54263058805278],[133.6032735631111,34.5438051787944],[133.60387371910068,34.54526735999045],[133.60422203077152,34.54762296590128],[133.60517063981243,34.55010929745824],[133.60582666123332,34.55064519424531],[133.6064537321494,34.551449256792246]]]},"properties":{"KEY_CODE":"332160210","PREF":"33","CITY":"216","CITY_NAME":"浅口市","S_NAME":"地頭下","SETAI":"157"}},{"type":"Feature","geometry":{"type":"Polygon","coordinates":[[[133.62059081012472,34.51045762422572],[133.61898264357532,34.51477834184095],[133.6188605664667,34.519330808419696],[133.6181111184131,34.52183807952625],[133.61795933791157,34.52324479288749],[133.61686121726504,34.52497376711038],[133.61661135426235,34.526259472997374],[133.61668093778823,34.52953752716951],[133.61408581949271,34.529558426411214],[133.61339019898665,34.53008652170216],[133.6136218244896,34.5343178986801],[133.61556830030017,34.53632991792115],[133.61457061974775,34.537522391425874],[133.6149922531182,34.5385459650899],[133.613856979722,34.53762442224133],[133.61219935595844,34.53697983910286],[133.61021711737018,34.53645925575441],[133.60638636361992,34.53647991898037],[133.60567163957825,34.536329902848806],[133.60389637174518,34.53498473487598],[133.603986956597,34.53457917057916],[133.60398010475632,34.534427282230084],[133.60403250706236,34.53392993262214],[133.60413596012512,34.533326113517354],[133.6036478191332,34.5319412334309],[133.6038133801204,34.53086885793501],[133.60456156091254,34.53104134393101],[133.60408755121193,34.52919565160765],[133.6042838572126,34.528256572015124],[133.60425923083994,34.52729054656149],[133.60479854254325,34.52590458484241],[133.60416042702738,34.52480321120103],[133.60492142023057,34.52403257666141],[133.60572295412047,34.522304190371855],[133.60650045500532,34.52164746370711],[133.60590459515228,34.52058057674714],[133.60645517123143,34.5187792940339],[133.6063790630641,34.5187047512871],[133.60590215389263,34.51799396316986],[133.60615434073284,34.517583870708904],[133.60615653815515,34.517330055287516],[133.6063565967433,34.51720094796745],[133.60748416922135,34.51716650266751],[133.6077851733698,34.51686628420073],[133.6079103680529,34.51604553668443],[133.60765633354777,34.51546946863796],[133.6077878038871,34.51512373452887],[133.607899150858,34.51446756896806],[133.60814039370118,34.51364736763177],[133.60812748193447,34.512738328586245],[133.60882002381862,34.51244901888243],[133.6092078120522,34.51216663693362],[133.60942318338493,34.511463053467295],[133.60948620635477,34.51135707828734],[133.6099801118415,34.51079388908187],[133.6100601347617,34.51064012288057],[133.60996637881368,34.51046110141116],[133.60971161942598,34.51020591132389],[133.60960785516832,34.509983869200056],[133.60972238527415,34.50967592580218],[133.60978534498724,34.50958699396936],[133.6098653676388,34.509433227969076],[133.60999731369844,34.50902918087619],[133.60984551260415,34.50861500738115],[133.6098355074621,34.50833365424845],[133.60993679943843,34.50787280172355],[133.61005646743425,34.50745163894519],[133.60993970179481,34.5070496444654],[133.60996714712587,34.50692500625373],[133.61150646618063,34.50681872076336],[133.61379349461356,34.50775451426307],[133.61509866151806,34.50779076700349],[133.6159096842564,34.50726673396768],[133.61644896135743,34.50765232294937],[133.61750848115952,34.50729989053121],[133.6184644029122,34.50917185903487],[133.6184913438108,34.51016944208467],[133.62059081012472,34.51045762422572]]]},"properties":{"KEY_CODE":"332160220","PREF":"33","CITY":"216","CITY_NAME":"浅口市","S_NAME":"佐方","SETAI":"567"}},{"type":"Feature","geometry":{"type":"Polygon","coordinates":[[[133.62156375192336,34.51931355342737],[133.6213972441253,34.52255230955025],[133.62265513545833,34.52539632518066],[133.62202263867218,34.526311201647175],[133.62340616210497,34.52976628865256],[133.62496806896797,34.531080223205606],[133.6240794478833,34.531873221983915],[133.62389949203148,34.533408410590916],[133.62258574836852,34.535226370175906],[133.62101172336116,34.536711782940195],[133.62019199069925,34.53700636008291],[133.61886069268456,34.53672943508091],[133.61840178798565,34.53929976030434],[133.61788814664766,34.53984077758843],[133.6149922531182,34.5385459650899],[133.61457061974775,34.537522391425874],[133.61556830030017,34.53632991792115],[133.6136218244896,34.5343178986801],[133.61339019898665,34.53008652170216],[133.61408581949271,34.529558426411214],[133.61668093778823,34.52953752716951],[133.61661135426235,34.526259472997374],[133.61686121726504,34.52497376711038],[133.61795933791157,34.52324479288749],[133.6181111184131,34.52183807952625],[133.6188605664667,34.519330808419696],[133.61898264357532,34.51477834184095],[133.62059081012472,34.51045762422572],[133.6215397368085,34.51106968752668],[133.6222061614463,34.5122947927417],[133.62312020903693,34.51270123114557],[133.62260534920753,34.51529901294337],[133.62187206352928,34.51615581352992],[133.62208869085902,34.517141790187395],[133.62143540160213,34.51871783547232],[133.62156375192336,34.51931355342737]]]},"properties":{"KEY_CODE":"332160230","PREF":"33","CITY":"216","CITY_NAME":"浅口市","S_NAME":"須恵","SETAI":"213"}},{"type":"Feature","properties":{"KEY_CODE":"33216024001","PREF":"33","CITY":"216","CITY_NAME":"浅口市","S_NAME":"大谷","SETAI":"736"},"geometry":{"type":"Polygon","coordinates":[[[133.61788814664766,34.53984077758843],[133.61840178798565,34.53929976030434],[133.61886069268456,34.53672943508091],[133.62019199069925,34.53700636008291],[133.62101172336116,34.536711782940195],[133.62258574836852,34.535226370175906],[133.62389949203148,34.533408410590916],[133.6240794478833,34.531873221983915],[133.62496806896797,34.531080223205606],[133.62340616210497,34.52976628865256],[133.62202263867218,34.526311201647175],[133.62265513545833,34.52539632518066],[133.6213972441253,34.52255230955025],[133.62156375192336,34.51931355342737],[133.6236868598214,34.51875339529745],[133.62424791610962,34.51969641836155],[133.62581089959892,34.52032744308405],[133.62692919537236,34.522041340725934],[133.627598872826,34.5221088510686],[133.62824424461712,34.52114852695308],[133.6293150209794,34.520554327864836],[133.6309449948525,34.5206466106085],[133.63169999361688,34.52166381678616],[133.63091548692637,34.523971638452956],[133.63234975779895,34.52567910227565],[133.63225928136845,34.52652400583003],[133.63461652981866,34.52908722231513],[133.6361228999548,34.53037330943958],[133.63568064652335,34.531926070014194],[133.63691637085648,34.5333149857998],[133.63673041913438,34.53504993513903],[133.6385790323568,34.535685450927],[133.64009420802032,34.536657685094944],[133.64035070414553,34.5373675442764],[133.64065259747375,34.539362767385754],[133.63741799420575,34.53965771936774],[133.63375210174834,34.54055402254981],[133.63192408097257,34.54196758497641],[133.63137712882914,34.5423184486074],[133.62941318930356,34.54253342172773],[133.62715261290182,34.54248366076889],[133.6272450575025,34.54127459480701],[133.625025771975,34.54155930485439],[133.61992715369604,34.54024875264133],[133.61788814664766,34.53984077758843]]]}},{"type":"Feature","geometry":{"type":"Polygon","coordinates":[[[133.6009481785675,34.497037363776855],[133.6008230478227,34.49729100449417],[133.60059759317636,34.497567284979645],[133.60035273628452,34.4977561176632],[133.60011393975668,34.49787413476522],[133.59998839309233,34.49786239638723],[133.59978088996536,34.497757058915184],[133.59941284589655,34.497213960398696],[133.5994042746132,34.49697726851631],[133.59934975095905,34.496791150683606],[133.5990548758934,34.49659908415021],[133.59871523949872,34.496623527931],[133.59834893918884,34.49665231812435],[133.59794802817976,34.49651398341466],[133.59778222706487,34.49652397485414],[133.5976146884588,34.49661607431366],[133.59898585791484,34.49385082269516],[133.5993669061636,34.49398283728069],[133.60168441629145,34.494935098220395],[133.60219271250457,34.49420708255877],[133.60387377758138,34.49505295769757],[133.60446775784644,34.49579557638108],[133.60335677458792,34.496335627522406],[133.60282883101425,34.49722002372292],[133.6025724229175,34.497387804495844],[133.60245174598236,34.49744244118492],[133.60206125401024,34.497484339109306],[133.6009481785675,34.497037363776855]]]},"properties":{"KEY_CODE":"33216026001","PREF":"33","CITY":"216","CITY_NAME":"浅口市","S_NAME":"東安倉大谷","SETAI":"58"}},{"type":"Feature","geometry":{"type":"Polygon","coordinates":[[[133.59898585791484,34.49385082269516],[133.5976146884588,34.49661607431366],[133.59734432210985,34.4967934790956],[133.59699644754616,34.49701154240297],[133.59651225728814,34.497068206013296],[133.5962925114551,34.49683686086811],[133.59617217270275,34.49654188482679],[133.59609909443205,34.496493974500765],[133.59663328762036,34.49528159874539],[133.59824293061024,34.49365184159887],[133.59849261733459,34.49364953682024],[133.59898585791484,34.49385082269516]]]},"properties":{"KEY_CODE":"33216026002","PREF":"33","CITY":"216","CITY_NAME":"浅口市","S_NAME":"東安倉東","SETAI":"34"}},{"type":"Feature","geometry":{"type":"Polygon","coordinates":[[[133.59609909443205,34.496493974500765],[133.5957513386392,34.49654272573193],[133.5956866202625,34.496608678198605],[133.59565203192332,34.49689609963639],[133.59553824329035,34.49707683654525],[133.59548952336635,34.497151760034185],[133.59548609800996,34.49738725242974],[133.59554390714322,34.497498315218],[133.5954441706532,34.49790028247134],[133.5953372848677,34.49836080293474],[133.59500240814424,34.498462873462024],[133.59470359030885,34.498401343785275],[133.59434176710084,34.49744513054651],[133.5953127717794,34.49581071879441],[133.59731942271048,34.49364671708082],[133.59824293061024,34.49365184159887],[133.59663328762036,34.49528159874539],[133.59609909443205,34.496493974500765]]]},"properties":{"KEY_CODE":"33216026003","PREF":"33","CITY":"216","CITY_NAME":"浅口市","S_NAME":"東安倉中","SETAI":"39"}},{"type":"Feature","geometry":{"type":"Polygon","coordinates":[[[133.5963373172199,34.49307877772306],[133.59648529185512,34.49318968008974],[133.59662809497763,34.49330829772253],[133.59689228467911,34.4934852568277],[133.59699399774706,34.49354629750552],[133.59731942271048,34.49364671708082],[133.5953127717794,34.49581071879441],[133.59434176710084,34.49744513054651],[133.5949889881153,34.495687203089815],[133.59567891462981,34.49472128708131],[133.59628068742816,34.4930470255859],[133.5963373172199,34.49307877772306]]]},"properties":{"KEY_CODE":"33216026004","PREF":"33","CITY":"216","CITY_NAME":"浅口市","S_NAME":"東安倉西","SETAI":"39"}},{"type":"Feature","geometry":{"type":"Polygon","coordinates":[[[133.5993669061636,34.49398283728069],[133.59898585791484,34.49385082269516],[133.59849261733459,34.49364953682024],[133.59824293061024,34.49365184159887],[133.59731942271048,34.49364671708082],[133.59699399774706,34.49354629750552],[133.59689228467911,34.4934852568277],[133.59662809497763,34.49330829772253],[133.59648529185512,34.49318968008974],[133.5963373172199,34.49307877772306],[133.59628068742816,34.4930470255859],[133.59588021871014,34.492929670291566],[133.59581301474614,34.49284277783212],[133.5958485676369,34.49278495914697],[133.595720144997,34.49261740911211],[133.59545075647463,34.49245196601776],[133.5948835995126,34.49235064546644],[133.59478028679052,34.492317342353736],[133.59519842713695,34.491349924323394],[133.5954605267584,34.490706239300195],[133.59720397251954,34.49142033418129],[133.5982880647019,34.4923401662445],[133.59789981610172,34.49278040946207],[133.5995184203269,34.49371780607955],[133.5993669061636,34.49398283728069]]]},"properties":{"KEY_CODE":"33216026005","PREF":"33","CITY":"216","CITY_NAME":"浅口市","S_NAME":"東安倉浜","SETAI":"45"}},{"type":"Feature","geometry":{"type":"Polygon","coordinates":[[[133.59434176710084,34.49744513054651],[133.59470359030885,34.498401343785275],[133.59451171013674,34.49831975361945],[133.5943759505518,34.498202302928476],[133.59429583137003,34.49802616960434],[133.59391616437213,34.49801711121103],[133.59360114312605,34.49808619612214],[133.59348905282303,34.49806340283549],[133.59338548306988,34.49800037596646],[133.59333934538913,34.49790713093369],[133.5933803335658,34.49765735809318],[133.59346279227424,34.49733501330544],[133.59305846821374,34.496764206940114],[133.59306169958546,34.49662900383703],[133.59310199455422,34.49599398247378],[133.59313777044864,34.49587249876629],[133.59317917992936,34.49580682853319],[133.5943167671706,34.495622852588355],[133.5946345334193,34.49456130265578],[133.59396023225327,34.4936310889085],[133.59467247309217,34.49227344711114],[133.59478028679052,34.492317342353736],[133.5948835995126,34.49235064546644],[133.59545075647463,34.49245196601776],[133.595720144997,34.49261740911211],[133.5958485676369,34.49278495914697],[133.59581301474614,34.49284277783212],[133.59588021871014,34.492929670291566],[133.59628068742816,34.4930470255859],[133.59567891462981,34.49472128708131],[133.5949889881153,34.495687203089815],[133.59434176710084,34.49744513054651]]]},"properties":{"KEY_CODE":"33216026006","PREF":"33","CITY":"216","CITY_NAME":"浅口市","S_NAME":"東安倉番屋","SETAI":"81"}},{"type":"Feature","geometry":{"type":"Polygon","coordinates":[[[133.6026420010737,34.503029007074566],[133.6026256198382,34.503112860380924],[133.60264769778723,34.50317651903804],[133.60263446823723,34.50339716513866],[133.60263401452534,34.50344942157535],[133.6023291845349,34.5038317218292],[133.60220724338325,34.503834796350404],[133.6017081559736,34.5035739002509],[133.60114032041864,34.50329470141682],[133.6006655111688,34.50309930609844],[133.5998314515968,34.50279414116427],[133.59905562732828,34.50266989943723],[133.59839089232545,34.50288930814774],[133.59799942836892,34.50337023801335],[133.5976792077538,34.503573967213505],[133.59484543636057,34.50229407950187],[133.59320248474822,34.50300053250109],[133.59223159370026,34.502558692380994],[133.59076069456424,34.50267061288807],[133.58857874697824,34.502052348331],[133.586947071421,34.501493469659714],[133.5866338742077,34.50080952847732],[133.58632988927474,34.49800054205977],[133.58575190809853,34.4972390575763],[133.5842713009122,34.497383677342235],[133.58335801225448,34.49693805921751],[133.58054100893727,34.49710475791908],[133.58021472572284,34.49756603385658],[133.5776551158543,34.49741985428405],[133.57734302433573,34.49584102591609],[133.5793142724597,34.49571287247412],[133.58154008028728,34.494552780386044],[133.58254008442768,34.493867444272645],[133.58285651543247,34.49292493742746],[133.58485389548517,34.49240330865383],[133.58422932207876,34.491245452492805],[133.58511587980726,34.4891170364308],[133.5848123751677,34.48766717232877],[133.5851707328388,34.48563934084565],[133.58659047376972,34.4860017096508],[133.5867848853966,34.48604275849533],[133.58694326772516,34.486070347728116],[133.58704252027465,34.486195610825945],[133.58701278764238,34.4863831908772],[133.5869718625771,34.486470976308055],[133.58689407608193,34.48656248124193],[133.58682778356538,34.4866429277738],[133.58676400085946,34.486929322922876],[133.58676745827046,34.48714344644091],[133.58677832680914,34.48717436044898],[133.58691510258691,34.48731746088691],[133.58713596369535,34.48743586099111],[133.58723348316911,34.487536182753246],[133.58735799495116,34.48775794689638],[133.58742455532968,34.487839064508826],[133.58760831776425,34.487949771535966],[133.5876960257542,34.488015241473306],[133.58796935970756,34.488326793267284],[133.58811898605154,34.488440813449174],[133.58850706130707,34.48869531268085],[133.58899925313744,34.48954542333733],[133.58853348926243,34.49091692735155],[133.58944286419774,34.491898462970994],[133.5904780585091,34.49298738492855],[133.59129954905478,34.492548957322256],[133.5918754789667,34.493198704681134],[133.59204956554836,34.49350218079379],[133.5919268333113,34.49410881186342],[133.5920798808,34.49411650140208],[133.5922444325546,34.49420877474565],[133.59238077438195,34.49402705071605],[133.59250185711045,34.49395524338375],[133.59258575013513,34.49393363734803],[133.59266585532922,34.493878484309825],[133.5927995900722,34.49387675986724],[133.592875380649,34.494079911909836],[133.59254908519554,34.4953155043485],[133.59254229099062,34.49539152591653],[133.59258812835517,34.49551857504777],[133.59263265490932,34.49556265202221],[133.5928114857954,34.49565670149578],[133.59287459287245,34.495677367325136],[133.59296198940257,34.495721844266896],[133.59303305549284,34.495766080806305],[133.59317917992936,34.49580682853319],[133.59313777044864,34.49587249876629],[133.59310199455422,34.49599398247378],[133.59306169958546,34.49662900383703],[133.59305846821374,34.496764206940114],[133.59346279227424,34.49733501330544],[133.5933803335658,34.49765735809318],[133.59333934538913,34.49790713093369],[133.59338548306988,34.49800037596646],[133.59348905282303,34.49806340283549],[133.59360114312605,34.49808619612214],[133.59391616437213,34.49801711121103],[133.59429583137003,34.49802616960434],[133.5943759505518,34.498202302928476],[133.59451171013674,34.49831975361945],[133.59470359030885,34.498401343785275],[133.59500240814424,34.498462873462024],[133.5953372848677,34.49836080293474],[133.5954441706532,34.49790028247134],[133.59554390714322,34.497498315218],[133.59548609800996,34.49738725242974],[133.59548952336635,34.497151760034185],[133.59553824329035,34.49707683654525],[133.59565203192332,34.49689609963639],[133.5956866202625,34.496608678198605],[133.5957513386392,34.49654272573193],[133.59617217270275,34.49654188482679],[133.5962925114551,34.49683686086811],[133.59651225728814,34.497068206013296],[133.59699644754616,34.49701154240297],[133.59734432210985,34.4967934790956],[133.5976146884588,34.49661607431366],[133.59778222706487,34.49652397485414],[133.59794802817976,34.49651398341466],[133.59834893918884,34.49665231812435],[133.59871523949872,34.496623527931],[133.5990548758934,34.49659908415021],[133.59934975095905,34.496791150683606],[133.5994042746132,34.49697726851631],[133.59941284589655,34.497213960398696],[133.59978088996536,34.497757058915184],[133.59998839309233,34.49786239638723],[133.60011393975668,34.49787413476522],[133.60035273628452,34.4977561176632],[133.60059759317636,34.497567284979645],[133.6008230478227,34.49729100449417],[133.6009481785675,34.497037363776855],[133.60206125401024,34.497484339109306],[133.60245174598236,34.49744244118492],[133.6025724229175,34.497387804495844],[133.60283308503597,34.497288646846116],[133.60282788767682,34.49729932102475],[133.6028479318821,34.497813289795744],[133.6029584599295,34.4983701966477],[133.603144009133,34.49852596547804],[133.6030560503423,34.4991536663903],[133.6030247929717,34.49970747342707],[133.6030920852195,34.499795770187845],[133.60302728769366,34.50004780061774],[133.60305046599944,34.500514459747514],[133.60325755538176,34.50080642577085],[133.6031014597298,34.50122694070941],[133.60253162297215,34.5016404774855],[133.60252175023055,34.50277854823473],[133.6026188721659,34.502880545846104],[133.6026420010737,34.503029007074566]]]},"properties":{"KEY_CODE":"33216026007","PREF":"33","CITY":"216","CITY_NAME":"浅口市","S_NAME":"寄島町","SETAI":"0"}},{"type":"Feature","geometry":{"type":"Polygon","coordinates":[[[133.5918754789667,34.493198704681134],[133.59129954905478,34.492548957322256],[133.5904780585091,34.49298738492855],[133.58944286419774,34.491898462970994],[133.5906657665342,34.49114991933131],[133.59178124525593,34.49193253229018],[133.5918754789667,34.493198704681134]]]},"properties":{"KEY_CODE":"33216027001","PREF":"33","CITY":"216","CITY_NAME":"浅口市","S_NAME":"中安倉上場","SETAI":"36"}},{"type":"Feature","geometry":{"type":"Polygon","coordinates":[[[133.59277722133822,34.49230085525237],[133.59271397077345,34.492412875992535],[133.59269360615767,34.492552060834704],[133.59265673112523,34.49261494136515],[133.5926401086962,34.49264794150297],[133.59262459745003,34.49275771604763],[133.59261463392627,34.49285555135482],[133.5925907243636,34.49288540901197],[133.59252861508025,34.49292559941475],[133.59236136123448,34.493130800309615],[133.5921957943917,34.49315402383151],[133.59208482614022,34.493159266858875],[133.5918754789667,34.493198704681134],[133.59178124525593,34.49193253229018],[133.5906657665342,34.49114991933131],[133.59077653054786,34.49098438095403],[133.59090532186013,34.49099291093596],[133.59113785485417,34.49087980569469],[133.59124257781517,34.49085889036048],[133.59139992987667,34.490811813247625],[133.59204353185373,34.491251811490045],[133.59277722133822,34.49230085525237]]]},"properties":{"KEY_CODE":"33216027002","PREF":"33","CITY":"216","CITY_NAME":"浅口市","S_NAME":"中安倉岡ノ前","SETAI":"32"}},{"type":"Feature","geometry":{"type":"Polygon","coordinates":[[[133.59467247309217,34.49227344711114],[133.59396023225327,34.4936310889085],[133.5946345334193,34.49456130265578],[133.5943167671706,34.495622852588355],[133.59317917992936,34.49580682853319],[133.59303305549284,34.495766080806305],[133.59296198940257,34.495721844266896],[133.59287459287245,34.495677367325136],[133.5928114857954,34.49565670149578],[133.59263265490932,34.49556265202221],[133.59258812835517,34.49551857504777],[133.59254229099062,34.49539152591653],[133.59254908519554,34.4953155043485],[133.592875380649,34.494079911909836],[133.5927995900722,34.49387675986724],[133.59266585532922,34.493878484309825],[133.59258575013513,34.49393363734803],[133.59250185711045,34.49395524338375],[133.59238077438195,34.49402705071605],[133.5922444325546,34.49420877474565],[133.5920798808,34.49411650140208],[133.5919268333113,34.49410881186342],[133.59204956554836,34.49350218079379],[133.59208482614022,34.493159266858875],[133.5921957943917,34.49315402383151],[133.59236136123448,34.493130800309615],[133.59252861508025,34.49292559941475],[133.5925907243636,34.49288540901197],[133.59261463392627,34.49285555135482],[133.59262459745003,34.49275771604763],[133.5926401086962,34.49264794150297],[133.59265673112523,34.49261494136515],[133.59269360615767,34.492552060834704],[133.59271397077345,34.492412875992535],[133.59277722133822,34.49230085525237],[133.59287626211645,34.49214299155993],[133.59294898080614,34.492027929209165],[133.59341228902818,34.49175958413533],[133.59352797956268,34.4915071640269],[133.59365816009438,34.491483583563635],[133.59416189775504,34.4910567344829],[133.5954605267584,34.490706239300195],[133.59519842713695,34.491349924323394],[133.59467247309217,34.49227344711114]]]},"properties":{"KEY_CODE":"33216027003","PREF":"33","CITY":"216","CITY_NAME":"浅口市","S_NAME":"中安倉戎","SETAI":"48"}},{"type":"Feature","geometry":{"type":"Polygon","coordinates":[[[133.59294898080614,34.492027929209165],[133.59287626211645,34.49214299155993],[133.59277722133822,34.49230085525237],[133.59204353185373,34.491251811490045],[133.59344515367962,34.490469109083165],[133.59416189775504,34.4910567344829],[133.59365816009438,34.491483583563635],[133.59352797956268,34.4915071640269],[133.59341228902818,34.49175958413533],[133.59294898080614,34.492027929209165]]]},"properties":{"KEY_CODE":"33216027004","PREF":"33","CITY":"216","CITY_NAME":"浅口市","S_NAME":"中安倉長町","SETAI":"28"}},{"type":"Feature","geometry":{"type":"Polygon","coordinates":[[[133.59204353185373,34.491251811490045],[133.59139992987667,34.490811813247625],[133.5914016612033,34.49061546899392],[133.59142720741818,34.49036137700871],[133.59194307970972,34.48978389424694],[133.59248063932583,34.48934091759347],[133.59344515367962,34.490469109083165],[133.59204353185373,34.491251811490045]]]},"properties":{"KEY_CODE":"33216027005","PREF":"33","CITY":"216","CITY_NAME":"浅口市","S_NAME":"中安倉市場","SETAI":"38"}},{"type":"Feature","geometry":{"type":"Polygon","coordinates":[[[133.5906657665342,34.49114991933131],[133.58944286419774,34.491898462970994],[133.58853348926243,34.49091692735155],[133.58899925313744,34.48954542333733],[133.58945221406344,34.48921589875477],[133.5899278136391,34.489817997378296],[133.5903043435007,34.49033145660321],[133.590524759493,34.490627046455984],[133.59077653054786,34.49098438095403],[133.5906657665342,34.49114991933131]]]},"properties":{"KEY_CODE":"33216028001","PREF":"33","CITY":"216","CITY_NAME":"浅口市","S_NAME":"西安倉上場","SETAI":"27"}},{"type":"Feature","geometry":{"type":"Polygon","coordinates":[[[133.59091020637356,34.48906094520562],[133.59193235445736,34.48845244745736],[133.59248063932583,34.48934091759347],[133.59194307970972,34.48978389424694],[133.59142720741818,34.49036137700871],[133.5914016612033,34.49061546899392],[133.59124257781517,34.49085889036048],[133.59113785485417,34.49087980569469],[133.59090532186013,34.49099291093596],[133.59077653054786,34.49098438095403],[133.590524759493,34.490627046455984],[133.5903043435007,34.49033145660321],[133.5899278136391,34.489817997378296],[133.5899804185646,34.48977507416086],[133.59007824297393,34.48962030367131],[133.5901193931726,34.48955505533449],[133.59026949756253,34.48942299874689],[133.59046008616355,34.48931048537479],[133.5905900754082,34.48926014461891],[133.59088654690572,34.48909136696324],[133.59091020637356,34.48906094520562]]]},"properties":{"KEY_CODE":"33216028002","PREF":"33","CITY":"216","CITY_NAME":"浅口市","S_NAME":"西安倉浜","SETAI":"34"}},{"type":"Feature","geometry":{"type":"Polygon","coordinates":[[[133.59026949756253,34.48942299874689],[133.5901193931726,34.48955505533449],[133.59007824297393,34.48962030367131],[133.5899804185646,34.48977507416086],[133.5899278136391,34.489817997378296],[133.58945221406344,34.48921589875477],[133.59133966624296,34.487739354048955],[133.59193235445733,34.48845244745736],[133.59091020637356,34.48906094520562],[133.59088654690572,34.48909136696324],[133.5905900754082,34.48926014461891],[133.59046008616355,34.48931048537479],[133.59026949756253,34.48942299874689]]]},"properties":{"KEY_CODE":"33216028003","PREF":"33","CITY":"216","CITY_NAME":"浅口市","S_NAME":"西安倉小山","SETAI":"14"}},{"type":"Feature","geometry":{"type":"Polygon","coordinates":[[[133.58945221406344,34.48921589875477],[133.58899925313744,34.48954542333733],[133.58850706130707,34.48869531268085],[133.58859165179004,34.488306217151454],[133.58871204830618,34.48823440912965],[133.58895845250356,34.488119843400604],[133.58904370079898,34.48805979387743],[133.58925123981166,34.487704125459025],[133.58928551940656,34.48754037651392],[133.5896840574494,34.48740983201748],[133.5903598468301,34.48709011034813],[133.59032137645667,34.486919579820174],[133.59133966624296,34.487739354048955],[133.58945221406344,34.48921589875477]]]},"properties":{"KEY_CODE":"33216028004","PREF":"33","CITY":"216","CITY_NAME":"浅口市","S_NAME":"西安倉埋立","SETAI":"30"}},{"type":"Feature","geometry":{"type":"Polygon","coordinates":[[[133.5899784648668,34.48550033733978],[133.59032137645667,34.486919579820174],[133.5903598468301,34.48709011034813],[133.5896840574494,34.48740983201748],[133.58928551940656,34.48754037651392],[133.58925123981166,34.487704125459025],[133.58904370079898,34.48805979387743],[133.58895845250356,34.488119843400604],[133.58871204830618,34.48823440912965],[133.58859165179004,34.488306217151454],[133.58850706130707,34.48869531268085],[133.58811898605154,34.488440813449174],[133.58796935970756,34.488326793267284],[133.5876960257542,34.488015241473306],[133.58760831776425,34.487949771535966],[133.58742455532968,34.487839064508826],[133.58735799495116,34.48775794689638],[133.58723348316911,34.487536182753246],[133.58713596369535,34.48743586099111],[133.58691510258691,34.48731746088691],[133.58677832680914,34.48717436044898],[133.58676745827046,34.48714344644091],[133.58676400085946,34.486929322922876],[133.58689407608193,34.486562481241904],[133.58703915093778,34.48658491722436],[133.58726838885661,34.486621812019116],[133.58756312713228,34.48663854078019],[133.5899784648668,34.48550033733978]]]},"properties":{"KEY_CODE":"33216029001","PREF":"33","CITY":"216","CITY_NAME":"浅口市","S_NAME":"国頭東","SETAI":"83"}},{"type":"Feature","geometry":{"type":"Polygon","coordinates":[[[133.5899784648668,34.48550033733978],[133.58756312713228,34.48663854078019],[133.58726838885661,34.486621812019116],[133.58703915093778,34.48658491722436],[133.58689407608193,34.486562481241904],[133.5869718625771,34.486470976308055],[133.58701278764238,34.4863831908772],[133.58704252027465,34.486195610825945],[133.58694326772516,34.486070347728116],[133.5867848853966,34.48604275849533],[133.58659047376972,34.4860017096508],[133.58674679225012,34.48581152151831],[133.58679189015925,34.48570390088076],[133.58679685769994,34.48560420490747],[133.5868541672071,34.48513662991933],[133.58689648160563,34.48477714102908],[133.58697571132262,34.48467620801245],[133.5870910414275,34.48458056606537],[133.58701945882882,34.48450026366154],[133.58696559541036,34.4844551431533],[133.586966111593,34.484396972064616],[133.5870371544799,34.4843176809116],[133.58932683897368,34.483280983856474],[133.5899784648668,34.48550033733978]]]},"properties":{"KEY_CODE":"33216029002","PREF":"33","CITY":"216","CITY_NAME":"浅口市","S_NAME":"国頭西","SETAI":"89"}},{"type":"Feature","geometry":{"type":"Polygon","coordinates":[[[133.58223220187253,34.48433757558724],[133.58121591703792,34.48391932845287],[133.58079287888546,34.483671496326174],[133.58171507915893,34.482407623993666],[133.58322785609982,34.481597966910584],[133.58324440222052,34.48161173143103],[133.58383566227934,34.48204116385465],[133.58326886192333,34.482740423597065],[133.58223220187253,34.48433757558724]]]},"properties":{"KEY_CODE":"33216030001","PREF":"33","CITY":"216","CITY_NAME":"浅口市","S_NAME":"早崎一","SETAI":"58"}},{"type":"Feature","geometry":{"type":"Polygon","coordinates":[[[133.58341612412525,34.48485248257328],[133.5823279057567,34.484382955292446],[133.58223220187253,34.48433757558724],[133.58326886192333,34.482740423597065],[133.58435627689354,34.483269661568315],[133.58341612412525,34.48485248257328]]]},"properties":{"KEY_CODE":"33216030002","PREF":"33","CITY":"216","CITY_NAME":"浅口市","S_NAME":"早崎二","SETAI":"20"}},{"type":"Feature","geometry":{"type":"Polygon","coordinates":[[[133.58659047376972,34.4860017096508],[133.5851707328388,34.48563934084565],[133.58341612412525,34.48485248257328],[133.58435627689354,34.483269661568315],[133.58463633847634,34.48284105919582],[133.5847368302058,34.482883508355016],[133.58497803697804,34.48300738881129],[133.58528219251954,34.48307291665864],[133.5854956813564,34.48322479720316],[133.5855376268902,34.48337619256633],[133.58556752621152,34.48339961668459],[133.5859130388273,34.48337679720409],[133.5859769050525,34.48342550124439],[133.5859520112396,34.48351831432255],[133.5859617206948,34.48355499631601],[133.58605938982848,34.48368574443977],[133.58619963677518,34.48382013316974],[133.586966111593,34.484396972064616],[133.58696559541036,34.4844551431533],[133.58701945882882,34.48450026366154],[133.5870910414275,34.48458056606537],[133.58697571132262,34.48467620801245],[133.58689648160563,34.48477714102908],[133.5868541672071,34.48513662991933],[133.58679685769994,34.48560420490747],[133.58679189015925,34.48570390088076],[133.58674679225012,34.48581152151831],[133.58659047376972,34.4860017096508]]]},"properties":{"KEY_CODE":"33216030003","PREF":"33","CITY":"216","CITY_NAME":"浅口市","S_NAME":"早崎三","SETAI":"22"}},{"type":"Feature","geometry":{"type":"Polygon","coordinates":[[[133.58463633847634,34.48284105919582],[133.58435627689354,34.483269661568315],[133.58326886192333,34.482740423597065],[133.58383566227934,34.48204116385465],[133.58324440222052,34.48161173143103],[133.5843198103092,34.48047019936905],[133.58506713298615,34.4811479249967],[133.58527365258732,34.48214955037206],[133.58473162270076,34.48274247927914],[133.58463633847634,34.48284105919582]]]},"properties":{"KEY_CODE":"33216030004","PREF":"33","CITY":"216","CITY_NAME":"浅口市","S_NAME":"早崎四","SETAI":"27"}},{"type":"Feature","geometry":{"type":"Polygon","coordinates":[[[133.5873707590784,34.48090958176535],[133.58527365258732,34.48214955037206],[133.58506713298615,34.4811479249967],[133.5843198103092,34.48047019936905],[133.58313580002218,34.47941905610295],[133.5843249626143,34.47861233355195],[133.58525850310042,34.47964587592287],[133.58584138910285,34.48042414988298],[133.58663547674,34.480003331991654],[133.5873707590784,34.48090958176535]]]},"properties":{"KEY_CODE":"33216030005","PREF":"33","CITY":"216","CITY_NAME":"浅口市","S_NAME":"早崎五","SETAI":"11"}},{"type":"Feature","geometry":{"type":"Polygon","coordinates":[[[133.59029288658016,34.48273779879852],[133.59037631461874,34.48290240296766],[133.58987685328967,34.48226199250546],[133.59029288658016,34.48273779879852]]]},"properties":{"KEY_CODE":"33216030006","PREF":"33","CITY":"216","CITY_NAME":"浅口市","S_NAME":"早崎六","SETAI":"0"}},{"type":"Feature","geometry":{"type":"Polygon","coordinates":[[[133.58932683897368,34.483280983856474],[133.5870371544799,34.4843176809116],[133.58619963677518,34.48382013316974],[133.58605938982848,34.48368574443977],[133.5859617206948,34.48355499631601],[133.5859520112396,34.48351831432255],[133.5859769050525,34.48342550124439],[133.5859130388273,34.48337679720409],[133.58556752621152,34.48339961668459],[133.5855376268902,34.48337619256633],[133.5854956813564,34.48322479720316],[133.58528219251954,34.48307291665864],[133.58497803697804,34.48300738881129],[133.5847368302058,34.482883508355016],[133.58509790776012,34.48277430069909],[133.5859432505369,34.482877082540774],[133.5863283444975,34.482936482141476],[133.58666087476527,34.48301542093771],[133.58754070249233,34.48325827279673],[133.58874084404516,34.4826742705923],[133.5886111017381,34.48248656351307],[133.5892870904956,34.481850907550694],[133.58870572528582,34.48248122368662],[133.58932683897368,34.483280983856474]]]},"properties":{"KEY_CODE":"33216030006","PREF":"33","CITY":"216","CITY_NAME":"浅口市","S_NAME":"早崎六","SETAI":"15"}},{"type":"Feature","geometry":{"type":"Polygon","coordinates":[[[133.5873707590784,34.48090958176535],[133.58874084404516,34.4826742705923],[133.58754070249233,34.48325827279673],[133.58666087476527,34.48301542093771],[133.5863283444975,34.482936482141476],[133.5859432505369,34.482877082540774],[133.58509790776012,34.48277430069909],[133.58473162270076,34.48274247927914],[133.58527365258732,34.48214955037206],[133.5873707590784,34.48090958176535]]]},"properties":{"KEY_CODE":"33216030007","PREF":"33","CITY":"216","CITY_NAME":"浅口市","S_NAME":"早崎七","SETAI":"24"}},{"type":"Feature","geometry":{"type":"Polygon","coordinates":[[[133.58285651543247,34.49292493742746],[133.58049761970852,34.492703406200704],[133.58046125646348,34.4913795477408],[133.58187485597745,34.48699630433633],[133.5827395068579,34.487950421779324],[133.58511587980726,34.4891170364308],[133.58422932207876,34.491245452492805],[133.58485389548517,34.49240330865383],[133.58285651543247,34.49292493742746]]]},"properties":{"KEY_CODE":"33216031001","PREF":"33","CITY":"216","CITY_NAME":"浅口市","S_NAME":"宮通一","SETAI":"19"}},{"type":"Feature","geometry":{"type":"Polygon","coordinates":[[[133.58511587980726,34.4891170364308],[133.5827395068579,34.487950421779324],[133.58187485597745,34.48699630433633],[133.58160421455602,34.485655376889504],[133.58247157918143,34.48567549089043],[133.58338752291039,34.48640905230248],[133.58449312595056,34.486324968724],[133.5851707328388,34.48563934084565],[133.5848123751677,34.48766717232877],[133.58511587980726,34.4891170364308]]]},"properties":{"KEY_CODE":"33216031002","PREF":"33","CITY":"216","CITY_NAME":"浅口市","S_NAME":"宮通二","SETAI":"10"}},{"type":"Feature","geometry":{"type":"Polygon","coordinates":[[[133.5851707328388,34.48563934084565],[133.58449312595056,34.486324968724],[133.58338752291039,34.48640905230248],[133.58247157918143,34.48567549089043],[133.58160421455602,34.485655376889504],[133.5823279057567,34.484382955292446],[133.58341612412525,34.48485248257328],[133.5851707328388,34.48563934084565]]]},"properties":{"KEY_CODE":"33216031003","PREF":"33","CITY":"216","CITY_NAME":"浅口市","S_NAME":"宮通三","SETAI":"15"}},{"type":"Feature","geometry":{"type":"Polygon","coordinates":[[[133.58000669375798,34.49009016324674],[133.57845574415308,34.489077425652596],[133.57757278632155,34.489368062568914],[133.57641689480548,34.48882594486016],[133.57782733359474,34.4873481850145],[133.57970208573917,34.48622386834333],[133.58121591703792,34.48391932845287],[133.58223220187253,34.48433757558724],[133.5823279057567,34.484382955292446],[133.58160421455602,34.485655376889504],[133.58187485597745,34.48699630433633],[133.58144684606754,34.48668421295564],[133.58075562408922,34.487527503343216],[133.5808438501818,34.4884744654033],[133.58000669375798,34.49009016324674]]]},"properties":{"KEY_CODE":"33216032001","PREF":"33","CITY":"216","CITY_NAME":"浅口市","S_NAME":"山根","SETAI":"40"}},{"type":"Feature","geometry":{"type":"Polygon","coordinates":[[[133.58046125646348,34.4913795477408],[133.58000669375798,34.49009016324674],[133.5808438501818,34.4884744654033],[133.58075562408922,34.487527503343216],[133.58144684606754,34.48668421295564],[133.58187485597745,34.48699630433633],[133.58046125646348,34.4913795477408]]]},"properties":{"KEY_CODE":"33216032002","PREF":"33","CITY":"216","CITY_NAME":"浅口市","S_NAME":"宮通四","SETAI":"16"}},{"type":"Feature","geometry":{"type":"Polygon","coordinates":[[[133.57665394747673,34.494233528701514],[133.5762718386925,34.49396072193966],[133.5753133956091,34.492712853305235],[133.57607273773036,34.491590686895165],[133.5750725256822,34.49000801765175],[133.57641689480548,34.48882594486016],[133.57757278632155,34.489368062568914],[133.57845574415308,34.489077425652596],[133.58000669375798,34.49009016324674],[133.58046125646348,34.4913795477408],[133.58049761970852,34.492703406200704],[133.58285651543247,34.49292493742746],[133.58254008442768,34.493867444272645],[133.58154008028728,34.494552780386044],[133.5811185433842,34.49381731510901],[133.57944243555087,34.49291186621114],[133.57699377994183,34.49363810916224],[133.57665394747673,34.494233528701514]]]},"properties":{"KEY_CODE":"33216033001","PREF":"33","CITY":"216","CITY_NAME":"浅口市","S_NAME":"福井南","SETAI":"20"}},{"type":"Feature","geometry":{"type":"Polygon","coordinates":[[[133.58154008028728,34.494552780386044],[133.5793142724597,34.49571287247412],[133.57734302433573,34.49584102591609],[133.57665394747673,34.494233528701514],[133.57699377994183,34.49363810916224],[133.57944243555087,34.49291186621114],[133.5811185433842,34.49381731510901],[133.58154008028728,34.494552780386044]]]},"properties":{"KEY_CODE":"33216033002","PREF":"33","CITY":"216","CITY_NAME":"浅口市","S_NAME":"福井北","SETAI":"17"}},{"type":"Feature","geometry":{"type":"Polygon","coordinates":[[[133.57641689480548,34.48882594486016],[133.5750725256822,34.49000801765175],[133.57349266356158,34.48935901126384],[133.5708413459135,34.487280642565075],[133.5696195547456,34.48557653515211],[133.56911634325965,34.48429103022039],[133.57144179064898,34.48526124295965],[133.57193237809622,34.485223587783175],[133.57267137338633,34.48587457653115],[133.57241985290227,34.48641151044304],[133.57521354811712,34.48548721681449],[133.57621644763685,34.48549243829963],[133.5776357210509,34.48423589230345],[133.5783352020422,34.48430993377468],[133.57976996324072,34.482818511687675],[133.58079287888546,34.483671496326174],[133.58121591703792,34.48391932845287],[133.57970208573917,34.48622386834333],[133.57782733359474,34.4873481850145],[133.57641689480548,34.48882594486016]]]},"properties":{"KEY_CODE":"33216034001","PREF":"33","CITY":"216","CITY_NAME":"浅口市","S_NAME":"尾焼北","SETAI":"33"}},{"type":"Feature","geometry":{"type":"Polygon","coordinates":[[[133.57976996324072,34.482818511687675],[133.5783352020422,34.48430993377468],[133.5776357210509,34.48423589230345],[133.57621644763685,34.48549243829963],[133.57521354811712,34.48548721681449],[133.57241985290227,34.48641151044304],[133.57267137338633,34.48587457653115],[133.57193237809622,34.485223587783175],[133.57313436720176,34.48359570665395],[133.57479449001863,34.482323081628124],[133.57950874822814,34.482631676080665],[133.57976996324072,34.482818511687675]]]},"properties":{"KEY_CODE":"33216034002","PREF":"33","CITY":"216","CITY_NAME":"浅口市","S_NAME":"尾焼南","SETAI":"22"}},{"type":"Feature","geometry":{"type":"Polygon","coordinates":[[[133.58197234786718,34.48074329238395],[133.58095890546747,34.481647139217266],[133.58082068965695,34.48155332378453],[133.5802011032531,34.48129765957137],[133.57987279384054,34.481119848883345],[133.5797986724556,34.48099205784279],[133.5797033129535,34.48070031945169],[133.58088802078242,34.479931914234605],[133.58197234786718,34.48074329238395]]]},"properties":{"KEY_CODE":"33216035001","PREF":"33","CITY":"216","CITY_NAME":"浅口市","S_NAME":"大浦中","SETAI":"24"}},{"type":"Feature","geometry":{"type":"Polygon","coordinates":[[[133.58197234786718,34.48074329238395],[133.58088802078242,34.479931914234605],[133.58191599373825,34.47924592180474],[133.58268155153593,34.48020168582464],[133.58197234786718,34.48074329238395]]]},"properties":{"KEY_CODE":"33216035002","PREF":"33","CITY":"216","CITY_NAME":"浅口市","S_NAME":"大浦下","SETAI":"15"}},{"type":"Feature","geometry":{"type":"Polygon","coordinates":[[[133.58324440222052,34.48161173143103],[133.58322785609982,34.481597966910584],[133.58197234786718,34.48074329238395],[133.58268155153593,34.48020168582464],[133.58191599373825,34.47924592180474],[133.58111382480226,34.47825879807331],[133.5814966526677,34.478092827285664],[133.58201962543077,34.47788024810567],[133.58269031614444,34.47758222885308],[133.58317053681986,34.47738515864449],[133.5843249626143,34.47861233355195],[133.58313580002218,34.47941905610295],[133.5843198103092,34.48047019936905],[133.58324440222052,34.48161173143103]]]},"properties":{"KEY_CODE":"33216035003","PREF":"33","CITY":"216","CITY_NAME":"浅口市","S_NAME":"大浦浜","SETAI":"26"}},{"type":"Feature","geometry":{"type":"Polygon","coordinates":[[[133.58079287888546,34.483671496326174],[133.57976996324072,34.482818511687675],[133.57950874822814,34.482631676080665],[133.57964223490438,34.48249417702076],[133.58002676988784,34.48241555237668],[133.58030676493235,34.482328817827174],[133.5806846106563,34.48200928505348],[133.58095890546747,34.481647139217266],[133.58197234786718,34.48074329238395],[133.58322785609982,34.481597966910584],[133.58171507915893,34.482407623993666],[133.58079287888546,34.483671496326174]]]},"properties":{"KEY_CODE":"33216035004","PREF":"33","CITY":"216","CITY_NAME":"浅口市","S_NAME":"大浦北","SETAI":"16"}},{"type":"Feature","geometry":{"type":"Polygon","coordinates":[[[133.57873859313816,34.47902620507057],[133.57883236761768,34.479190740974865],[133.57887562598742,34.479250871425464],[133.57902396143956,34.47937250058622],[133.5797033129535,34.48070031945169],[133.5797986724556,34.48099205784279],[133.57987279384054,34.481119848883345],[133.5802011032531,34.48129765957137],[133.58082068965695,34.48155332378453],[133.58095890546747,34.481647139217266],[133.5806846106563,34.48200928505348],[133.58030676493235,34.482328817827174],[133.58002676988784,34.48241555237668],[133.57964223490438,34.48249417702076],[133.57950874822814,34.482631676080665],[133.57479449001863,34.482323081628124],[133.57730277001127,34.47900607050504],[133.57872998824269,34.4789331864164],[133.57873859313816,34.47902620507057]]]},"properties":{"KEY_CODE":"33216036001","PREF":"33","CITY":"216","CITY_NAME":"浅口市","S_NAME":"片本丘","SETAI":"49"}},{"type":"Feature","geometry":{"type":"Polygon","coordinates":[[[133.58088802078242,34.479931914234605],[133.5797033129535,34.48070031945169],[133.57902396143956,34.47937250058622],[133.57887562598742,34.479250871425464],[133.57883236761768,34.479190740974865],[133.57873859313816,34.47902620507057],[133.5796451209934,34.47772478174759],[133.5804165014536,34.477361473915636],[133.58111382480226,34.47825879807331],[133.58191599373825,34.47924592180474],[133.58088802078242,34.479931914234605]]]},"properties":{"KEY_CODE":"33216036002","PREF":"33","CITY":"216","CITY_NAME":"浅口市","S_NAME":"片本浜","SETAI":"35"}},{"type":"Feature","geometry":{"type":"Polygon","coordinates":[[[133.57193237809622,34.485223587783175],[133.57144179064898,34.48526124295965],[133.56911634325965,34.48429103022039],[133.5690724738801,34.484167647094324],[133.56903892607428,34.484012917231006],[133.56876862258903,34.48341624818186],[133.56849155988886,34.48291771380413],[133.56853572746513,34.48233582665587],[133.5687908559811,34.48182441865363],[133.56889869060217,34.48129279179078],[133.56890240906785,34.480884328800926],[133.56873679230014,34.480084070040526],[133.56869053519992,34.479532042927275],[133.569103335208,34.47910416050472],[133.56959877997022,34.478734121168685],[133.56974360620043,34.47828597122449],[133.569705655404,34.4778486529462],[133.5697015372793,34.477787213268606],[133.5703705979779,34.47782350029928],[133.57071697290732,34.47783453247874],[133.5711840503101,34.47780546639516],[133.57180894893952,34.47789133484117],[133.5723129399064,34.4777961494624],[133.57519896080385,34.47832087865279],[133.57590200378752,34.47921995898235],[133.57688984666757,34.4787915271883],[133.57730277001127,34.47900607050504],[133.57479449001863,34.482323081628124],[133.57313436720176,34.48359570665395],[133.57193237809622,34.485223587783175]]]},"properties":{"KEY_CODE":"33216037001","PREF":"33","CITY":"216","CITY_NAME":"浅口市","S_NAME":"鏡","SETAI":"42"}},{"type":"Feature","geometry":{"type":"Polygon","coordinates":[[[133.57688984666757,34.4787915271883],[133.57590200378752,34.47921995898235],[133.57519896080385,34.47832087865279],[133.5723129399064,34.4777961494624],[133.57180894893952,34.47789133484117],[133.5711840503101,34.47780546639516],[133.57071697290732,34.47783453247874],[133.5703705979779,34.47782350029928],[133.5697015372793,34.477787213268606],[133.5697775075214,34.477326096153064],[133.57009887525197,34.47700976142498],[133.57077480431,34.476570130419745],[133.57111103019648,34.47632135636233],[133.57129342053693,34.4761182478772],[133.57133695419043,34.476034849273105],[133.57130697926135,34.47570181560374],[133.57110079232223,34.47466649452392],[133.57124477984377,34.47429031485429],[133.57127778518915,34.47431742359513],[133.57198341752184,34.474894541718676],[133.5734625867377,34.475576758747366],[133.57371566649178,34.47580314020773],[133.57389957991575,34.476230095476474],[133.57393328001586,34.47701755847223],[133.57511744135832,34.47788315165374],[133.5755711596368,34.47809950355115],[133.57688984666757,34.4787915271883]]]},"properties":{"KEY_CODE":"33216037002","PREF":"33","CITY":"216","CITY_NAME":"浅口市","S_NAME":"鏡松尾","SETAI":"16"}},{"type":"Feature","geometry":{"type":"Polygon","coordinates":[[[133.58041767548988,34.4723911965705],[133.58157687092216,34.47348124034669],[133.5793657835886,34.47596812057766],[133.5804165014536,34.477361473915636],[133.57964512099338,34.47772478174762],[133.57872998824269,34.4789331864164],[133.57730277001127,34.47900607050504],[133.57688984666757,34.4787915271883],[133.5755711596368,34.47809950355115],[133.57699737319604,34.47635155789077],[133.5765334532205,34.475748493461836],[133.5779584999885,34.475050201224825],[133.5776844686073,34.47453311134036],[133.58041767548988,34.4723911965705]]]},"properties":{"KEY_CODE":"33216038001","PREF":"33","CITY":"216","CITY_NAME":"浅口市","S_NAME":"青佐","SETAI":"85"}},{"type":"Feature","geometry":{"type":"Polygon","coordinates":[[[133.5776844686073,34.47453311134036],[133.5779584999885,34.475050201224825],[133.5765334532205,34.475748493461836],[133.57699737319604,34.47635155789077],[133.5755711596368,34.47809950355115],[133.57511744135832,34.47788315165374],[133.57393328001586,34.47701755847223],[133.57389957991575,34.476230095476474],[133.57371566649178,34.47580314020773],[133.5734625867377,34.475576758747366],[133.57198341752184,34.474894541718676],[133.5712777851891,34.47431742359513],[133.57200790377578,34.47371317790809],[133.57263739544447,34.47326986920192],[133.57417887395476,34.47422474816594],[133.5776844686073,34.47453311134036]]]},"properties":{"KEY_CODE":"33216038002","PREF":"33","CITY":"216","CITY_NAME":"浅口市","S_NAME":"青佐上","SETAI":"37"}},{"type":"Feature","geometry":{"type":"Polygon","coordinates":[[[133.5776844686073,34.47453311134036],[133.57417887395476,34.47422474816594],[133.57263739544447,34.47326986920192],[133.57200790377578,34.47371317790809],[133.5712777851891,34.47431742359513],[133.57124477984377,34.47429031485429],[133.57104586863653,34.472191420642204],[133.57165932781632,34.47091793840267],[133.57262776214543,34.470220939109154],[133.5726987202431,34.4692008798107],[133.57393137575346,34.467487857274484],[133.57344232305348,34.46586934838596],[133.5743356212874,34.4654890946306],[133.57629067201287,34.46570855437162],[133.57734390166834,34.46659682803797],[133.57717792741664,34.46834635620427],[133.57838735383953,34.46942039263892],[133.57847991072646,34.47037273169268],[133.58041767548988,34.4723911965705],[133.5776844686073,34.47453311134036]]]},"properties":{"KEY_CODE":"33216038003","PREF":"33","CITY":"216","CITY_NAME":"浅口市","S_NAME":"青佐大原","SETAI":"45"}},{"type":"Feature","geometry":{"type":"Polygon","coordinates":[[[133.59404266884835,34.467465167255206],[133.59453006916732,34.468231554647424],[133.59420234465952,34.46849199060574],[133.59404266884835,34.467465167255206]]]},"properties":{"KEY_CODE":"33216039001","PREF":"33","CITY":"216","CITY_NAME":"浅口市","S_NAME":"三郎西","SETAI":"0"}},{"type":"Feature","geometry":{"type":"Polygon","coordinates":[[[133.59204854745133,34.47067857830027],[133.5920344262436,34.47017816906187],[133.59390736404248,34.469360138829565],[133.59690631988974,34.47251694147564],[133.59615409339978,34.47348066190858],[133.59593649378286,34.47365260389958],[133.59536042293084,34.47403958540414],[133.59528795237262,34.47408957551468],[133.5948786239872,34.474314447743275],[133.59463219335882,34.474437759651515],[133.59421179983119,34.47464396968287],[133.59410149163904,34.47465457170817],[133.5939665937183,34.47464727760824],[133.59383761652433,34.47400644457539],[133.5928071997084,34.47332776041957],[133.59209211475914,34.47188936623179],[133.59204854745133,34.47067857830027]]]},"properties":{"KEY_CODE":"33216039001","PREF":"33","CITY":"216","CITY_NAME":"浅口市","S_NAME":"三郎西","SETAI":"18"}},{"type":"Feature","geometry":{"type":"Polygon","coordinates":[[[133.59690631988974,34.47251694147564],[133.5993552230008,34.47222260209993],[133.60177725755722,34.47334322815801],[133.60027159047098,34.47411851820515],[133.599667597235,34.47534542508914],[133.59888049154318,34.475724829755904],[133.5968351290691,34.47595863248718],[133.596050211949,34.47551907981615],[133.59566706604292,34.47511560974101],[133.59535159053866,34.47492805713894],[133.59443245755062,34.47502392583078],[133.5939591079723,34.47503374348154],[133.59390660323245,34.47499891566085],[133.59410149163904,34.47465457170817],[133.59421179983119,34.47464396968287],[133.59463219335882,34.474437759651515],[133.5948786239872,34.474314447743275],[133.59528795237262,34.47408957551468],[133.59536042293084,34.47403958540414],[133.59593649378286,34.47365260389958],[133.59615409339978,34.47348066190858],[133.59690631988974,34.47251694147564]]]},"properties":{"KEY_CODE":"33216039002","PREF":"33","CITY":"216","CITY_NAME":"浅口市","S_NAME":"三郎東","SETAI":"30"}},{"type":"Feature","geometry":{"type":"Polygon","coordinates":[[[133.596050211949,34.47551907981615],[133.59562277504145,34.476052322291665],[133.58938849563378,34.48184800299539],[133.5892870904956,34.481850907550694],[133.5886111017381,34.48248656351307],[133.5873707590784,34.48090958176535],[133.58663547674,34.480003331991654],[133.58584138910285,34.480424149883014],[133.58525850310042,34.47964587592287],[133.5843249626143,34.47861233355197],[133.58317053681986,34.47738515864449],[133.58508446225832,34.47654484058677],[133.58157687092216,34.47348124034669],[133.58041767548988,34.4723911965705],[133.57847991072646,34.47037273169268],[133.5849024108548,34.470450265697345],[133.59204854745133,34.47067857830027],[133.59209211475914,34.47188936623179],[133.5928071997084,34.47332776041957],[133.59383761652433,34.47400644457539],[133.5939665937183,34.47464727760824],[133.59390660323245,34.47499891566085],[133.5939591079723,34.47503374348154],[133.59443245755062,34.47502392583078],[133.59535159053866,34.47492805713894],[133.59566706604292,34.47511560974101],[133.596050211949,34.47551907981615]]]},"properties":{"KEY_CODE":"33216039003","PREF":"33","CITY":"216","CITY_NAME":"浅口市","S_NAME":"寄島新開","SETAI":"89"}},{"type":"Feature","geometry":{"type":"Polygon","coordinates":[[[133.57402621327466,34.497266721818626],[133.57262453636486,34.49738410329998],[133.57356061431688,34.49472443623487],[133.57384394630478,34.49501734649767],[133.5762718386925,34.49396072193966],[133.57665394747673,34.494233528701514],[133.57734302433573,34.49584102591609],[133.5776551158543,34.49741985428405],[133.57402621327466,34.497266721818626]]]},"properties":{"KEY_CODE":"33216040001","PREF":"33","CITY":"216","CITY_NAME":"浅口市","S_NAME":"柴木新川","SETAI":"36"}},{"type":"Feature","geometry":{"type":"Polygon","coordinates":[[[133.5762718386925,34.49396072193966],[133.57384394630478,34.49501734649767],[133.57356061431688,34.49472443623487],[133.57223548213753,34.493544695261285],[133.57053726545948,34.49223992046274],[133.5668467352241,34.49168343924634],[133.56316757695905,34.49086689223507],[133.5625525324297,34.48991208485992],[133.5620077734248,34.49053688295114],[133.56132536759432,34.4911723611321],[133.56132615022997,34.49087487266646],[133.56180294478554,34.49055629839025],[133.56204723792234,34.49039852673591],[133.56208144653377,34.49005462522492],[133.5621413937559,34.489871745290905],[133.56232919060528,34.48972488640372],[133.5622441362528,34.48946545196563],[133.5612811431386,34.48859422871447],[133.5607427919604,34.488209667820094],[133.56037161737567,34.48802406730367],[133.56053925042727,34.487960753884856],[133.56089278498422,34.48794692696653],[133.56195913430957,34.48814972687233],[133.5626369678067,34.48772141966875],[133.56338407864797,34.48757498015382],[133.56375658559975,34.48761591857102],[133.56444236928945,34.48759938124627],[133.5649467015277,34.48724223140248],[133.56553094461896,34.486851916178296],[133.56600104600926,34.48641426023242],[133.5663478327764,34.48629093002506],[133.566518429673,34.48633059429728],[133.567005603293,34.48644407735245],[133.56775169330604,34.48621154269122],[133.56816933939436,34.485890746096686],[133.56857665628843,34.485303099382314],[133.56867229182058,34.48482281085504],[133.56881524344521,34.48447958900955],[133.56894831764723,34.48437111485913],[133.5690724738801,34.484167647094324],[133.56911634325965,34.48429103022039],[133.5696195547456,34.48557653515211],[133.5708413459135,34.487280642565075],[133.57349266356158,34.48935901126384],[133.5750725256822,34.49000801765175],[133.57607273773036,34.491590686895165],[133.5753133956091,34.492712853305235],[133.5762718386925,34.49396072193966]]]},"properties":{"KEY_CODE":"33216040002","PREF":"33","CITY":"216","CITY_NAME":"浅口市","S_NAME":"柴木実盛，築地","SETAI":"24"}},{"type":"Feature","geometry":{"type":"Polygon","coordinates":[[[133.5662705367132,34.49490182569143],[133.56427920487388,34.4952082392894],[133.56360656788655,34.49674135255052],[133.56347133145698,34.49665612807525],[133.56316887322657,34.49643025890405],[133.56256311808775,34.49577440855187],[133.56207882419312,34.49561063869649],[133.5615117931689,34.495351545739446],[133.56054332944547,34.493636819674194],[133.56129808705901,34.49328534967947],[133.56159533135073,34.49306847042932],[133.56169320201818,34.49193531668328],[133.56133405938436,34.49149399670383],[133.56132536759432,34.4911723611321],[133.5620077734248,34.49053688295114],[133.5625525324297,34.48991208485992],[133.56316757695905,34.49086689223507],[133.5668467352241,34.49168343924634],[133.57053726545948,34.49223992046274],[133.57223548213753,34.493544695261285],[133.57000911559143,34.49476503555507],[133.56821212773613,34.49408784087461],[133.5662705367132,34.49490182569143]]]},"properties":{"KEY_CODE":"33216040003","PREF":"33","CITY":"216","CITY_NAME":"浅口市","S_NAME":"柴木西","SETAI":"32"}},{"type":"Feature","geometry":{"type":"Polygon","coordinates":[[[133.57262453636486,34.49738410329998],[133.5679359742678,34.49775535165678],[133.5676470425859,34.49630706218835],[133.5662705367132,34.49490182569143],[133.56821212773613,34.49408784087461],[133.57000911559143,34.49476503555507],[133.57223548213753,34.493544695261285],[133.57356061431688,34.49472443623487],[133.57262453636486,34.49738410329998]]]},"properties":{"KEY_CODE":"33216040004","PREF":"33","CITY":"216","CITY_NAME":"浅口市","S_NAME":"柴木根奥","SETAI":"18"}},{"type":"Feature","geometry":{"type":"Polygon","coordinates":[[[133.58157687092216,34.47348124034669],[133.58508446225832,34.47654484058677],[133.58317053681986,34.47738515864449],[133.58269031614444,34.47758222885308],[133.58201962543077,34.47788024810567],[133.5814966526677,34.478092827285664],[133.5804165014536,34.477361473915636],[133.5793657835886,34.47596812057766],[133.58157687092216,34.47348124034669]]]},"properties":{"KEY_CODE":"332160410","PREF":"33","CITY":"216","CITY_NAME":"浅口市","S_NAME":"中新開団地","SETAI":"121"}}]}