{"type":"FeatureCollection","features":[{"type":"Feature","geometry":{"type":"Polygon","coordinates":[[[138.3622812150722,36.840970742715044],[138.36081443264135,36.84080034643624],[138.36154634827685,36.840430239935394],[138.3617016280214,36.84056179534497],[138.3622812150722,36.840970742715044]]]},"properties":{"KEY_CODE":"20213001001","PREF":"20","CITY":"213","CITY_NAME":"飯山市","S_NAME":"大字飯山","SETAI":"94"}},{"type":"Feature","geometry":{"type":"Polygon","coordinates":[[[138.36459185318935,36.846030660745605],[138.362336793459,36.84625942292653],[138.36076582850052,36.8461040826721],[138.35977818197077,36.84609429254461],[138.35951238112335,36.844335866779446],[138.35870180580628,36.845255544260226],[138.35849430975134,36.84392453901111],[138.35731699143145,36.843953889795635],[138.35659516318935,36.843220891431166],[138.35615731903707,36.84234164193818],[138.35679522383904,36.8410924598347],[138.35753305861144,36.841109331487424],[138.35984056325663,36.84141538043987],[138.35983385928014,36.840714500878526],[138.36054053268361,36.8406634420167],[138.36081443264135,36.84080034643624],[138.3622812150722,36.840970742715044],[138.36279928269013,36.84200712666113],[138.36430415566136,36.845086216973264],[138.36446675814216,36.84559387164644],[138.36459185318935,36.846030660745605]]]},"properties":{"KEY_CODE":"20213001002","PREF":"20","CITY":"213","CITY_NAME":"飯山市","S_NAME":"大字飯山","SETAI":"344"}},{"type":"Feature","geometry":{"type":"Polygon","coordinates":[[[138.3643196793028,36.85041525350693],[138.36329861055535,36.850129444777316],[138.3633402576602,36.850269384692105],[138.36239933830583,36.85014305560126],[138.3623424763252,36.84937755598582],[138.36127120340345,36.84950902758358],[138.36095724618602,36.84860956242795],[138.3604216208865,36.84836312676522],[138.35986969160882,36.8465809493669],[138.36076582850052,36.8461040826721],[138.362336793459,36.84625942292653],[138.36459185318935,36.846030660745605],[138.36553973326033,36.84939204423513],[138.36467265609863,36.849471394485164],[138.3643196793028,36.85041525350693]]]},"properties":{"KEY_CODE":"20213001003","PREF":"20","CITY":"213","CITY_NAME":"飯山市","S_NAME":"大字飯山","SETAI":"208"}},{"type":"Feature","geometry":{"type":"Polygon","coordinates":[[[138.36095724618602,36.84860956242795],[138.3600201568467,36.849666538591926],[138.35908545986317,36.84983412649045],[138.3588494441134,36.84946500017268],[138.35875303257228,36.84926669732004],[138.35794308463494,36.84859541437033],[138.35781005163034,36.84863946867106],[138.35764994292236,36.84869320675467],[138.357596942573,36.8487419328944],[138.35798603250478,36.84824457143833],[138.35706150530544,36.84469916856305],[138.35611261471746,36.84546472433204],[138.35543147964162,36.84489939506909],[138.35456631675117,36.842841690631246],[138.3558015404007,36.84240077582971],[138.35659516318935,36.843220891431166],[138.35731699143145,36.843953889795635],[138.35849430975134,36.84392453901111],[138.35870180580628,36.845255544260226],[138.35951238112335,36.844335866779446],[138.35977818197077,36.84609429254461],[138.36076582850052,36.8461040826721],[138.35986969160882,36.8465809493669],[138.3604216208865,36.84836312676522],[138.36095724618602,36.84860956242795]]]},"properties":{"KEY_CODE":"20213001004","PREF":"20","CITY":"213","CITY_NAME":"飯山市","S_NAME":"大字飯山","SETAI":"50"}},{"type":"Feature","geometry":{"type":"Polygon","coordinates":[[[138.36239933830583,36.85014305560126],[138.36263957138434,36.85157140830486],[138.3620873988041,36.85156042269389],[138.36208530614454,36.85153627058842],[138.36206379733008,36.85127561104816],[138.3604057963677,36.85077029462031],[138.3600201568467,36.849666538591926],[138.36095724618602,36.84860956242795],[138.36127120340345,36.84950902758358],[138.3623424763252,36.84937755598582],[138.36239933830583,36.85014305560126]]]},"properties":{"KEY_CODE":"20213001005","PREF":"20","CITY":"213","CITY_NAME":"飯山市","S_NAME":"大字飯山","SETAI":"74"}},{"type":"Feature","geometry":{"type":"Polygon","coordinates":[[[138.3638364671605,36.85345932235907],[138.36208247253913,36.85306023375801],[138.36208028644464,36.8523864646021],[138.3621506944114,36.85234648539244],[138.36237508642017,36.85183526038148],[138.36240702787873,36.8517313797168],[138.3620873988041,36.85156042269389],[138.36263957138434,36.85157140830486],[138.36239933830583,36.85014305560126],[138.3633402576602,36.850269384692105],[138.36329861055535,36.850129444777316],[138.3643196793028,36.85041525350693],[138.3638364671605,36.85345932235907]]]},"properties":{"KEY_CODE":"20213001006","PREF":"20","CITY":"213","CITY_NAME":"飯山市","S_NAME":"大字飯山","SETAI":"102"}},{"type":"Feature","geometry":{"type":"Polygon","coordinates":[[[138.35916005429087,36.85564051145683],[138.35603463199413,36.855966129127914],[138.35413011376116,36.85536024010179],[138.35312340232517,36.85454527338705],[138.35247472635206,36.85267629472903],[138.355717125189,36.85202571772938],[138.35679825439016,36.85216747979227],[138.3580305639677,36.851672114372434],[138.35834074381955,36.85152146515883],[138.3586821783571,36.85140394335741],[138.35938157125236,36.8511261826845],[138.35908545986317,36.84983412649045],[138.3600201568467,36.849666538591926],[138.3604057963677,36.85077029462031],[138.36206379733008,36.85127561104816],[138.36208530614454,36.85153627058842],[138.3620873988041,36.85156042269389],[138.36240702787873,36.8517313797168],[138.36237508642017,36.85183526038148],[138.3621506944114,36.85234648539244],[138.36208028644464,36.8523864646021],[138.36122786750485,36.85265442351648],[138.3611315478296,36.85448319430788],[138.35916005429087,36.85564051145683]]]},"properties":{"KEY_CODE":"20213001007","PREF":"20","CITY":"213","CITY_NAME":"飯山市","S_NAME":"大字飯山","SETAI":"185"}},{"type":"Feature","geometry":{"type":"Polygon","coordinates":[[[138.3580305639677,36.851672114372434],[138.35679825439016,36.85216747979227],[138.355717125189,36.85202571772938],[138.35247472635206,36.85267629472903],[138.35200618212627,36.85094869334866],[138.35090565809577,36.85111995023924],[138.35113234736156,36.84983225476626],[138.35067270841245,36.8453559936653],[138.35156878692908,36.845413368895976],[138.35263837151933,36.84428161242468],[138.3525373782889,36.8435149956087],[138.35286820395532,36.84342331687856],[138.3545618051343,36.842836964712205],[138.35456631675117,36.842841690631246],[138.35543147964162,36.84489939506909],[138.35611261471746,36.84546472433204],[138.35706150530544,36.84469916856305],[138.35798603250478,36.84824457143833],[138.357596942573,36.8487419328944],[138.35764994292236,36.84869320675467],[138.35781005163034,36.84863946867106],[138.35794308463494,36.84859541437033],[138.35875303257228,36.84926669732004],[138.3588494441134,36.84946500017268],[138.35908545986317,36.84983412649045],[138.35938157125236,36.8511261826845],[138.3586821783571,36.85140394335741],[138.35834074381955,36.85152146515883],[138.3580305639677,36.851672114372434]]]},"properties":{"KEY_CODE":"20213001008","PREF":"20","CITY":"213","CITY_NAME":"飯山市","S_NAME":"大字飯山","SETAI":"383"}},{"type":"Feature","geometry":{"type":"Polygon","coordinates":[[[138.36412476107816,36.854158412084274],[138.3634167210626,36.85425060821724],[138.36285250024778,36.85447511418137],[138.36246713652096,36.85428141327243],[138.36232107535605,36.85412170897859],[138.36210089532577,36.85417982005499],[138.36122786750485,36.85265442351648],[138.36208028644464,36.8523864646021],[138.36208247253913,36.85306023375801],[138.3638364671605,36.85345932235907],[138.36412476107816,36.854158412084274]]]},"properties":{"KEY_CODE":"20213001009","PREF":"20","CITY":"213","CITY_NAME":"飯山市","S_NAME":"大字飯山","SETAI":"26"}},{"type":"Feature","geometry":{"type":"Polygon","coordinates":[[[138.36767406424633,36.85454806784923],[138.36836653880127,36.85717505004201],[138.36805573201892,36.8572267356966],[138.36776296985835,36.855809387003085],[138.36709219456785,36.85588869213876],[138.36492513145606,36.85506647561456],[138.36412476107816,36.854158412084274],[138.3638364671605,36.85345932235907],[138.3643196793028,36.85041525350693],[138.36467265609863,36.849471394485164],[138.36553973326033,36.84939204423513],[138.36751073294636,36.853939173001585],[138.36767406424633,36.85454806784923]]]},"properties":{"KEY_CODE":"20213001010","PREF":"20","CITY":"213","CITY_NAME":"飯山市","S_NAME":"大字飯山","SETAI":"139"}},{"type":"Feature","geometry":{"type":"Polygon","coordinates":[[[138.36412476107816,36.854158412084274],[138.36492513145606,36.85506647561456],[138.36709219456785,36.85588869213876],[138.36776296985835,36.855809387003085],[138.36805573201892,36.8572267356966],[138.36750533117603,36.85733116867899],[138.36548363511537,36.85774612221925],[138.3640358405373,36.85647523900741],[138.3633005955385,36.85714337713211],[138.36293057170144,36.85700348419625],[138.36210089532577,36.85417982005499],[138.36232107535605,36.85412170897859],[138.36246713652096,36.85428141327243],[138.36285250024778,36.85447511418137],[138.3634167210626,36.85425060821724],[138.36412476107816,36.854158412084274]]]},"properties":{"KEY_CODE":"20213001011","PREF":"20","CITY":"213","CITY_NAME":"飯山市","S_NAME":"大字飯山","SETAI":"56"}},{"type":"Feature","geometry":{"type":"Polygon","coordinates":[[[138.36851529372123,36.86031411160314],[138.36670070374757,36.861224604372445],[138.3652227717989,36.8613826910354],[138.36430014118824,36.861345456432986],[138.3642976711005,36.8612057022222],[138.36384728275758,36.86087168510462],[138.36379841173675,36.86077496406205],[138.36371982946184,36.8606525820001],[138.3646241703217,36.86019612655717],[138.36394759052223,36.85939070987761],[138.3633005955385,36.85714337713211],[138.3640358405373,36.85647523900741],[138.36548363511537,36.85774612221925],[138.36750533117603,36.85733116867899],[138.36805573201892,36.8572267356966],[138.36836653880127,36.85717505004201],[138.3691817639492,36.86005815025559],[138.36851529372123,36.86031411160314]]]},"properties":{"KEY_CODE":"20213001012","PREF":"20","CITY":"213","CITY_NAME":"飯山市","S_NAME":"大字飯山","SETAI":"174"}},{"type":"Feature","geometry":{"type":"Polygon","coordinates":[[[138.35996145872548,36.85786171247177],[138.3599554233813,36.8574466026705],[138.35995795277216,36.857302559173284],[138.35916005429087,36.85564051145683],[138.3611315478296,36.85448319430788],[138.36122786750485,36.85265442351648],[138.36210089532577,36.85417982005499],[138.36293057170144,36.85700348419625],[138.35996145872548,36.85786171247177]]]},"properties":{"KEY_CODE":"20213001013","PREF":"20","CITY":"213","CITY_NAME":"飯山市","S_NAME":"大字飯山","SETAI":"67"}},{"type":"Feature","geometry":{"type":"Polygon","coordinates":[[[138.36384728275758,36.86087168510462],[138.36340243173453,36.86090334992968],[138.36085401819062,36.862786811320284],[138.35699456541866,36.863181094458476],[138.36035203911163,36.85995865841339],[138.35996145872548,36.85786171247177],[138.36293057170144,36.85700348419625],[138.3633005955385,36.85714337713211],[138.36394759052223,36.85939070987761],[138.3646241703217,36.86019612655717],[138.36371982946184,36.8606525820001],[138.36379841173675,36.86077496406205],[138.36384728275758,36.86087168510462]]]},"properties":{"KEY_CODE":"20213001014","PREF":"20","CITY":"213","CITY_NAME":"飯山市","S_NAME":"大字飯山","SETAI":"66"}},{"type":"Feature","geometry":{"type":"Polygon","coordinates":[[[138.3606147077005,36.86832656104324],[138.3599783986593,36.8685699785355],[138.35783391818134,36.86786488745478],[138.3576659007814,36.8670058986437],[138.3566109556554,36.86579523650798],[138.35699456541866,36.863181094458476],[138.36085401819062,36.862786811320284],[138.36340243173453,36.86090334992968],[138.36384728275758,36.86087168510462],[138.3642976711005,36.8612057022222],[138.36430014118824,36.861345456432986],[138.3652227717989,36.8613826910354],[138.36568018646025,36.86221376361812],[138.36462773060921,36.86463222055351],[138.36537126455823,36.86610140840283],[138.36172143616855,36.867946680687744],[138.3606147077005,36.86832656104324]]]},"properties":{"KEY_CODE":"20213001015","PREF":"20","CITY":"213","CITY_NAME":"飯山市","S_NAME":"大字飯山","SETAI":"101"}},{"type":"Feature","geometry":{"type":"Polygon","coordinates":[[[138.3799199970394,36.87490806982399],[138.37501348930434,36.87559359557882],[138.37498191139983,36.87702768176884],[138.3744070247399,36.877274614662994],[138.37305504340486,36.87604949440592],[138.37246143813337,36.87481503713162],[138.37202325766512,36.87434433951051],[138.37106768487246,36.87484585361464],[138.37065045938908,36.8749805776277],[138.37041620157208,36.87506853897324],[138.3663666492334,36.8749915627936],[138.3664788304578,36.87380193889503],[138.3670868728737,36.870728301608075],[138.3670355121585,36.86986382947045],[138.36619939185334,36.8669045221033],[138.3660438772791,36.86639145513391],[138.36576939583932,36.86623154038953],[138.36537126455823,36.86610140840283],[138.36462773060921,36.86463222055351],[138.36568018646025,36.86221376361812],[138.3652227717989,36.8613826910354],[138.36670070374757,36.861224604372445],[138.36851529372123,36.86031411160314],[138.36928770125405,36.86046090985879],[138.37203005474407,36.866887188019824],[138.3748475295029,36.87074585564536],[138.37663171514066,36.87242431063507],[138.3799199970394,36.87490806982399]]]},"properties":{"KEY_CODE":"20213001016","PREF":"20","CITY":"213","CITY_NAME":"飯山市","S_NAME":"大字飯山","SETAI":"44"}},{"type":"Feature","geometry":{"type":"Polygon","coordinates":[[[138.35699456541866,36.863181094458476],[138.35654168782776,36.863452735533755],[138.3537313977052,36.86234729293015],[138.35298715171172,36.86040758886646],[138.35346532422713,36.85976637227391],[138.35240241220913,36.8591505769046],[138.35222340723857,36.858817202476224],[138.35169407509855,36.85741177181979],[138.35380150120156,36.85739395472595],[138.35400861004072,36.85749045012399],[138.3540822831497,36.857505396582326],[138.35434484191717,36.85750198475369],[138.3556864438607,36.856885466103556],[138.35413011376116,36.85536024010179],[138.35603463199413,36.855966129127914],[138.35916005429087,36.85564051145683],[138.35995795277216,36.857302559173284],[138.3599554233813,36.8574466026705],[138.35996145872548,36.85786171247177],[138.36035203911163,36.85995865841339],[138.35699456541866,36.863181094458476]]]},"properties":{"KEY_CODE":"20213001017","PREF":"20","CITY":"213","CITY_NAME":"飯山市","S_NAME":"大字飯山","SETAI":"100"}},{"type":"Feature","geometry":{"type":"Polygon","coordinates":[[[138.34761746592852,36.86280700238294],[138.3442389541471,36.86368207002476],[138.34302507182542,36.86345532811399],[138.34028496462335,36.86162202428072],[138.33899201787014,36.86315229191991],[138.3371807041819,36.86336097941893],[138.33472194642542,36.86403517872509],[138.3328581879084,36.861968457755054],[138.32842396778196,36.855497454031855],[138.32752121481005,36.854261112077225],[138.32746508815234,36.85414056834542],[138.32721980702502,36.853887600970964],[138.32570255429343,36.853255340067285],[138.32447416766158,36.85317715113355],[138.3230224919014,36.85165926253501],[138.32263633902076,36.85096323292451],[138.32166506421433,36.84969274032793],[138.32119281549376,36.849610505308114],[138.32080812542895,36.84870973452282],[138.32142276610213,36.84553082772631],[138.3247319358506,36.845910279221954],[138.32924580362837,36.844790615675855],[138.33466024933392,36.84447097898235],[138.34053188484242,36.83965612678795],[138.3403461876081,36.84257613533704],[138.34327699817692,36.84240663979635],[138.34828058712972,36.84264710396162],[138.3508228725693,36.84245601132147],[138.3520176983894,36.841997205228225],[138.35211834395912,36.84207498675997],[138.35212234136108,36.84217735968047],[138.35211563806595,36.84238384675122],[138.35212514565384,36.842541353693925],[138.35215021515012,36.84260552495634],[138.3522187033541,36.842661861719364],[138.35232639954444,36.8427115604892],[138.35239137621033,36.84277746886628],[138.35246105277966,36.84294406180826],[138.3524749370144,36.84300033269181],[138.35247519454393,36.84323154031085],[138.3525373782889,36.8435149956087],[138.35263837151933,36.84428161242468],[138.35156878692908,36.845413368895976],[138.35067270841245,36.8453559936653],[138.35113234736156,36.84983225476626],[138.35090565809577,36.85111995023924],[138.35200618212627,36.85094869334866],[138.35247472635206,36.85267629472903],[138.35312340232517,36.85454527338705],[138.35413011376116,36.85536024010179],[138.3556864438607,36.856885466103556],[138.35434484191717,36.85750198475369],[138.3540822831497,36.857505396582326],[138.35400861004072,36.85749045012399],[138.35380150120156,36.85739395472595],[138.35169407509855,36.85741177181979],[138.35222340723857,36.858817202476224],[138.35240241220913,36.8591505769046],[138.35346532422713,36.85976637227391],[138.35298715171172,36.86040758886646],[138.35209254601864,36.86001405326395],[138.3511564498814,36.86106374370561],[138.34907943620345,36.86040433773671],[138.34855612338194,36.862163291462515],[138.34761746592852,36.86280700238294]]]},"properties":{"KEY_CODE":"20213001018","PREF":"20","CITY":"213","CITY_NAME":"飯山市","S_NAME":"大字飯山","SETAI":"12"}},{"type":"Feature","geometry":{"type":"Polygon","coordinates":[[[138.32842396778196,36.855497454031855],[138.32615839783645,36.855719397526784],[138.3198034619091,36.85717360299737],[138.3167271678584,36.858358881024984],[138.3128090378919,36.85695891871465],[138.30974340335354,36.85546937690785],[138.307605290634,36.85402362776361],[138.30642450923187,36.852767241938565],[138.3053586125455,36.850814174962494],[138.30479756775807,36.84606210826735],[138.31080828945562,36.845593038367454],[138.31271688922337,36.84521424571873],[138.31792156541366,36.844386030553885],[138.31921825463027,36.84447284207541],[138.32142276610213,36.84553082772631],[138.32080812542895,36.84870973452282],[138.32119281549376,36.849610505308114],[138.32166506421433,36.84969274032793],[138.32263633902076,36.85096323292451],[138.3230224919014,36.85165926253501],[138.32447416766158,36.85317715113355],[138.32570255429343,36.853255340067285],[138.32721980702502,36.853887600970964],[138.32746508815234,36.85414056834542],[138.32752121481005,36.854261112077225],[138.32842396778196,36.855497454031855]]]},"properties":{"KEY_CODE":"20213001019","PREF":"20","CITY":"213","CITY_NAME":"飯山市","S_NAME":"大字飯山","SETAI":"0"}},{"type":"Feature","geometry":{"type":"Polygon","coordinates":[[[138.3167271678584,36.858358881024984],[138.30869732399938,36.86059832641995],[138.30871516895016,36.86017571932977],[138.30860410135054,36.86010182806307],[138.30822801410167,36.85997752149874],[138.3078003882963,36.859941840691896],[138.30734302105157,36.85967546488725],[138.30723454301048,36.85951286708639],[138.305744397531,36.85926606728032],[138.3034741940189,36.859052387814565],[138.30306960340081,36.85899666336505],[138.30266469036536,36.85887764000112],[138.3015336575512,36.85779032969047],[138.3013218603442,36.857385430584685],[138.30185128775517,36.8551084455009],[138.30127620069956,36.85413026531255],[138.30054885526928,36.853249547130545],[138.2999968478742,36.8527796564057],[138.2999587690737,36.85259886771639],[138.3000629712704,36.852051797342796],[138.3007155596997,36.850607301466034],[138.30086125962822,36.85016097520172],[138.30108208645626,36.849226879717044],[138.3005973524032,36.84811671970402],[138.30035603149122,36.84817531232655],[138.3001463722896,36.84816017638306],[138.29978281155385,36.84786049069441],[138.29956214929985,36.84753675670539],[138.29952846146358,36.84738709445227],[138.29976829351702,36.84688826533827],[138.30479756775807,36.84606210826735],[138.3053586125455,36.850814174962494],[138.30642450923187,36.852767241938565],[138.307605290634,36.85402362776361],[138.30974340335354,36.85546937690785],[138.3128090378919,36.85695891871465],[138.3167271678584,36.858358881024984]]]},"properties":{"KEY_CODE":"20213001020","PREF":"20","CITY":"213","CITY_NAME":"飯山市","S_NAME":"大字飯山","SETAI":"7"}},{"type":"Feature","geometry":{"type":"Polygon","coordinates":[[[138.35679522383904,36.8410924598347],[138.35615731903707,36.84234164193818],[138.35659516318935,36.843220891431166],[138.3558015404007,36.84240077582971],[138.35456631675117,36.842841690631246],[138.3545618051343,36.842836964712205],[138.3542027812794,36.84244155696453],[138.3541164754719,36.84219165635434],[138.35405232129537,36.842061047281916],[138.35382873576785,36.84184695402679],[138.35368622509918,36.84170956137288],[138.35359576724665,36.841426987010905],[138.35358512260436,36.84113444330134],[138.35293565769837,36.84108745438693],[138.35289263290875,36.84089723885866],[138.35598436116473,36.84012764413347],[138.3560132488117,36.840317841227424],[138.35614167473764,36.84058194226905],[138.35623432952218,36.84078925446929],[138.35679522383904,36.8410924598347]]]},"properties":{"KEY_CODE":"20213001021","PREF":"20","CITY":"213","CITY_NAME":"飯山市","S_NAME":"大字飯山","SETAI":"78"}},{"type":"Feature","geometry":{"type":"Polygon","coordinates":[[[138.29301441363316,36.86735418611043],[138.29205168111352,36.86692255463902],[138.29118496271363,36.86744527651653],[138.2904097805069,36.86709189722784],[138.28975650744994,36.86782950330872],[138.29016784900426,36.86688399103565],[138.29192252539497,36.8656410399743],[138.29171823726475,36.86510342725151],[138.29255627350406,36.863303020027125],[138.29363707494096,36.86206295279511],[138.29519834727427,36.86096217956868],[138.29643956836745,36.858327562076006],[138.2960667461506,36.85537612045395],[138.29217706791195,36.8541378625524],[138.29237419121782,36.85254086962069],[138.29180651069024,36.85137864837826],[138.29062816382415,36.85260190633038],[138.28937291749537,36.85277741029721],[138.28876298392638,36.8510964284776],[138.28880151439088,36.849435522167994],[138.28969778862168,36.84863090519236],[138.28928203565027,36.847153589418554],[138.28777879468478,36.84664267921499],[138.28759543745088,36.84591507624284],[138.2861132185283,36.845702128528046],[138.28466567917658,36.84478813455341],[138.28254073212628,36.84439865968537],[138.2793457640966,36.84265334462525],[138.27615857210404,36.84203831180173],[138.2756118579601,36.841111947598236],[138.288937878718,36.841585113543715],[138.28967324143466,36.84488121437221],[138.292146798805,36.845138304079974],[138.29659005297825,36.84592118072038],[138.29996375478234,36.846820092552676],[138.29976829351702,36.84688826533827],[138.29952846146358,36.84738709445227],[138.29956214929985,36.84753675670539],[138.29978281155385,36.84786049069441],[138.3001463722896,36.84816017638306],[138.30035603149122,36.84817531232655],[138.3005973524032,36.84811671970402],[138.30108208645626,36.849226879717044],[138.30086125962822,36.85016097520172],[138.3007155596997,36.850607301466034],[138.3000629712704,36.852051797342796],[138.2999587690737,36.85259886771639],[138.2999968478742,36.8527796564057],[138.30054885526928,36.853249547130545],[138.30127620069956,36.85413026531255],[138.30185128775517,36.8551084455009],[138.3013218603442,36.857385430584685],[138.3015336575512,36.85779032969047],[138.30266469036536,36.85887764000112],[138.30306960340081,36.85899666336505],[138.3034741940189,36.859052387814565],[138.305744397531,36.85926606728032],[138.30723454301048,36.85951286708639],[138.30734302105157,36.85967546488725],[138.3078003882963,36.859941840691896],[138.30822801410167,36.85997752149874],[138.30860410135054,36.86010182806307],[138.30871516895016,36.86017571932977],[138.30869732399938,36.86059832641995],[138.30442141164582,36.86182253432226],[138.29956695161636,36.8633784981278],[138.2947363964288,36.865291414570805],[138.29512537531048,36.865527232755475],[138.29416855006184,36.865828611304295],[138.29390532127948,36.865958899249605],[138.29373945029283,36.865968681144444],[138.2934202747885,36.86595052856315],[138.29307033673157,36.86574624330779],[138.29295144046648,36.86573596914023],[138.29391680122473,36.86635367677668],[138.29390370403607,36.86656740294704],[138.293517766106,36.866948962747124],[138.29301441363316,36.86735418611043]]]},"properties":{"KEY_CODE":"20213001022","PREF":"20","CITY":"213","CITY_NAME":"飯山市","S_NAME":"大字飯山斑尾高原","SETAI":"51"}},{"type":"Feature","geometry":{"type":"Polygon","coordinates":[[[138.35679522383904,36.8410924598347],[138.35623432952218,36.84078925446929],[138.35614167473764,36.84058194226905],[138.3560132488117,36.840317841227424],[138.35598436116473,36.84012764413347],[138.3559471020519,36.83997658164176],[138.35697545151345,36.839719796778574],[138.35753305861144,36.841109331487424],[138.35679522383904,36.8410924598347]]]},"properties":{"KEY_CODE":"20213001023","PREF":"20","CITY":"213","CITY_NAME":"飯山市","S_NAME":"大字飯山","SETAI":"82"}},{"type":"Feature","geometry":{"type":"Polygon","coordinates":[[[138.35286820395532,36.84342331687856],[138.3525373782889,36.8435149956087],[138.35247519454393,36.84323154031085],[138.3524749370144,36.84300033269181],[138.35246105277966,36.84294406180826],[138.35239137621033,36.84277746886628],[138.35232639954444,36.8427115604892],[138.3522187033541,36.842661861719364],[138.35215021515012,36.84260552495634],[138.35212514565384,36.842541353693925],[138.35211563806595,36.84238384675122],[138.35212234136108,36.84217735968047],[138.35211834395912,36.84207498675997],[138.3520176983894,36.841997205228225],[138.35200486694683,36.84175809434964],[138.35202733057488,36.841714262108134],[138.35207934774073,36.8416006255951],[138.3520752617973,36.84154436576062],[138.35206924420328,36.841399746584806],[138.35203717866182,36.84133000570793],[138.35199254965073,36.84123990282776],[138.3519802522887,36.84108683167337],[138.3519741214535,36.84100191524529],[138.35289263290875,36.84089723885866],[138.35293565769837,36.84108745438693],[138.35358512260436,36.84113444330134],[138.35359576724665,36.841426987010905],[138.35368622509918,36.84170956137288],[138.35382873576785,36.84184695402679],[138.35405232129537,36.842061047281916],[138.3541164754719,36.84219165635434],[138.3542027812794,36.84244155696453],[138.3545618051343,36.84283696471221],[138.35286820395532,36.84342331687856]]]},"properties":{"KEY_CODE":"20213001024","PREF":"20","CITY":"213","CITY_NAME":"飯山市","S_NAME":"大字飯山","SETAI":"54"}},{"type":"Feature","properties":{"KEY_CODE":"20213002013","PREF":"20","CITY":"213","CITY_NAME":"飯山市","S_NAME":"大字静間","SETAI":"502"},"geometry":{"type":"Polygon","coordinates":[[[138.2742151437076,36.837342277750636],[138.27426110584926,36.837304837961405],[138.2749742121463,36.83680399110933],[138.27558079144714,36.83657962788617],[138.27738887098383,36.83672897691479],[138.27824082471525,36.836806677057844],[138.27945970188836,36.83711527647286],[138.2810652391035,36.83798140993569],[138.2842327778516,36.83973106526895],[138.28521830792573,36.840131556089915],[138.28883954365674,36.839507083343875],[138.2897296287247,36.8396232807044],[138.2901309182022,36.83986723961408],[138.29040029144454,36.839928545107554],[138.29079067125184,36.839836089388356],[138.29117892802074,36.83965435460139],[138.29146156818234,36.83948982202578],[138.29301591793416,36.839190226598774],[138.29448883097334,36.83876339110605],[138.29539936649857,36.83868174660461],[138.29559679499005,36.83822635975674],[138.296738288762,36.8373739680076],[138.29690280849226,36.836997445612155],[138.2973743821763,36.835937867024164],[138.29826845022197,36.835904308646036],[138.2997517729516,36.83565269099809],[138.30093186634224,36.83461178915566],[138.30096698318079,36.831584147660344],[138.30127906100614,36.83104570084712],[138.30167421709848,36.82999476207251],[138.30077368349635,36.8283545503745],[138.30029541228924,36.82768650891447],[138.298032276848,36.825545154146695],[138.30115716792614,36.82461102906989],[138.30237551269607,36.82381470919999],[138.30478708133074,36.82094179567657],[138.30562614936989,36.82034358547446],[138.30706028500634,36.8203597163026],[138.30792518843415,36.81858539884521],[138.30818382193098,36.81838290512645],[138.3088897002968,36.81827336052037],[138.3121219108522,36.81958831629711],[138.31334778549558,36.82032358288348],[138.31706095143744,36.82090354363973],[138.31794518060383,36.82057743145265],[138.3176801167602,36.8178903544436],[138.31831832453796,36.81670527999834],[138.31871486755702,36.81405195952308],[138.3187374439771,36.81402552208588],[138.3222022762201,36.82019463086012],[138.32424602649792,36.824327072005],[138.33122260175406,36.823753537809125],[138.33690463536433,36.82390341900379],[138.33846108209832,36.82428667125094],[138.33996012024147,36.82473255514754],[138.34054879435968,36.824670556531075],[138.34329981167068,36.82414664719841],[138.34623208067686,36.82445180851594],[138.34633387378042,36.82371565939164],[138.3463319454265,36.82355795103516],[138.34616140450186,36.82317157313013],[138.34636958484265,36.82278191291649],[138.3456859440411,36.82147141567148],[138.34533843253672,36.82134507214267],[138.3452190476078,36.82115784981699],[138.34523370727337,36.820713899097214],[138.34555899542963,36.820462350310144],[138.34585446290814,36.82029421551949],[138.34647808359992,36.82024138606078],[138.34656923356653,36.82027237072158],[138.34730545308597,36.8200662871468],[138.34799397724987,36.82143970982491],[138.34978133850146,36.82345697102908],[138.35127620089605,36.82525269504981],[138.3520651061775,36.825782562294386],[138.35273165531342,36.825539938046425],[138.3546814147188,36.824971446759086],[138.355520920732,36.82599439565695],[138.35630442286515,36.82717701748301],[138.35899343370977,36.831367623679014],[138.36116220979812,36.834187573439955],[138.36204822069064,36.83530497680514],[138.3639274214178,36.83856094434654],[138.36399733271458,36.8416051569749],[138.36279928269013,36.84200712666113],[138.3622812150722,36.840970742715044],[138.3617016280214,36.84056179534497],[138.36154634827685,36.840430239935394],[138.36081443264135,36.84080034643624],[138.36054053268361,36.8406634420167],[138.35983385928014,36.840714500878526],[138.35984056325663,36.84141538043987],[138.35753305861144,36.841109331487424],[138.35697545151345,36.839719796778574],[138.3559471020519,36.83997658164176],[138.35598436116473,36.84012764413347],[138.35289263290875,36.84089723885866],[138.3519741214535,36.84100191524529],[138.3519802522887,36.84108683167337],[138.35199254965073,36.84123990282776],[138.35203717866182,36.84133000570793],[138.35206924420328,36.841399746584806],[138.3520752617973,36.84154436576062],[138.35207934774073,36.8416006255951],[138.35202733057488,36.841714262108134],[138.35200486694683,36.84175809434964],[138.3520176983894,36.841997205228225],[138.3508228725693,36.84245601132147],[138.34828058712972,36.84264710396162],[138.34327699817692,36.84240663979635],[138.3403461876081,36.84257613533704],[138.34053188484242,36.83965612678795],[138.33466024933392,36.84447097898235],[138.32924580362837,36.844790615675855],[138.3247319358506,36.845910279221954],[138.32142276610213,36.84553082772631],[138.31921825463027,36.84447284207541],[138.31792156541363,36.844386030553856],[138.31271688922337,36.84521424571873],[138.31080828945562,36.845593038367454],[138.30479756775807,36.84606210826735],[138.29996375478234,36.846820092552676],[138.29659005297825,36.84592118072038],[138.292146798805,36.845138304079974],[138.28967324143466,36.84488121437221],[138.288937878718,36.841585113543715],[138.2756118579601,36.841111947598236],[138.2747024612924,36.84082572039459],[138.2743748311619,36.83866415557591],[138.2742151437076,36.837342277750636]]]}},{"type":"Feature","properties":{"KEY_CODE":"20213003001","PREF":"20","CITY":"213","CITY_NAME":"飯山市","S_NAME":"大字蓮","SETAI":"235"},"geometry":{"type":"Polygon","coordinates":[[[138.3187374439771,36.81402552208588],[138.3187785585104,36.81398179263249],[138.31893574522005,36.81380348312379],[138.3207528341527,36.81258991781599],[138.32176895549554,36.81145609548451],[138.32192362807078,36.81116738806278],[138.32309401964048,36.80895641879633],[138.324392749641,36.80675956621789],[138.32556657465608,36.806083250861896],[138.33044321891043,36.806165172266795],[138.33124619951798,36.80566828550724],[138.33373914628382,36.805883483846735],[138.33461786190665,36.80645824494656],[138.33486404293606,36.80640438167456],[138.33501574935894,36.80639375457156],[138.33514034722344,36.80645081628575],[138.33550424812032,36.80650828732783],[138.3357082329315,36.806482805400876],[138.3363697228516,36.806087988508615],[138.33654827533772,36.8061397734669],[138.33845117362918,36.80613678657955],[138.34012673468618,36.804763597967785],[138.34190734903842,36.804625848338326],[138.3421303900352,36.804552648608734],[138.34276499204174,36.8044702169984],[138.34323874583322,36.8044073486123],[138.34345101310174,36.80435208515671],[138.3437226322587,36.8042136125815],[138.34388081069395,36.80406301784453],[138.34408845172726,36.803853067859265],[138.3449720727787,36.80360029892685],[138.34584531564124,36.804546562326294],[138.34640315808508,36.80479321923681],[138.3475435101224,36.804772454710275],[138.35272211439005,36.80381131015448],[138.35355279373366,36.803750455987355],[138.35622694742926,36.803966992944225],[138.35768428280218,36.80540740303241],[138.35816476098327,36.80628810806247],[138.3587864105187,36.807448275618604],[138.35920095282,36.80942024036619],[138.35779480593376,36.81294440766525],[138.35715845397038,36.81424274050981],[138.35446995804372,36.818544395553175],[138.3532793628164,36.821680703046404],[138.35319465263893,36.82213555119309],[138.35341398577233,36.8234635781448],[138.3546814147188,36.824971446759086],[138.35273165531342,36.825539938046425],[138.3520651061775,36.825782562294386],[138.35127620089605,36.82525269504981],[138.34978133850146,36.82345697102908],[138.34799397724987,36.82143970982491],[138.34730545308597,36.8200662871468],[138.34714995226594,36.819510596669666],[138.34656923356653,36.82027237072158],[138.34647808359992,36.82024138606078],[138.34585446290814,36.82029421551949],[138.34555899542963,36.820462350310144],[138.34523370727337,36.820713899097214],[138.3452190476078,36.82115784981699],[138.34533843253672,36.82134507214267],[138.3456859440411,36.82147141567148],[138.34636958484265,36.82278191291649],[138.34616140450186,36.82317157313013],[138.3463319454265,36.82355795103516],[138.34633387378042,36.82371565939164],[138.34623208067686,36.82445180851594],[138.34329981167068,36.82414664719841],[138.34054879435968,36.824670556531075],[138.33996012024147,36.82473255514754],[138.33846108209832,36.82428667125094],[138.33690463536433,36.82390341900379],[138.33122260175406,36.823753537809125],[138.32424602649792,36.824327072005],[138.3222022762201,36.82019463086012],[138.3187374439771,36.81402552208588]]]}},{"type":"Feature","properties":{"KEY_CODE":"20213004001","PREF":"20","CITY":"213","CITY_NAME":"飯山市","S_NAME":"大字旭","SETAI":"319"},"geometry":{"type":"Polygon","coordinates":[[[138.28829217247193,36.8696037116342],[138.28947398795103,36.8687174392376],[138.28975650744994,36.86782950330872],[138.2904097805069,36.86709189722784],[138.29118496271363,36.86744527651653],[138.29205168111352,36.86692255463902],[138.29301441363316,36.86735418611043],[138.293517766106,36.866948962747124],[138.29390370403607,36.86656740294704],[138.29391680122473,36.86635367677668],[138.29295144046648,36.86573596914023],[138.29307033673157,36.86574624330779],[138.2934202747885,36.86595052856315],[138.29373945029283,36.865968681144444],[138.29390532127948,36.865958899249605],[138.29416855006184,36.865828611304295],[138.29512537531048,36.865527232755475],[138.2947363964288,36.865291414570805],[138.29956695161636,36.8633784981278],[138.30442141164582,36.86182253432226],[138.30869732399938,36.86059832641995],[138.3167271678584,36.858358881024984],[138.3198034619091,36.85717360299737],[138.32615839783645,36.855719397526784],[138.32842396778196,36.855497454031855],[138.3328581879084,36.861968457755054],[138.33472194642542,36.86403517872509],[138.3371807041819,36.86336097941893],[138.33899201787014,36.86315229191991],[138.34028496462335,36.86162202428072],[138.34302507182542,36.86345532811399],[138.3442389541471,36.86368207002476],[138.34761746592852,36.86280700238294],[138.34855612338194,36.862163291462515],[138.34907943620345,36.86040433773671],[138.3511564498814,36.86106374370561],[138.35209254601864,36.86001405326395],[138.35298715171172,36.86040758886646],[138.3537313977052,36.86234729293015],[138.35654168782776,36.863452735533755],[138.35699456541866,36.863181094458476],[138.3566109556554,36.86579523650798],[138.3576659007814,36.8670058986437],[138.35783391818134,36.86786488745478],[138.3599783986593,36.8685699785355],[138.3606147077005,36.86832656104324],[138.36172143616855,36.867946680687744],[138.36186753208187,36.86866236621074],[138.35527726145668,36.87146974275101],[138.35548748025437,36.87252351424117],[138.35631337044802,36.87259864356732],[138.35652789363988,36.8728774166204],[138.3567275452331,36.872997554004776],[138.35691979317738,36.87301200430633],[138.35713990826383,36.873008255232556],[138.3572865248471,36.87307552355729],[138.35738494199754,36.87320975958754],[138.35741240053594,36.87341100618879],[138.35778969223438,36.87379332382654],[138.3664788304578,36.87380193889503],[138.3663666492334,36.8749915627936],[138.36607999304127,36.87626434931643],[138.36607200684622,36.876447462182135],[138.3668045592608,36.87821653190465],[138.36691774599703,36.879243135440056],[138.36690580044603,36.87950938377422],[138.3668677648243,36.879907117300576],[138.3669340681311,36.88090677115401],[138.3671883466357,36.88120866264309],[138.36724378075874,36.88128412419065],[138.36601474974492,36.88180577286031],[138.36630824585598,36.88251048388127],[138.36960050785024,36.88626885986894],[138.36944928764694,36.88637267871653],[138.3689616794388,36.88656856865364],[138.36792075895687,36.886997086649664],[138.3668721516709,36.88604371903751],[138.3664029579483,36.88575264265385],[138.36621055396563,36.88565815669801],[138.36571765199417,36.88550292746632],[138.364733975599,36.88532256708749],[138.36008008886245,36.885248477142355],[138.35925096263853,36.8857542584569],[138.3573494500772,36.88633295947085],[138.35412401357695,36.88707546160883],[138.35227627142658,36.88628292253539],[138.35125138337705,36.886262219674514],[138.34763776759183,36.887177664805805],[138.3421133262354,36.888879503107056],[138.33729535735515,36.88957854953571],[138.33544228327116,36.889885574019665],[138.33407870016904,36.89060693023241],[138.3307776738417,36.89248553076516],[138.32990914526283,36.89290010797597],[138.3293970822303,36.893193175764374],[138.32127118563284,36.894591259491264],[138.32127584613812,36.89457159040997],[138.3213153304358,36.89452021652643],[138.32133462363453,36.8944256234502],[138.32103817255407,36.89405390055586],[138.32086026263087,36.89384817141295],[138.3206004343959,36.89356412919557],[138.32048999591098,36.893425946795716],[138.32045187106274,36.89336907141556],[138.3202954138263,36.89310746935624],[138.32024393821814,36.89305061837886],[138.32003671536734,36.89288913222089],[138.3198275334055,36.89275400541959],[138.31937609980764,36.89246726857854],[138.31898708669212,36.89222055456739],[138.31883918070352,36.89214102828867],[138.31873606439876,36.89209851719872],[138.31869794527657,36.89208764697207],[138.31862503585623,36.8920812264643],[138.31853751051068,36.89208830282204],[138.31849485746184,36.89209635040342],[138.3184138277838,36.89220346434193],[138.31836076070516,36.89234576741666],[138.31834096320767,36.89237427710828],[138.31831913683828,36.89239346736621],[138.31824482442485,36.89243470870603],[138.31779631372834,36.892163731340354],[138.31707517742933,36.89187707405329],[138.31674186174854,36.8915995977453],[138.3163696954817,36.890693775748986],[138.31522048376993,36.890329494576825],[138.31472526892702,36.89018165675964],[138.31340268080726,36.89011250005396],[138.3121113470108,36.889991914691755],[138.31052542021393,36.88961394449201],[138.3078262613656,36.887384929141845],[138.3062732471732,36.887287650738536],[138.30524800640143,36.88842314444556],[138.30572809240698,36.88906354711875],[138.30339977901022,36.8890074880115],[138.30128542905456,36.888724548090885],[138.2997735956168,36.887916523584266],[138.29928485766922,36.886841758549146],[138.29811325915682,36.88374816272143],[138.29490112118032,36.8810064598499],[138.2938264485752,36.87943911846514],[138.29277250801294,36.87657467604247],[138.2932238172622,36.87320739953714],[138.29007486665049,36.871849579075594],[138.28829217247193,36.8696037116342]],[[138.31356234648874,36.87240104532544],[138.31609830717096,36.87515799032237],[138.31609830717096,36.87515799032236],[138.31356234648874,36.87240104532544]],[[138.352039892276,36.874342188665906],[138.3523555712864,36.87502654877617],[138.35246154792358,36.87525422331428],[138.352039892276,36.874342188665906]]]}},{"type":"Feature","properties":{"KEY_CODE":"20213005001","PREF":"20","CITY":"213","CITY_NAME":"飯山市","S_NAME":"大字富倉","SETAI":"41"},"geometry":{"type":"Polygon","coordinates":[[[138.2903122776174,36.897660674896024],[138.2904228614841,36.89682741985201],[138.29214378954254,36.89607259068046],[138.29451965837208,36.89342309796119],[138.29481618635356,36.89231777403905],[138.2945831091142,36.88992709428966],[138.29535055513225,36.88858672257281],[138.2965076041603,36.88756981388985],[138.29928485766922,36.886841758549146],[138.2997735956168,36.887916523584266],[138.30128542905456,36.888724548090885],[138.30339977901022,36.8890074880115],[138.3034769125877,36.88954733125568],[138.30339977901028,36.8890074880115],[138.30572809240695,36.88906354711875],[138.30524800640143,36.88842314444556],[138.3062732471732,36.887287650738536],[138.3078262613656,36.887384929141845],[138.31052542021393,36.88961394449201],[138.3121113470108,36.889991914691755],[138.31340268080731,36.89011250005394],[138.31472526892702,36.89018165675964],[138.31522048376993,36.890329494576825],[138.3163696954817,36.890693775748986],[138.31674186174854,36.8915995977453],[138.31707517742933,36.89187707405329],[138.31779631372834,36.892163731340354],[138.31824482442485,36.89243470870603],[138.31831913683828,36.89239346736621],[138.31834096320767,36.89237427710828],[138.31836076070516,36.89234576741666],[138.3184138277838,36.89220346434193],[138.31849485746184,36.89209635040342],[138.31853751051068,36.89208830282204],[138.31862503585623,36.8920812264643],[138.31869794527657,36.89208764697207],[138.31873606439876,36.89209851719872],[138.31883918070352,36.89214102828867],[138.31898708669212,36.89222055456739],[138.31937609980764,36.89246726857854],[138.3198275334055,36.89275400541959],[138.32003671536734,36.89288913222089],[138.32024393821814,36.89305061837886],[138.3202954138263,36.89310746935624],[138.32045187106274,36.89336907141556],[138.32048999591098,36.893425946795716],[138.3206004343959,36.89356412919557],[138.32086026263087,36.89384817141295],[138.32103817255407,36.89405390055586],[138.32133462363453,36.8944256234502],[138.3213153304358,36.89452021652643],[138.32127584613812,36.89457159040997],[138.32127118563284,36.894591259491264],[138.3293970822303,36.893193175764374],[138.32990914526283,36.892900107976004],[138.32887392962573,36.89444559941346],[138.3274249673758,36.896121805211926],[138.3229967815709,36.90162174017122],[138.3244849596838,36.902844254561046],[138.32462162948906,36.904165510178345],[138.32543124584322,36.905437390504325],[138.32641238811505,36.90524644068117],[138.3307353926489,36.90607445083799],[138.33183038006536,36.90596605793489],[138.33616121416898,36.9071762416718],[138.3381610118023,36.90929667665067],[138.3399177032561,36.910468915610544],[138.34209313398327,36.913226103368274],[138.34229445843852,36.91514051321755],[138.34258987900117,36.917057299434354],[138.3429472384326,36.919368021501725],[138.34323781552268,36.920891091576735],[138.34178713101593,36.92190116373736],[138.3393024967224,36.92233525267202],[138.33797814487093,36.92425450563252],[138.3369381683722,36.92517344010111],[138.33457944846873,36.92534656905108],[138.33219610444206,36.92638965977598],[138.32944004499234,36.92704082995632],[138.3268786460808,36.92606879524865],[138.324698126641,36.92566505852272],[138.3228809752211,36.92597156565349],[138.31995788538475,36.92484082206348],[138.3176729545023,36.925196866411454],[138.31631456581908,36.92443697958242],[138.31561384304112,36.92291788342296],[138.31448740816614,36.92176214371233],[138.31209050778764,36.921275417372755],[138.3106467434004,36.92049237434025],[138.30903225104836,36.9207371890047],[138.30771649363248,36.918933086143326],[138.30223703295178,36.915244676138244],[138.30054829224838,36.91445647327809],[138.2999640434774,36.91325575984888],[138.29842296948635,36.91271962022945],[138.29642393240997,36.91068991913369],[138.2950939619379,36.90796526377743],[138.29478153923372,36.90535921895781],[138.29497864336625,36.903053834973086],[138.29402631634997,36.90097323777941],[138.29300717795354,36.90044493017543],[138.2903122776174,36.897660674896024]],[[138.31767127235773,36.90107171405333],[138.31801232891388,36.901186002042756],[138.31807709166563,36.90103093181024],[138.31767127235773,36.90107171405333]]]}},{"type":"Feature","geometry":{"type":"Polygon","coordinates":[[[138.3664788304578,36.87380193889503],[138.35778969223438,36.87379332382654],[138.35741240053594,36.87341100618879],[138.35738494199754,36.87320975958754],[138.3572865248471,36.87307552355729],[138.35713990826383,36.873008255232556],[138.35691979317738,36.87301200430633],[138.3567275452331,36.872997554004776],[138.35652789363988,36.8728774166204],[138.35631337044802,36.87259864356732],[138.35548748025437,36.87252351424117],[138.35527726145668,36.87146974275101],[138.36186753208187,36.86866236621074],[138.36172143616855,36.867946680687744],[138.36537126455823,36.86610140840283],[138.36576939583932,36.86623154038953],[138.3660438772791,36.86639145513391],[138.36619939185334,36.8669045221033],[138.3670355121585,36.86986382947045],[138.3670868728737,36.870728301608075],[138.3664788304578,36.87380193889503]]]},"properties":{"KEY_CODE":"202130060","PREF":"20","CITY":"213","CITY_NAME":"飯山市","S_NAME":"大字小佐原","SETAI":"45"}},{"type":"Feature","properties":{"KEY_CODE":"20213007003","PREF":"20","CITY":"213","CITY_NAME":"飯山市","S_NAME":"大字常盤","SETAI":"554"},"geometry":{"type":"Polygon","coordinates":[[[138.37106959182398,36.88899562763679],[138.3745977794433,36.887846073169484],[138.3769144666135,36.886795415404364],[138.37637844173682,36.88456173370602],[138.37802435483252,36.884092795344934],[138.37714573935972,36.88223887252407],[138.37519978151127,36.87761064026868],[138.37498191139983,36.87702768176884],[138.37501348930434,36.87559359557882],[138.3799199970394,36.87490806982399],[138.38618420404214,36.87032371964292],[138.387581378795,36.87121453579881],[138.39169673183417,36.871937344995544],[138.394180778274,36.872518101212236],[138.39636629450723,36.87224243946326],[138.39825092361377,36.878658132589806],[138.39838247661203,36.87955560861319],[138.3992996466943,36.88032513687607],[138.40198076002486,36.88298577775897],[138.40290329478583,36.88375507063141],[138.40349421914777,36.884395245513936],[138.40402133850145,36.88519299906095],[138.4044936611677,36.88786316585052],[138.40438611749778,36.88933149204572],[138.40331958699113,36.89242803811818],[138.40257175529823,36.89458262333898],[138.39974937031764,36.89958393891699],[138.39910372608458,36.901174168234554],[138.39896119363564,36.902322408140655],[138.39877960446537,36.903710412871824],[138.39866078797309,36.90427051854827],[138.39857090140208,36.90469427774755],[138.39778537907108,36.90851775632495],[138.39538396642286,36.909194349431644],[138.39412930177966,36.90963255242112],[138.39327444895554,36.90807365856817],[138.39263594886387,36.90689345037001],[138.3918178273919,36.90539611044392],[138.3913739622953,36.90460590255935],[138.39061246196775,36.90319203384368],[138.39009442140457,36.90222455144821],[138.39319940132287,36.90114215634735],[138.39009442140457,36.902224551448164],[138.38387232312562,36.90449045499942],[138.3835040622684,36.903517731796974],[138.38333439893614,36.90294151222102],[138.38329573584394,36.9026801345894],[138.38331680364493,36.90252329533755],[138.3832327420022,36.90215211347389],[138.3831679284237,36.90196801218702],[138.3827203127714,36.90097332369307],[138.38272065382932,36.90074746771928],[138.38263649046417,36.900447322802286],[138.3825898741502,36.90028210812156],[138.38257430833724,36.90024238476803],[138.38248856926668,36.90012937178612],[138.38217872846602,36.89928329941155],[138.3820968904182,36.899171343903646],[138.37859974775662,36.89578361091694],[138.37831006360466,36.89458820655205],[138.3771532627919,36.895732266077154],[138.37588075267374,36.89777813439371],[138.37481895811518,36.8942587889979],[138.3735878093314,36.89290481636085],[138.37301526434987,36.89213236849687],[138.37276885610208,36.8916249175893],[138.3718197557163,36.89006670969256],[138.37123312767005,36.8892301774424],[138.37106959182398,36.88899562763679]],[[138.38386627257134,36.8907837123923],[138.38413707815477,36.891303136608016],[138.3845931034541,36.89210710103942],[138.38386627257134,36.8907837123923]],[[138.39375665787026,36.899173011699595],[138.39378484711827,36.899505484952805],[138.3950204761231,36.89886380477126],[138.39375665787026,36.899173011699595]]]}},{"type":"Feature","geometry":{"type":"Polygon","coordinates":[[[138.37519978151127,36.87761064026868],[138.37483312468294,36.877702342824456],[138.37327041826623,36.879181548558186],[138.37267002540437,36.8795057456547],[138.37195496526257,36.879873185224334],[138.37096959188497,36.88067887387756],[138.37001471372065,36.881362787340265],[138.36838867933247,36.88134340548849],[138.36774174901407,36.88126686518648],[138.3671883466357,36.88120866264309],[138.3669340681311,36.88090677115401],[138.3668677648243,36.879907117300576],[138.36690580044603,36.87950938377422],[138.36691774599703,36.879243135440056],[138.3668045592608,36.87821653190465],[138.36607200684622,36.876447462182135],[138.36607999304127,36.87626434931643],[138.3663666492334,36.8749915627936],[138.37041620157208,36.87506853897324],[138.37065045938908,36.8749805776277],[138.37106768487246,36.87484585361464],[138.37202325766512,36.87434433951051],[138.37246143813337,36.87481503713162],[138.37305504340486,36.87604949440592],[138.3744070247399,36.877274614662994],[138.37498191139983,36.87702768176884],[138.37519978151127,36.87761064026868]]]},"properties":{"KEY_CODE":"202130080","PREF":"20","CITY":"213","CITY_NAME":"飯山市","S_NAME":"大字大池","SETAI":"12"}},{"type":"Feature","properties":{"KEY_CODE":"20213009005","PREF":"20","CITY":"213","CITY_NAME":"飯山市","S_NAME":"大字照里","SETAI":"226"},"geometry":{"type":"Polygon","coordinates":[[[138.3734430394667,36.905351720299755],[138.37578344343282,36.90327749268689],[138.3761213650793,36.90296243767506],[138.3771045114402,36.902121720143676],[138.3763204939788,36.89949771955378],[138.37588075267374,36.89777813439371],[138.3771532627919,36.895732266077154],[138.37831006360466,36.89458820655205],[138.37859974775662,36.89578361091694],[138.3820968904182,36.899171343903646],[138.38217872846602,36.89928329941155],[138.38248856926668,36.90012937178612],[138.38257430833724,36.90024238476803],[138.3825898741502,36.90028210812156],[138.38263649046417,36.900447322802286],[138.38272065382932,36.90074746771928],[138.3827203127714,36.90097332369307],[138.3831679284237,36.90196801218702],[138.3832327420022,36.90215211347389],[138.38331680364493,36.90252329533755],[138.38329573584394,36.9026801345894],[138.38333439893614,36.90294151222102],[138.3835040622684,36.903517731796974],[138.38387232312562,36.90449045499942],[138.39009442140457,36.902224551448164],[138.39061246196775,36.90319203384368],[138.3913739622953,36.90460590255935],[138.3918178273919,36.90539611044392],[138.39263594886387,36.90689345037001],[138.39327444895554,36.90807365856817],[138.39412930177966,36.9096325524211],[138.39538396642286,36.909194349431644],[138.39778537907108,36.90851775632495],[138.3976045724603,36.90971088536379],[138.39749811836393,36.91493488782845],[138.39803550157,36.9164613049742],[138.3940949205551,36.9175860804399],[138.39409975765602,36.918097011536545],[138.39241152398154,36.918686258278754],[138.39151555107088,36.91649767626519],[138.38943530428708,36.91461445734776],[138.387680408632,36.915416828995596],[138.38669452199449,36.91516686575465],[138.38601775368096,36.91468246153306],[138.3847200883924,36.91371981782001],[138.384259066693,36.91332566086184],[138.38122991229386,36.91106163631295],[138.38310077264262,36.90943512759025],[138.38122991229386,36.911061636312944],[138.38036341144843,36.91042985792354],[138.37948708883894,36.909802079343464],[138.3734430394667,36.905351720299755]]]}},{"type":"Feature","geometry":{"type":"Polygon","coordinates":[[[138.37519978151127,36.87761064026868],[138.37714573935972,36.88223887252407],[138.37802435483252,36.884092795344934],[138.37637844173682,36.88456173370602],[138.3769144666135,36.886795415404364],[138.3745977794433,36.887846073169484],[138.37106959182398,36.88899562763679],[138.37022375627788,36.88744534419607],[138.36996407315297,36.88686564134804],[138.36960050785024,36.88626885986894],[138.36630824585598,36.88251048388127],[138.36601474974492,36.88180577286031],[138.36724378075874,36.88128412419065],[138.36774174901407,36.88126686518648],[138.36838867933247,36.88134340548849],[138.37001471372065,36.881362787340265],[138.37096959188497,36.88067887387756],[138.37195496526257,36.879873185224334],[138.37267002540437,36.8795057456547],[138.37327041826623,36.879181548558186],[138.37483312468294,36.877702342824456],[138.37519978151127,36.87761064026868]]]},"properties":{"KEY_CODE":"202130100","PREF":"20","CITY":"213","CITY_NAME":"飯山市","S_NAME":"大字小沼","SETAI":"54"}},{"type":"Feature","geometry":{"type":"Polygon","coordinates":[[[138.34776426479843,36.91297879305052],[138.3482092120485,36.913972971823036],[138.3456185961319,36.91447818929225],[138.3432616237592,36.91444781941745],[138.34229445843852,36.91514051321755],[138.34209313398327,36.913226103368274],[138.3399177032561,36.910468915610544],[138.3381610118023,36.90929667665067],[138.33616121416898,36.9071762416718],[138.33183038006536,36.90596605793489],[138.3307353926489,36.90607445083799],[138.32641238811505,36.90524644068117],[138.32543124584322,36.905437390504325],[138.32462162948906,36.904165510178345],[138.3244849596838,36.902844254561046],[138.3229967815709,36.90162174017122],[138.3274249673758,36.896121805211926],[138.32887392962573,36.89444559941346],[138.32990914526283,36.892900107976004],[138.3307776738417,36.89248553076516],[138.33407870016904,36.89060693023241],[138.33544228327116,36.889885574019665],[138.33729535735515,36.88957854953571],[138.3421133262354,36.888879503107056],[138.34763776759183,36.887177664805805],[138.35125138337705,36.886262219674514],[138.35227627142658,36.88628292253539],[138.35412401357695,36.88707546160883],[138.3573494500772,36.88633295947085],[138.35925096263853,36.8857542584569],[138.3623250834658,36.8914095630376],[138.3641352724868,36.89401486210945],[138.36432664392365,36.894756492181514],[138.3611514776165,36.89551216914412],[138.35902487734086,36.89645407240469],[138.35811819735744,36.89520970685613],[138.35627686280307,36.895320884703565],[138.3559202824457,36.894735926393096],[138.34642074290431,36.89793517417575],[138.3515152895485,36.903181952787946],[138.3459048153647,36.90460329590566],[138.34560483261745,36.90511155773354],[138.34549669607267,36.90547497199926],[138.3456904748414,36.90640851737244],[138.34591318788424,36.90726050596446],[138.34693326238258,36.91130333251141],[138.34776426479843,36.91297879305052]]]},"properties":{"KEY_CODE":"202130120","PREF":"20","CITY":"213","CITY_NAME":"飯山市","S_NAME":"大字緑","SETAI":"90"}},{"type":"Feature","properties":{"KEY_CODE":"20213013001","PREF":"20","CITY":"213","CITY_NAME":"飯山市","S_NAME":"大字中曽根","SETAI":"70"},"geometry":{"type":"Polygon","coordinates":[[[138.34642074290431,36.89793517417575],[138.3559202824457,36.894735926393096],[138.35627686280307,36.895320884703565],[138.35811819735744,36.89520970685613],[138.35902487734086,36.89645407240469],[138.3611514776165,36.89551216914412],[138.36432664392365,36.894756492181514],[138.3641352724868,36.89401486210945],[138.3623250834658,36.8914095630376],[138.35925096263853,36.8857542584569],[138.36008008886245,36.885248477142355],[138.364733975599,36.88532256708749],[138.36571765199417,36.88550292746632],[138.36621055396563,36.88565815669801],[138.3664029579483,36.88575264265385],[138.3668721516709,36.88604371903751],[138.36792075895687,36.886997086649664],[138.3689616794388,36.88656856865364],[138.36944928764694,36.88637267871653],[138.36960050785024,36.88626885986894],[138.36996407315297,36.88686564134804],[138.37022375627788,36.88744534419607],[138.37106959182398,36.88899562763679],[138.37123312767005,36.8892301774424],[138.3718197557163,36.89006670969256],[138.37276885610208,36.8916249175893],[138.37256533565835,36.891579216227015],[138.37162017887636,36.8913144623534],[138.37160194730203,36.89093419581343],[138.3709399440798,36.890972226743415],[138.37076322261828,36.89103774512738],[138.37077218015935,36.89108724117872],[138.3708071401774,36.89116179445697],[138.3708406750516,36.8911997299205],[138.37090115806328,36.891240485011586],[138.3709401309284,36.89125935811266],[138.37098115553516,36.89127980375735],[138.37103966758272,36.89133893627638],[138.37104348438663,36.891358037846906],[138.37103554460737,36.891506720752695],[138.37103150184456,36.89157688798452],[138.3710123719739,36.891739240016136],[138.3709568021618,36.89192052379532],[138.37087546207866,36.89205860137814],[138.37078980589368,36.892203048406735],[138.3707842234149,36.89232729455392],[138.37079132874862,36.89234544817461],[138.37086895593816,36.89250816859319],[138.37050632320944,36.89393140362069],[138.37030924238354,36.894135426466846],[138.3702175374239,36.89445523751299],[138.37021016843724,36.89455738486761],[138.3679415384698,36.89536612967658],[138.36581017918954,36.89723483435531],[138.3653987076596,36.89791847264413],[138.3644339685641,36.898036839442206],[138.36151793868726,36.89970361127059],[138.3599749068072,36.901088504833375],[138.3515152895485,36.903181952787946],[138.34642074290431,36.89793517417575]]]}},{"type":"Feature","properties":{"KEY_CODE":"20213014004","PREF":"20","CITY":"213","CITY_NAME":"飯山市","S_NAME":"大字寿","SETAI":"109"},"geometry":{"type":"Polygon","coordinates":[[[138.34229445843852,36.91514051321755],[138.3432616237592,36.91444781941745],[138.3456185961319,36.91447818929225],[138.3482092120485,36.913972971823036],[138.34776426479843,36.91297879305052],[138.34693326238258,36.91130333251141],[138.34591318788424,36.90726050596446],[138.3456904748414,36.90640851737244],[138.34549669607267,36.90547497199926],[138.34560483261745,36.90511155773354],[138.3459048153647,36.90460329590566],[138.3515152895485,36.903181952787946],[138.3599749068072,36.901088504833375],[138.36151793868726,36.89970361127059],[138.3644339685641,36.898036839442206],[138.3653987076596,36.89791847264413],[138.36581017918954,36.89723483435531],[138.3679415384698,36.89536612967658],[138.37021016843724,36.89455738486761],[138.3702175374239,36.89445523751299],[138.37030924238354,36.894135426466846],[138.37050632320944,36.89393140362069],[138.37086895593816,36.89250816859319],[138.37079132874862,36.89234544817461],[138.3707842234149,36.89232729455392],[138.37078980589368,36.892203048406735],[138.37087546207866,36.89205860137814],[138.3709568021618,36.89192052379532],[138.3710123719739,36.891739240016136],[138.37103150184456,36.89157688798452],[138.37103554460737,36.891506720752695],[138.37104348438663,36.891358037846906],[138.37103966758272,36.89133893627638],[138.37098115553516,36.89127980375735],[138.3709401309284,36.89125935811266],[138.37090115806328,36.891240485011586],[138.3708406750516,36.8911997299205],[138.3708071401774,36.89116179445697],[138.37077218015935,36.89108724117872],[138.37076322261828,36.89103774512738],[138.3709399440798,36.890972226743415],[138.37160194730203,36.89093419581343],[138.37162017887636,36.8913144623534],[138.37256533565835,36.891579216227015],[138.37301526434987,36.89213236849687],[138.3735878093314,36.89290481636085],[138.37481895811518,36.8942587889979],[138.37588075267374,36.89777813439371],[138.3763204939788,36.89949771955378],[138.37710451144022,36.902121720143676],[138.3761213650793,36.90296243767506],[138.37578344343282,36.90327749268689],[138.3734430394667,36.905351720299755],[138.3725663165191,36.90469031009973],[138.36817656425993,36.90849703438915],[138.3668247842597,36.906877335770155],[138.36647953133618,36.90773839572979],[138.36539445077895,36.907546278404524],[138.36382304059657,36.90907304892541],[138.3596053883111,36.911126327352385],[138.3539788911415,36.915719959394394],[138.3538236846431,36.916947366399455],[138.3544923303217,36.91796099992318],[138.35421889208658,36.91923282516913],[138.35460146392893,36.92087110642972],[138.35436679124797,36.921855743064874],[138.35226205215037,36.92316718827731],[138.34797344882776,36.925276544743205],[138.3465946545166,36.9257728248837],[138.34553843796945,36.923385913088026],[138.34323781552268,36.920891091576735],[138.3429472384326,36.919368021501725],[138.34258987900117,36.917057299434354],[138.34229445843852,36.91514051321755]]]}},{"type":"Feature","properties":{"KEY_CODE":"20213015001","PREF":"20","CITY":"213","CITY_NAME":"飯山市","S_NAME":"大字瑞穂","SETAI":"440"},"geometry":{"type":"Polygon","coordinates":[[[138.39866078797306,36.90427051854827],[138.39877960446537,36.903710412871824],[138.39896119363564,36.902322408140655],[138.39910372608458,36.901174168234554],[138.39974937031764,36.89958393891699],[138.40257175529823,36.89458262333898],[138.40331958699113,36.89242803811818],[138.40438611749778,36.88933149204572],[138.4044936611677,36.88786316585052],[138.40402133850145,36.88519299906095],[138.40349421914777,36.884395245513936],[138.40290329478583,36.88375507063141],[138.40198076002486,36.88298577775897],[138.3992996466943,36.88032513687607],[138.40066667636773,36.88109722200084],[138.40225055856507,36.88110658105728],[138.40223784801148,36.879318040662405],[138.40601156519435,36.87938702851454],[138.40695089128369,36.87529908500002],[138.408383948534,36.87534555634141],[138.41053421691174,36.87516761611792],[138.4118082767514,36.87332329649723],[138.41427421014006,36.87299464886943],[138.4167188075952,36.87248605130402],[138.41758392030775,36.87265858805902],[138.4208872238826,36.87239177898888],[138.4221344162494,36.8719739917439],[138.4242507574263,36.8723603463975],[138.42649219846606,36.873303639825764],[138.42810595318198,36.8744263841954],[138.43024053589198,36.873841209362254],[138.4325063395374,36.874396330056335],[138.43607970518747,36.87475997971978],[138.43923999066098,36.8764189380955],[138.43980235556077,36.87610247696655],[138.44403222604882,36.87620873580583],[138.4455412307255,36.87523469270625],[138.44621778781917,36.875267736962186],[138.44917285000082,36.87605368470057],[138.45132916105524,36.87706410554183],[138.45418710846417,36.87883483305652],[138.45597766425013,36.87913796132038],[138.4571188392025,36.88082018274072],[138.45798599919488,36.88128431133053],[138.4589238143474,36.88286020240786],[138.46016546398064,36.8822966097321],[138.46165849150353,36.88262199400183],[138.46202977414393,36.882850921278276],[138.46041877461056,36.884417818944094],[138.4600467876137,36.885566125006406],[138.4566114855538,36.88747759753837],[138.45605641819083,36.88833160475969],[138.45380968657412,36.88901528766434],[138.4520511573275,36.89004656363026],[138.44615880412954,36.89434141890855],[138.4419826263626,36.89595576425986],[138.4407696190615,36.898464575666985],[138.4400341386605,36.90189316486725],[138.43820941045368,36.905496975892945],[138.4370913176074,36.90675717912407],[138.43257144238194,36.908043923996786],[138.42895471165366,36.9085406863292],[138.42761423033886,36.90926242862131],[138.42763487074643,36.91008342328256],[138.42530639016513,36.91143788252031],[138.42531904104374,36.91044639103756],[138.4230290330225,36.911222743369215],[138.4229022514965,36.91153074841591],[138.42368363450996,36.912328514845534],[138.4243047234858,36.912189232894],[138.424690965165,36.91225101392155],[138.42515692430908,36.912415351196394],[138.42531326812224,36.912512890276126],[138.42564185172967,36.912774579111634],[138.42654011045292,36.91323790921551],[138.42810300657206,36.9140416193013],[138.4283699170003,36.9144811036444],[138.42767814468476,36.91507418896391],[138.42744794574114,36.91541762006818],[138.42741096806142,36.91568809015317],[138.4273949037059,36.915800867200105],[138.42733402634417,36.91603408039973],[138.42747086011022,36.91650080273818],[138.4274850910402,36.91665077232718],[138.42746265096127,36.916743058393166],[138.4274302013963,36.9172891640058],[138.4274301259899,36.917368649141224],[138.4275688668975,36.91753143936592],[138.42759106369664,36.91769042497427],[138.4276576747289,36.91814682539689],[138.42768782410997,36.918345594168635],[138.42786947264779,36.918696880977514],[138.4277604346349,36.91921470765566],[138.42752221596677,36.91959009685163],[138.42727932606593,36.91983354548656],[138.4271756304893,36.91994436937557],[138.42705205982418,36.92006503588794],[138.4269475997128,36.92015508882558],[138.42680043174195,36.92030369160557],[138.4267150208975,36.920421707206344],[138.42659815476136,36.92057307379],[138.42644993083485,36.92064958166716],[138.42634196905408,36.920875653083336],[138.4261330096972,36.92109272079221],[138.42608800526762,36.92120808481932],[138.42606326999515,36.921251298733566],[138.4259913578274,36.92133778076099],[138.4259138562935,36.921400814639846],[138.42586222626784,36.921401696547406],[138.42575121201557,36.92130066844589],[138.4255692486233,36.92144657189917],[138.4256611975026,36.92153583291056],[138.4257261814743,36.92165027950314],[138.42577549530122,36.92172155950418],[138.42587187670358,36.92186939943418],[138.42588627456817,36.922067666909705],[138.42576381200746,36.92219917500724],[138.42569974361237,36.9223000248981],[138.42591720343205,36.92258853655671],[138.42587880678502,36.92283541991788],[138.42590090338973,36.923200409462304],[138.42553915359187,36.92355614807109],[138.42526518374103,36.92367045517181],[138.42522364132014,36.92368303095277],[138.42512259223605,36.92371901456565],[138.42474427191385,36.92380262747789],[138.42459607327646,36.923845763272226],[138.42416841048757,36.9238806234066],[138.4239821241702,36.92384987944594],[138.4234896433131,36.92360357012109],[138.42517459877575,36.92101375925958],[138.42456471994078,36.92032214313859],[138.42295255199002,36.92081759643038],[138.4222556706849,36.91804384418434],[138.42107285250705,36.9159647297431],[138.42033474510734,36.91501053967533],[138.41987880901908,36.914095539906924],[138.41923193896167,36.91322483255014],[138.41910398985905,36.91311202793449],[138.41829382058745,36.91243819627921],[138.41716651027926,36.91193634474282],[138.4168018350651,36.911483247934605],[138.41651112725376,36.91102654355064],[138.41624781629028,36.91088519634074],[138.41240836649484,36.909338456681134],[138.41218818096087,36.90942883269245],[138.4120914569041,36.909520709249406],[138.41208956992742,36.909609839490564],[138.4121610668995,36.90967741014119],[138.41218967702312,36.909694609429316],[138.41217162951486,36.909822519256956],[138.4120408683664,36.909951684709334],[138.41187867438322,36.91018227899101],[138.41180332558235,36.91035027700558],[138.41172275025764,36.91040196399328],[138.41164066105424,36.91021512057403],[138.41161205424544,36.910194963084955],[138.41155481002343,36.9101748568013],[138.41166369959805,36.909872270143865],[138.41172868366206,36.909634774486264],[138.41170119235113,36.90941945864703],[138.41158134761375,36.90912986730123],[138.41157684596004,36.909022285288685],[138.41168348646545,36.90874025656817],[138.41169512696084,36.908656765924306],[138.4115520190387,36.90850444524432],[138.41097928909255,36.908147699121194],[138.41045081471967,36.90749212004123],[138.4103032642954,36.907187651462344],[138.4100772107025,36.90682736177366],[138.40988557455938,36.90666585001788],[138.40964547314277,36.906457762078695],[138.409377843507,36.906078993790146],[138.40932245079154,36.906015869063815],[138.41002817425837,36.903203759111875],[138.41002817425834,36.903203759111854],[138.40957270186476,36.90283583272946],[138.40774797810153,36.903141447879605],[138.40492683294605,36.90482412083282],[138.4046150911359,36.90470558958821],[138.40424651437988,36.90435326998752],[138.40408038064965,36.90420704525689],[138.40302859292117,36.90366146443528],[138.4027436415519,36.90362997161653],[138.40149447943293,36.90437254453131],[138.40081995578817,36.904154288842754],[138.40059823768877,36.90412762885761],[138.39970863180844,36.9041192010192],[138.39866078797306,36.90427051854827]]]}},{"type":"Feature","properties":{"KEY_CODE":"20213016010","PREF":"20","CITY":"213","CITY_NAME":"飯山市","S_NAME":"大字瑞穂豊","SETAI":"145"},"geometry":{"type":"Polygon","coordinates":[[[138.39749811836393,36.91493488782845],[138.3976045724603,36.90971088536379],[138.39778537907108,36.90851775632495],[138.39857090140208,36.90469427774755],[138.39866078797306,36.90427051854827],[138.39970863180844,36.9041192010192],[138.40059823768877,36.90412762885761],[138.40081995578817,36.904154288842754],[138.40149447943293,36.90437254453131],[138.4027436415519,36.90362997161653],[138.40302859292117,36.90366146443528],[138.40408038064965,36.90420704525689],[138.40424651437988,36.90435326998752],[138.4046150911359,36.90470558958821],[138.40492683294605,36.90482412083282],[138.40774797810153,36.903141447879605],[138.40957270186476,36.90283583272946],[138.41002817425834,36.903203759111854],[138.40932245079154,36.906015869063815],[138.409377843507,36.906078993790146],[138.40964547314277,36.906457762078695],[138.40988557455938,36.90666585001788],[138.4100772107025,36.90682736177366],[138.4103032642954,36.907187651462344],[138.41045081471967,36.90749212004123],[138.41097928909255,36.908147699121194],[138.4115520190387,36.90850444524432],[138.41169512696084,36.908656765924306],[138.41168348646545,36.90874025656817],[138.41157684596004,36.909022285288685],[138.41158134761375,36.90912986730123],[138.41170119235113,36.90941945864703],[138.41172868366206,36.909634774486264],[138.41166369959805,36.909872270143865],[138.41155481002343,36.9101748568013],[138.41161205424544,36.910194963084955],[138.41164066105424,36.91021512057403],[138.41172275025764,36.91040196399328],[138.41180332558235,36.91035027700558],[138.41187867438322,36.91018227899101],[138.4120408683664,36.909951684709334],[138.41217162951486,36.909822519256956],[138.41218967702312,36.909694609429316],[138.4121610668995,36.90967741014119],[138.41208956992742,36.909609839490564],[138.4120914569041,36.909520709249406],[138.41218818096087,36.90942883269245],[138.41240836649484,36.909338456681134],[138.41624781629028,36.91088519634074],[138.41651112725376,36.91102654355064],[138.4168018350651,36.911483247934605],[138.41716651027926,36.91193634474282],[138.41829382058745,36.91243819627921],[138.41910398985905,36.91311202793449],[138.41923193896167,36.91322483255014],[138.41987880901908,36.914095539906924],[138.42033474510734,36.91501053967533],[138.4203852844451,36.91601953785822],[138.42048347923068,36.91687853460622],[138.42039821009473,36.91721296866036],[138.42030085095175,36.91749543565346],[138.42014675965018,36.9178947344197],[138.4200516263599,36.917983944690185],[138.419877538353,36.91816568052718],[138.41974785079486,36.91842545568901],[138.41956971747902,36.91860718892846],[138.41944821544334,36.91876614932813],[138.41940763758663,36.918899328339585],[138.4192900409808,36.91920121244366],[138.41931107709078,36.92034593408626],[138.41910480886105,36.92035874744853],[138.41895310758906,36.92039279224019],[138.41903946165223,36.92288356227758],[138.41793959885374,36.924556827681975],[138.41782452449593,36.92626814932031],[138.4185049720956,36.92661338646297],[138.41814157861512,36.93046565942266],[138.41878543966533,36.93167905234407],[138.42185312953654,36.934058144323345],[138.42201123291855,36.93568357063851],[138.42137182985456,36.93593971201307],[138.4191485775602,36.934428228278264],[138.41852587138348,36.93420053470082],[138.41782312508565,36.93399277825065],[138.41753102071985,36.933921748054324],[138.41699768229498,36.933798239325064],[138.41411878133474,36.93297090889816],[138.41100474579733,36.931982808860454],[138.40902600123843,36.93146630292074],[138.40828094162603,36.93114757007871],[138.40642709993242,36.92959642954522],[138.40532041126764,36.928274250074566],[138.405073712205,36.92790555098917],[138.40472029080834,36.92660593613058],[138.4046871383668,36.92644369532929],[138.40430786104682,36.925451306167666],[138.40373844607856,36.92434991534496],[138.40353698036077,36.923900985715036],[138.40305066694265,36.92225478846738],[138.40248523626784,36.921150294135074],[138.40209737269942,36.920759433562864],[138.39869871889064,36.91743831759528],[138.39803550157,36.9164613049742],[138.39749811836393,36.91493488782845]]]}},{"type":"Feature","geometry":{"type":"Polygon","coordinates":[[[138.3908576078443,36.83865903387258],[138.39245224734591,36.83894535355935],[138.39604115781052,36.840179305686036],[138.39785033632614,36.84054980018373],[138.39824812129788,36.84239079065625],[138.39505494985923,36.84429715498902],[138.39315803459826,36.84397976042879],[138.39297189794962,36.84459316575586],[138.39159314702417,36.844728916232995],[138.39081026875024,36.84541019809869],[138.3887787553958,36.84850283734115],[138.38761951019424,36.84799842401644],[138.3870774553556,36.84867695158861],[138.38536385042198,36.8481526230933],[138.386508649864,36.84669812772324],[138.38597373914234,36.846446552534594],[138.3889813407738,36.842449473637565],[138.38954114715892,36.84208129139285],[138.3908576078443,36.83865903387258]]]},"properties":{"KEY_CODE":"202130170","PREF":"20","CITY":"213","CITY_NAME":"飯山市","S_NAME":"大字山岸","SETAI":"19"}},{"type":"Feature","geometry":{"type":"Polygon","coordinates":[[[138.38428792031826,36.8276206365308],[138.38526729145428,36.82974374585332],[138.3869507791858,36.83049146654865],[138.3890908689253,36.8322223764911],[138.38979656225945,36.83345485005057],[138.38977931750074,36.834890254599],[138.38836777341757,36.83530016214765],[138.3880415636959,36.83590554967417],[138.39009583753565,36.83674734135652],[138.3898668438999,36.83747398231407],[138.3908576078443,36.83865903387258],[138.38954114715892,36.84208129139285],[138.3889813407738,36.842449473637565],[138.38597373914234,36.846446552534594],[138.38200730168296,36.844522184373446],[138.3814324543353,36.84088248351788],[138.3799273847935,36.83645331357737],[138.37642163880264,36.83281178093867],[138.3766518355443,36.82908663163568],[138.3762821125988,36.82732057699231],[138.37944499521865,36.82605777532352],[138.3830356003056,36.82599704155324],[138.38428792031826,36.8276206365308]]]},"properties":{"KEY_CODE":"202130180","PREF":"20","CITY":"213","CITY_NAME":"飯山市","S_NAME":"大字其綿","SETAI":"40"}},{"type":"Feature","geometry":{"type":"Polygon","coordinates":[[[138.38200730168296,36.844522184373446],[138.38012658117776,36.84691487268366],[138.37605293711013,36.84496865979425],[138.3720451244468,36.84298372442014],[138.37506315036862,36.838941595063005],[138.37349531793967,36.83576541476185],[138.37291995726125,36.83361459097619],[138.37445885144572,36.83399013549432],[138.37642163880264,36.83281178093867],[138.3799273847935,36.83645331357737],[138.3814324543353,36.84088248351788],[138.38200730168296,36.844522184373446]]]},"properties":{"KEY_CODE":"202130190","PREF":"20","CITY":"213","CITY_NAME":"飯山市","S_NAME":"大字吉","SETAI":"22"}},{"type":"Feature","properties":{"KEY_CODE":"20213020004","PREF":"20","CITY":"213","CITY_NAME":"飯山市","S_NAME":"大字木島","SETAI":"309"},"geometry":{"type":"Polygon","coordinates":[[[138.36279928269013,36.84200712666113],[138.36399733271458,36.8416051569749],[138.3639274214178,36.83856094434654],[138.36509869207632,36.838285589250084],[138.36597399658888,36.8381241569874],[138.36809745764415,36.83816145257774],[138.37020661007463,36.8344633391675],[138.37291995726125,36.83361459097619],[138.37349531793967,36.83576541476185],[138.37506315036862,36.838941595063005],[138.3720451244468,36.84298372442014],[138.37605293711013,36.84496865979425],[138.38012658117776,36.84691487268366],[138.37778178311677,36.85002558956377],[138.37973119187194,36.851326607328645],[138.37825498994638,36.85263066396769],[138.37700201590712,36.85262176324065],[138.37733047919082,36.85493283630726],[138.37756203933984,36.85635009746512],[138.37750818959236,36.857249033021375],[138.37801804681536,36.85817663961889],[138.37765339531572,36.860888790380805],[138.38124738639763,36.86193681336854],[138.382323974476,36.86258954260795],[138.38394032729263,36.864482602841406],[138.38563047640312,36.868472058731534],[138.38618420404214,36.87032371964292],[138.3799199970394,36.87490806982399],[138.37663171514066,36.87242431063507],[138.3748475295029,36.87074585564536],[138.37203005474407,36.866887188019824],[138.36928770125405,36.86046090985879],[138.36851529372123,36.86031411160314],[138.3691817639492,36.86005815025559],[138.36836653880127,36.85717505004201],[138.36767406424633,36.85454806784923],[138.36751073294636,36.853939173001585],[138.36553973326033,36.84939204423513],[138.36459185318935,36.846030660745605],[138.36446675814216,36.84559387164644],[138.36430415566136,36.845086216973264],[138.36279928269013,36.84200712666113]]]}},{"type":"Feature","geometry":{"type":"Polygon","coordinates":[[[138.38100948939103,36.85815334904342],[138.3805592271061,36.85823372033667],[138.37801804681536,36.85817663961889],[138.37750818959236,36.857249033021375],[138.37756203933984,36.85635009746512],[138.37733047919082,36.85493283630726],[138.37700201590712,36.85262176324065],[138.37825498994638,36.85263066396769],[138.37973119187194,36.851326607328645],[138.37778178311677,36.85002558956377],[138.38012658117776,36.84691487268366],[138.38200730168296,36.844522184373446],[138.38597373914234,36.846446552534594],[138.386508649864,36.84669812772324],[138.38536385042198,36.8481526230933],[138.38418646987103,36.848882618790704],[138.3851715268488,36.849383941859465],[138.38415029837878,36.85077982777544],[138.38516499573493,36.85129307495232],[138.38482004924063,36.85226417220088],[138.3853532074009,36.854095472963465],[138.38615464045617,36.85434519641011],[138.38522715956316,36.85590156095075],[138.3838955320188,36.857004406037056],[138.38372172010654,36.85634398791378],[138.38242645672523,36.857480506390715],[138.3820159059101,36.85731859047761],[138.38100948939103,36.85815334904342]]]},"properties":{"KEY_CODE":"202130210","PREF":"20","CITY":"213","CITY_NAME":"飯山市","S_NAME":"大字野坂田","SETAI":"234"}},{"type":"Feature","geometry":{"type":"Polygon","coordinates":[[[138.39169673183417,36.871937344995544],[138.387581378795,36.87121453579881],[138.38618420404214,36.87032371964292],[138.38563047640312,36.868472058731534],[138.38394032729263,36.864482602841406],[138.382323974476,36.86258954260795],[138.38124738639763,36.86193681336854],[138.37765339531572,36.860888790380805],[138.37801804681536,36.85817663961889],[138.3805592271061,36.85823372033667],[138.38100948939103,36.85815334904342],[138.3820159059101,36.85731859047761],[138.38242645672523,36.857480506390715],[138.38372172010654,36.85634398791378],[138.3838955320188,36.857004406037056],[138.38522715956316,36.85590156095075],[138.38542111057134,36.85696646852485],[138.3872639970116,36.85891835755562],[138.38952043967493,36.8603177941806],[138.38872701612428,36.86172547931574],[138.38570591701998,36.864401104539255],[138.38633115076763,36.866591970379865],[138.38836871340794,36.866363762707515],[138.38912064158976,36.868798329080036],[138.39056109340208,36.86851207397227],[138.39169673183417,36.871937344995544]]]},"properties":{"KEY_CODE":"202130220","PREF":"20","CITY":"213","CITY_NAME":"飯山市","S_NAME":"大字坂井","SETAI":"73"}},{"type":"Feature","geometry":{"type":"Polygon","coordinates":[[[138.39628200865388,36.86110104503636],[138.39517942747491,36.861014389676924],[138.39426336321563,36.860986537652884],[138.39395060746077,36.860642546318594],[138.39315910724042,36.86065535019755],[138.3908904443142,36.86087385058563],[138.39065259632673,36.86003723278194],[138.38952043967493,36.8603177941806],[138.3872639970116,36.85891835755562],[138.38542111057134,36.85696646852485],[138.38522715956316,36.85590156095075],[138.38615464045617,36.85434519641011],[138.3894597472246,36.855071595125516],[138.38968157038403,36.854404585604115],[138.39181368225948,36.85543149872544],[138.39122300563386,36.85406448717382],[138.39155223065137,36.852869894789464],[138.39306832636453,36.85040446615186],[138.3937829015824,36.84998219532039],[138.39383435196186,36.85003546640354],[138.39363690497265,36.850433141248224],[138.3938942420603,36.85064627421595],[138.3940772392517,36.851403632033986],[138.39380369403244,36.85227294484606],[138.39630369619476,36.85432786341926],[138.39708414495385,36.85421019705195],[138.39734859798395,36.85462454288397],[138.39755219932127,36.85654723865739],[138.39823991931965,36.856982647105625],[138.39815768365168,36.85794675742669],[138.39806643582546,36.858330097641286],[138.39759011524012,36.85980753256968],[138.39628200865388,36.86110104503636]]]},"properties":{"KEY_CODE":"202130230","PREF":"20","CITY":"213","CITY_NAME":"飯山市","S_NAME":"大字下木島","SETAI":"143"}},{"type":"Feature","geometry":{"type":"Polygon","coordinates":[[[138.39916829332176,36.86009212622083],[138.39955275979355,36.86170611195016],[138.39861409582184,36.86176803686113],[138.3999922659173,36.86436141600705],[138.40232746018447,36.86650428773688],[138.40144201229742,36.868984792087616],[138.4020419650106,36.87015399572818],[138.39713178223963,36.87210117661508],[138.39636629450723,36.87224243946326],[138.394180778274,36.872518101212236],[138.39169673183417,36.871937344995544],[138.39056109340208,36.86851207397227],[138.38912064158976,36.868798329080036],[138.38836871340794,36.866363762707515],[138.38633115076763,36.866591970379865],[138.38570591701998,36.864401104539255],[138.38872701612428,36.86172547931574],[138.38952043967493,36.8603177941806],[138.39065259632673,36.86003723278194],[138.3908904443142,36.86087385058563],[138.39315910724042,36.86065535019755],[138.39395060746077,36.860642546318594],[138.39426336321563,36.860986537652884],[138.39517942747491,36.861014389676924],[138.39628200865388,36.86110104503636],[138.39759011524012,36.85980753256968],[138.39916829332176,36.86009212622083]]]},"properties":{"KEY_CODE":"202130240","PREF":"20","CITY":"213","CITY_NAME":"飯山市","S_NAME":"大字天神堂","SETAI":"108"}},{"type":"Feature","properties":{"KEY_CODE":"20213025007","PREF":"20","CITY":"213","CITY_NAME":"飯山市","S_NAME":"大字常郷","SETAI":"329"},"geometry":{"type":"Polygon","coordinates":[[[138.36363181016813,36.95255067551808],[138.36443310833917,36.951858945640524],[138.3644069179915,36.94933458913276],[138.36886249944982,36.94783920351054],[138.37106576018553,36.94701886916617],[138.37423970414716,36.93954737724235],[138.37487311763323,36.937097777919114],[138.3757556597551,36.936988107689146],[138.37859395414895,36.93581613899725],[138.3815118974959,36.93549757758953],[138.38481732555124,36.93756680021805],[138.3881545738358,36.93390703377993],[138.38789656188345,36.93171870563911],[138.38898104463405,36.930452837154185],[138.38982953363455,36.9284774651275],[138.39059646602797,36.92700577706622],[138.38983409880225,36.92532730146431],[138.39008273802887,36.92378057610129],[138.38873310611731,36.92228966931365],[138.38794088793477,36.92137554911559],[138.38679390640954,36.92010771651188],[138.38560321827637,36.920256961103554],[138.38584430797292,36.91908254780329],[138.38669452199449,36.91516686575465],[138.387680408632,36.915416828995596],[138.38943530428708,36.91461445734776],[138.39151555107088,36.91649767626519],[138.39241152398154,36.918686258278754],[138.39409975765602,36.918097011536545],[138.3940949205551,36.9175860804399],[138.39803550157,36.9164613049742],[138.39869871889064,36.91743831759528],[138.40209737269942,36.920759433562864],[138.40248523626784,36.921150294135074],[138.40305066694265,36.92225478846738],[138.40353698036077,36.923900985715036],[138.40373844607856,36.92434991534496],[138.40430786104682,36.925451306167666],[138.4046871383668,36.92644369532929],[138.40472029080834,36.92660593613058],[138.405073712205,36.92790555098917],[138.40532041126764,36.928274250074566],[138.40642709993242,36.92959642954522],[138.40828094162603,36.93114757007871],[138.40902600123843,36.93146630292074],[138.41100474579733,36.931982808860454],[138.41411878133474,36.93297090889816],[138.41699768229498,36.933798239325064],[138.41753102071985,36.933921748054324],[138.41782312508565,36.93399277825064],[138.41764387604525,36.9343727767737],[138.4171782764733,36.93516818132331],[138.41677747267468,36.93545698941904],[138.41474681980065,36.935843842138894],[138.4138607374208,36.93563860741669],[138.41258964609102,36.93722674053194],[138.41175767173343,36.93736159009694],[138.4106255597539,36.939156095657374],[138.40936920984873,36.939788236668164],[138.4088595706111,36.94103987885707],[138.41013961424628,36.94197485347476],[138.40921430314927,36.94299933188859],[138.40856385415782,36.94385398651831],[138.4069608008039,36.94392055197563],[138.40659713890255,36.947698450751794],[138.40780144110147,36.94870533964287],[138.40760550635736,36.94996847737528],[138.40821249058783,36.950440732518274],[138.40836438681586,36.95207348368906],[138.41012524504558,36.954214860480256],[138.4079084535248,36.95535184158678],[138.40527331543367,36.95673873852807],[138.4044503707344,36.95731927833126],[138.40382561326717,36.957901451813456],[138.40335439546791,36.95809010767101],[138.40291063041113,36.95830708839395],[138.40246317806665,36.958325522560166],[138.40235327630026,36.958325432763665],[138.4022747270731,36.95837584951583],[138.40229429722163,36.95842310733686],[138.4020900548599,36.95853312457072],[138.40123806908286,36.958774967867456],[138.4010066048999,36.958699231588575],[138.40087314950094,36.95870538582358],[138.40076709349347,36.95877457738475],[138.4005391736223,36.95899489682952],[138.4003428884615,36.959029370761435],[138.39997986402517,36.9590117480876],[138.3998542870839,36.9589958720916],[138.3996422364926,36.95907757557967],[138.39931233673747,36.95924739621864],[138.3924153400104,36.94938308875656],[138.39146433534006,36.94979712580786],[138.38702773925797,36.95079676063111],[138.385883213061,36.951870118792364],[138.38417155738603,36.9523522115047],[138.38245518298365,36.9536301907199],[138.3814433900806,36.95497363144238],[138.37990721952687,36.95530389006312],[138.37905061463255,36.95641097627439],[138.3675439311989,36.95811572779712],[138.36826864852557,36.95715592557447],[138.3663317819509,36.955052094877395],[138.3653519293443,36.95471655967648],[138.3637365746258,36.95337052759111],[138.36363181016813,36.95255067551808]],[[138.38531749196162,36.93802084278101],[138.3860859841459,36.9389049702354],[138.3890922794557,36.943267154229176],[138.3910820116651,36.94608549767799],[138.39230825358783,36.94794848254955],[138.39254516640602,36.947940740566835],[138.39269815511147,36.94794087839908],[138.3929796625582,36.94779848946963],[138.39228935634995,36.94735023051214],[138.39294671732478,36.94664972523692],[138.39298135406483,36.946586390268145],[138.39307532706397,36.94644777568386],[138.39341112395385,36.94629755015044],[138.39350012271439,36.946178784516874],[138.39363340729642,36.946155176677344],[138.3938409183059,36.94598892212035],[138.39416678992305,36.94587839357917],[138.39422102093584,36.945862106984826],[138.39424881317282,36.9458474872397],[138.39433690864905,36.945833906532876],[138.39456996327712,36.94582925505969],[138.39485902297392,36.94574438895302],[138.39495444622668,36.9455762040481],[138.39496669225727,36.945537562683306],[138.39498448137996,36.945413523625525],[138.3949823034479,36.94527524452753],[138.39479422191414,36.94483588888914],[138.39472007192217,36.944565043439404],[138.39480718478114,36.94427800473104],[138.39483449681663,36.94411919297806],[138.39484546960864,36.944025703551404],[138.3947860449912,36.94389082331719],[138.39471300817578,36.943799372061925],[138.39459265402692,36.943626348366564],[138.394552232787,36.94346536412585],[138.39453621146887,36.943293490134735],[138.3943088553378,36.943101855297684],[138.39413172306763,36.94283964675567],[138.39399904880517,36.94276116770319],[138.39399916695845,36.942676399543174],[138.3941538566658,36.9425111531538],[138.39415942342805,36.9424024501453],[138.39422328831375,36.94226873484581],[138.39427225322453,36.94213395187866],[138.39422917837334,36.94193586165228],[138.39399243677948,36.94167578240471],[138.39391399722209,36.941569119063246],[138.39387485651892,36.941459179353764],[138.39383442036512,36.94131129127716],[138.39370998433128,36.94116114572941],[138.3934187702573,36.94110322154954],[138.39328335936077,36.9410400165942],[138.39323201373992,36.94093992527141],[138.39333504551252,36.94089643562064],[138.39360338801666,36.940844505128226],[138.39387486003025,36.9404902522714],[138.39399957249492,36.940442486081935],[138.3942477760818,36.94024578266443],[138.39435089268738,36.94014800925131],[138.39447584193948,36.93992845326984],[138.39453300451027,36.939747983461515],[138.39485753639752,36.939222970225174],[138.3951234836219,36.938931723496694],[138.39525112694244,36.938718647148974],[138.39521612239943,36.93856639859838],[138.39502946326004,36.938342202204254],[138.3950349432546,36.93828778375541],[138.39534947836094,36.938137955864335],[138.3953334016892,36.93800529629645],[138.39536756479413,36.93778889836165],[138.3954031395068,36.9375344120226],[138.39535175898425,36.937460369564505],[138.39527610353764,36.937308085736134],[138.39528730755424,36.937044987298364],[138.3951615897704,36.93684147461807],[138.39511260940412,36.936013737568615],[138.394985415335,36.935904848926604],[138.39492604559527,36.935726456777296],[138.39516697723943,36.934903340672726],[138.39507932668482,36.93460417938574],[138.39497660338492,36.93443229665714],[138.39479531632534,36.93425591085623],[138.39474396771777,36.93416018348462],[138.39441555143162,36.933591080545426],[138.3943831473831,36.93351923750655],[138.39235316862985,36.933967099041205],[138.39228582541068,36.93397351422386],[138.39222651867306,36.934018873447236],[138.3920459415187,36.934111714771284],[138.39158006239978,36.9340788330239],[138.39133497226484,36.93408508631886],[138.39120014351943,36.9342059920773],[138.38972018443397,36.93516031913264],[138.38531749196162,36.93802084278101]]]}},{"type":"Feature","properties":{"KEY_CODE":"20213026001","PREF":"20","CITY":"213","CITY_NAME":"飯山市","S_NAME":"大字豊田","SETAI":"291"},"geometry":{"type":"MultiPolygon","coordinates":[[[[138.3465946545166,36.9257728248837],[138.34797344882776,36.925276544743205],[138.35226205215037,36.92316718827731],[138.35436679124797,36.921855743064874],[138.35460146392893,36.92087110642972],[138.35421889208658,36.91923282516913],[138.3544923303217,36.91796099992318],[138.3538236846431,36.916947366399455],[138.3539788911415,36.915719959394394],[138.3596053883111,36.911126327352385],[138.36382304059657,36.90907304892541],[138.36539445077895,36.907546278404524],[138.36647953133618,36.90773839572979],[138.3668247842597,36.906877335770155],[138.36817656425993,36.90849703438915],[138.3725663165191,36.90469031009973],[138.3734430394667,36.905351720299755],[138.37948708883894,36.909802079343464],[138.38036341144843,36.910429857923575],[138.38122991229386,36.91106163631295],[138.384259066693,36.91332566086184],[138.3847200883924,36.91371981782001],[138.38601775368096,36.91468246153306],[138.38669452199449,36.91516686575465],[138.38584430797292,36.91908254780329],[138.38560321827637,36.920256961103554],[138.38679390640954,36.92010771651188],[138.38794088793475,36.92137554911556],[138.38794088793477,36.92137554911554],[138.38873310611731,36.92228966931365],[138.39008273802887,36.92378057610129],[138.38983409880225,36.92532730146431],[138.39059646602797,36.92700577706622],[138.38982953363455,36.9284774651275],[138.38898104463405,36.930452837154185],[138.38789656188345,36.93171870563911],[138.3881545738358,36.93390703377993],[138.38481732555124,36.93756680021805],[138.3815118974959,36.93549757758953],[138.37859395414895,36.93581613899725],[138.3757556597551,36.936988107689146],[138.37487311763323,36.937097777919114],[138.37423970414716,36.93954737724235],[138.37106576018553,36.94701886916617],[138.36886249944982,36.94783920351054],[138.3644069179915,36.94933458913276],[138.3635920417283,36.946035844403575],[138.36484876901204,36.94539504840773],[138.36451713162958,36.94407511286407],[138.36235223663337,36.9415539981036],[138.3608461962659,36.941232222992845],[138.35981013071603,36.940139956643385],[138.3583833548207,36.93756768053211],[138.3578093253465,36.935827652850946],[138.3577714315993,36.93391155444707],[138.35693482818337,36.932805020462084],[138.35512059276107,36.93266770878179],[138.35328014944022,36.92997848217551],[138.3518243499713,36.92923062534668],[138.35014394264772,36.929538159194024],[138.34900059315422,36.92917501604544],[138.34803397023262,36.92716010214472],[138.3465946545166,36.9257728248837]],[[138.36587242600362,36.92236066256812],[138.36699942043649,36.923910476026485],[138.36587242600365,36.92236066256813],[138.3676577583063,36.921279023956195],[138.36587242600362,36.92236066256812]],[[138.37451781713057,36.91706822426601],[138.37469826291004,36.91722513921722],[138.37479740358668,36.91766626335501],[138.37479468743246,36.9174156875973],[138.37469826291004,36.9172251392172],[138.37451781713057,36.91706822426601]],[[138.38021953975192,36.925303349657185],[138.38029388443164,36.92544782756079],[138.38372752120284,36.92332496439669],[138.38021953975192,36.925303349657185]],[[138.38307828195562,36.91779310914227],[138.3851970615216,36.916289511064505],[138.38543939255734,36.91567137690549],[138.38519706152158,36.916289511064505],[138.38307828195562,36.91779310914227]],[[138.3863972126573,36.92296968732495],[138.38755804296264,36.92295030580495],[138.3863972126573,36.92296968732495],[138.3863972126573,36.92296968732495]]],[[[138.38531749196162,36.93802084278101],[138.38972018443397,36.93516031913264],[138.39120014351943,36.9342059920773],[138.39133497226484,36.93408508631886],[138.39158006239978,36.9340788330239],[138.3920459415187,36.934111714771284],[138.39222651867306,36.934018873447236],[138.39228582541068,36.93397351422386],[138.39235316862985,36.933967099041205],[138.39441555143162,36.933591080545426],[138.39474396771777,36.93416018348462],[138.39479531632534,36.93425591085623],[138.39497660338492,36.93443229665714],[138.39507932668482,36.93460417938574],[138.39516697723943,36.934903340672726],[138.39492604559527,36.935726456777296],[138.394985415335,36.935904848926604],[138.39511260940412,36.936013737568615],[138.3951615897704,36.93684147461807],[138.39528730755424,36.937044987298364],[138.39527610353764,36.937308085736134],[138.39535175898425,36.937460369564505],[138.3954031395068,36.9375344120226],[138.39536756479413,36.93778889836165],[138.3953334016892,36.93800529629645],[138.39534947836094,36.938137955864335],[138.3950349432546,36.93828778375541],[138.39502946326004,36.938342202204254],[138.39521612239943,36.93856639859838],[138.39525112694244,36.938718647148974],[138.3951234836219,36.938931723496694],[138.39485753639752,36.939222970225174],[138.39453300451027,36.939747983461515],[138.39447584193948,36.93992845326984],[138.39435089268738,36.94014800925131],[138.3942477760818,36.94024578266443],[138.39399957249492,36.940442486081935],[138.39387486003025,36.9404902522714],[138.39360338801666,36.940844505128226],[138.39333504551252,36.94089643562064],[138.39323201373992,36.94093992527141],[138.39328335936077,36.9410400165942],[138.3934187702573,36.94110322154954],[138.39370998433128,36.94116114572941],[138.39383442036512,36.94131129127716],[138.39387485651892,36.941459179353764],[138.39391399722209,36.941569119063246],[138.39399243677948,36.94167578240471],[138.39422917837334,36.94193586165228],[138.39427225322453,36.94213395187866],[138.39422328831375,36.94226873484581],[138.39415942342805,36.9424024501453],[138.3941538566658,36.9425111531538],[138.39399916695845,36.942676399543174],[138.39399904880517,36.94276116770319],[138.39413172306763,36.94283964675567],[138.3943088553378,36.943101855297684],[138.39453621146887,36.943293490134735],[138.394552232787,36.94346536412585],[138.39459265402692,36.943626348366564],[138.39471300817578,36.943799372061925],[138.3947860449912,36.94389082331719],[138.39484546960864,36.944025703551404],[138.39483449681663,36.94411919297806],[138.39480718478114,36.94427800473104],[138.39472007192217,36.944565043439404],[138.39479422191414,36.94483588888914],[138.3949823034479,36.94527524452753],[138.39498448137996,36.945413523625525],[138.39496669225727,36.945537562683306],[138.39495444622668,36.9455762040481],[138.39485902297392,36.94574438895302],[138.39456996327712,36.94582925505969],[138.39433690864905,36.945833906532876],[138.39424881317282,36.9458474872397],[138.39422102093584,36.945862106984826],[138.39416678992305,36.94587839357917],[138.3938409183059,36.94598892212035],[138.39363340729642,36.946155176677344],[138.39350012271439,36.946178784516874],[138.39341112395385,36.94629755015044],[138.39307532706397,36.94644777568386],[138.39298135406483,36.946586390268145],[138.39294671732478,36.94664972523692],[138.39228935634995,36.94735023051214],[138.3929796625582,36.94779848946963],[138.39269815511147,36.94794087839908],[138.39254516640602,36.947940740566835],[138.39230825358783,36.94794848254955],[138.3910820116651,36.94608549767799],[138.3890922794557,36.943267154229176],[138.3860859841459,36.9389049702354],[138.38531749196162,36.93802084278101]]]]}},{"type":"Feature","properties":{"KEY_CODE":"20213027009","PREF":"20","CITY":"213","CITY_NAME":"飯山市","S_NAME":"大字照岡","SETAI":"197"},"geometry":{"type":"Polygon","coordinates":[[[138.36725498160504,36.95986624026591],[138.3675439311989,36.95811572779712],[138.37905061463255,36.95641097627439],[138.37990721952687,36.95530389006312],[138.3814433900806,36.95497363144238],[138.38245518298365,36.9536301907199],[138.38417155738603,36.9523522115047],[138.385883213061,36.951870118792364],[138.38702773925797,36.95079676063111],[138.39146433534006,36.94979712580786],[138.3924153400104,36.94938308875656],[138.39931233673747,36.95924739621864],[138.40773234094627,36.96793699687395],[138.41217459130831,36.9732304166332],[138.41663248977426,36.978454079012565],[138.41682540889758,36.97868422332824],[138.42194702119193,36.984793591703465],[138.430053911576,36.9878615177335],[138.43078324225814,36.98786742348786],[138.43146799818896,36.98752162696628],[138.43156701071246,36.98676645143752],[138.43186220619162,36.986608838774984],[138.4323682741426,36.9863047595375],[138.43251607307607,36.98599492116232],[138.43320490683874,36.9855330918431],[138.43331837214734,36.98429333203447],[138.43374013483407,36.98396667238819],[138.43402164011417,36.98335817605677],[138.43451425754168,36.98231018637824],[138.43505555200227,36.98184269860783],[138.43528077458987,36.981324356303496],[138.43507031640445,36.98098609506696],[138.43490183171195,36.98086202542603],[138.43491627702832,36.9803773684662],[138.43498690946373,36.979915338168695],[138.4348327561744,36.97945312338198],[138.4350722305296,36.9786867529083],[138.43550800923248,36.97836015884448],[138.43546690678943,36.97710891754034],[138.43880391554026,36.97668914470867],[138.43546690678943,36.97710891754032],[138.43413951999315,36.975573844704556],[138.43517208099067,36.97396643101],[138.43437579203365,36.97294748176085],[138.43437870750554,36.971907687456785],[138.43538392913356,36.971154681020906],[138.43472471071945,36.970652849664035],[138.43125364961833,36.9706555183682],[138.4300756599131,36.96901527205706],[138.42861860682538,36.96826327760219],[138.4277848988148,36.967253533495544],[138.42775652718024,36.96352573508572],[138.42493127908406,36.96190575107995],[138.42525039734866,36.96104588234098],[138.4275800312445,36.96060017062104],[138.42850070775665,36.95946255394468],[138.4292137975713,36.957337519782676],[138.43118774135672,36.95529643550701],[138.4355142070359,36.95723666378901],[138.43798911831155,36.958236706098255],[138.43862363884242,36.958409870921066],[138.43899717516473,36.95843455698862],[138.43967948608315,36.95841961860621],[138.44069142680715,36.95852255194067],[138.44116770544582,36.95877975864174],[138.44171631939116,36.95915013854724],[138.44225052282482,36.95965371283881],[138.4426324176562,36.960011688762265],[138.44304388195556,36.96030251055891],[138.44356397076027,36.96062238804215],[138.44385341491744,36.96096208077194],[138.44428341755457,36.96182986659737],[138.44470442698156,36.9623990586634],[138.4456679094583,36.963083882163865],[138.44605128989554,36.9633514421631],[138.44688617808302,36.96391672340851],[138.44995095686008,36.96598154639767],[138.45233152516263,36.967829050783465],[138.45369169334677,36.9685615652097],[138.45642536563784,36.97176750012308],[138.458513738015,36.974011163594845],[138.45902131519395,36.974826122677214],[138.45963849290192,36.97545947659484],[138.46035077466507,36.97612052999129],[138.46104392847022,36.97641427616955],[138.46402025974857,36.976838632072074],[138.4666224116678,36.97699935677125],[138.46837146344123,36.97713952237604],[138.471076900219,36.97726997497127],[138.47163996700402,36.97728419213857],[138.47359609763777,36.97716509783167],[138.47411307594442,36.97711339409645],[138.4768597228827,36.976762783335545],[138.47763463262433,36.97659487560041],[138.4792399355734,36.97635219963572],[138.48090318213323,36.97649216317435],[138.48129691833827,36.9765206009405],[138.4824781127103,36.97660991405514],[138.48391420507394,36.976782188869066],[138.48477299657313,36.976982111551806],[138.48683932296336,36.97791459132016],[138.4888053608022,36.97927358988026],[138.49151864156838,36.98046652356635],[138.49372223062008,36.979658633579106],[138.49397461919997,36.98007987232851],[138.49404528591995,36.980278344103],[138.49483026104477,36.980693551917355],[138.49476965112666,36.9815237505365],[138.49459296418595,36.98161695789365],[138.49446673244876,36.98204218979047],[138.49414611390185,36.98312956008587],[138.49423697537242,36.98345764754718],[138.49396433585724,36.983858583546706],[138.49371439205112,36.98477586050183],[138.49283591383664,36.98524969964055],[138.49273493594686,36.98541570503874],[138.4913237202508,36.98686353550399],[138.4920228501738,36.98815753910348],[138.4917600993964,36.99038102026135],[138.4923709697406,36.990895361134065],[138.493845083575,36.993912741911],[138.49395862894252,36.99487868960536],[138.49526631902148,36.995911498185606],[138.49613469294044,36.99810658193849],[138.4960942622805,36.99884377890726],[138.49821252966933,37.0000520997054],[138.50029479047117,37.00066314640781],[138.50117287735273,37.00167294076837],[138.50456187811997,37.00413598848809],[138.50643158210832,37.003876742698495],[138.50742654639336,37.00520377750322],[138.50935286304943,37.00571848952749],[138.51209890248006,37.00745670471255],[138.51199876829673,37.008546481369756],[138.5125744775555,37.00990067279481],[138.51485360788146,37.011359585928126],[138.51527680047585,37.01266844366212],[138.51880968944778,37.01704307272501],[138.51925051113034,37.01864091332178],[138.52056598036097,37.018637138207914],[138.52231630688544,37.01949694898547],[138.52400108540715,37.01990568114344],[138.5261042903014,37.01969424494564],[138.52739969340269,37.02026791547389],[138.5283837973945,37.020649385549234],[138.5290619188849,37.02262128721769],[138.5300144534485,37.02370609705038],[138.5295162309416,37.02464218390789],[138.5280265910218,37.025529591194775],[138.52620438127738,37.02743445519825],[138.526429910874,37.028022974394325],[138.52556139680485,37.030487166788355],[138.52458001200634,37.03015522188588],[138.52286609176926,37.03029428137407],[138.52063141798885,37.02941003975649],[138.51984600613835,37.02787638011762],[138.51666533306792,37.02855993487365],[138.5148875448989,37.02955438957207],[138.5131037284203,37.02943932294379],[138.51294359416374,37.028019723662375],[138.51141567311583,37.02789284195033],[138.510822460621,37.02729385496326],[138.50890501441899,37.027679871428866],[138.50770553480982,37.02639435844004],[138.50605989436312,37.0264551783126],[138.50570659924972,37.02597611165531],[138.5042703101347,37.02625591645583],[138.50147039735972,37.02504856127633],[138.5008322011101,37.02582372418893],[138.4982299677507,37.02670959248087],[138.49690271289106,37.026412280946346],[138.4962529916657,37.02527355307469],[138.49468897011494,37.023777058905374],[138.49372086588124,37.023429566785794],[138.4920392898637,37.02092708393835],[138.48865830637635,37.02016459527251],[138.4864952530604,37.02069577591637],[138.48264930224872,37.01988407839395],[138.48216260829722,37.02141764288926],[138.48114121783595,37.0214636100344],[138.4779479504545,37.02019411588651],[138.47659569266983,37.0202977886182],[138.47512852353097,37.01983600320435],[138.47321575856967,37.01847450045961],[138.47065518435605,37.018497014505634],[138.46864874138072,37.01782170472743],[138.46522466163375,37.018778202578474],[138.46113938157086,37.01855781372051],[138.46060686964802,37.01906518137273],[138.45724027483976,37.01980233991616],[138.4552550826535,37.01974393052891],[138.45417773029746,37.01711354056125],[138.45102107984192,37.01571082214941],[138.4510071142614,37.015053241424035],[138.44703752583172,37.0141864946976],[138.44564995357246,37.01340730354387],[138.44239932091367,37.013048280699266],[138.43943840633983,37.010128358538154],[138.43733867909486,37.00972355926279],[138.43653422690937,37.00846586530554],[138.43439214276833,37.00721886977967],[138.43350037773092,37.00722985947531],[138.4307614801937,37.006046009570845],[138.42706468094391,37.00647063051872],[138.42607281879324,37.00588172486388],[138.42327586110807,37.00538968116974],[138.419826138865,37.00335725473294],[138.41838784842165,37.00340240907649],[138.41323913227757,37.002129376198575],[138.41245259771026,37.002579112587824],[138.41152732674598,37.00161031504714],[138.41118672446694,36.998778696490035],[138.4099100357768,36.99832737717199],[138.40902513626497,36.99888973166965],[138.40645772813275,36.997975802549625],[138.40395969810695,36.99775992860474],[138.40196634631494,36.99800592093738],[138.40009985112107,36.997846735051745],[138.39780610103648,36.99706237727602],[138.3940662606558,36.99667075591072],[138.39389957969934,36.9954097206557],[138.39493938663026,36.99452128534584],[138.39341839411628,36.99321964047589],[138.39247829219184,36.99306116077972],[138.39037572145133,36.99120176747344],[138.39094558640005,36.990149605929375],[138.39047157164643,36.987908831439206],[138.38851631999583,36.98621272664163],[138.38575407128673,36.98464520442366],[138.38414227837762,36.983315162774105],[138.38262055295834,36.98280146493071],[138.37917164859095,36.98086156750187],[138.38003537552717,36.97816789336774],[138.38217259006183,36.97645738210687],[138.38026704257803,36.97466381629812],[138.3798273777433,36.9738097159693],[138.37839426156884,36.972938686244845],[138.3769910397162,36.972889924088186],[138.37580830527165,36.972190629466674],[138.37577429294424,36.97083629192825],[138.3751600623946,36.97029423606552],[138.37440762535581,36.96835842718209],[138.37313416293844,36.967501359287084],[138.37158000892114,36.96522825995963],[138.36934135383842,36.96382011153538],[138.369149364965,36.96282774745133],[138.36725498160504,36.95986624026591]],[[138.4536609666883,36.98063114463399],[138.4546947706215,36.97983224233759],[138.4546947706215,36.979832242337565],[138.4536609666883,36.98063114463399]],[[138.4550496965235,36.98408141194814],[138.45722648989295,36.98315223128511],[138.45504969652353,36.98408141194811],[138.4550496965235,36.98408141194814]],[[138.45722648989295,36.98315223128511],[138.45872724195783,36.98247215895371],[138.46284357684428,36.98124547790733],[138.45872724195786,36.98247215895369],[138.45722648989295,36.98315223128511]],[[138.46284357684428,36.98124547790733],[138.46571984829552,36.9807704239487],[138.4696502272394,36.98103221516733],[138.46859966050081,36.98081361518092],[138.46571984829552,36.98077042394869],[138.46284357684428,36.98124547790733]]]}},{"type":"Feature","properties":{"KEY_CODE":"20213028001","PREF":"20","CITY":"213","CITY_NAME":"飯山市","S_NAME":"大字一山","SETAI":"147"},"geometry":{"type":"Polygon","coordinates":[[[138.39931233673747,36.95924739621864],[138.3996422364926,36.95907757557967],[138.3998542870839,36.9589958720916],[138.39997986402517,36.9590117480876],[138.4003428884615,36.959029370761435],[138.4005391736223,36.95899489682952],[138.40076709349347,36.95877457738475],[138.40087314950094,36.95870538582358],[138.4010066048999,36.958699231588575],[138.40123806908286,36.958774967867456],[138.4020900548599,36.95853312457072],[138.40229429722163,36.95842310733686],[138.4022747270731,36.95837584951583],[138.40235327630026,36.958325432763665],[138.40246317806665,36.958325522560166],[138.40291063041113,36.95830708839395],[138.40335439546791,36.95809010767101],[138.40382561326717,36.957901451813456],[138.4044503707344,36.95731927833126],[138.40527331543367,36.95673873852807],[138.4079084535248,36.95535184158678],[138.41012524504558,36.954214860480256],[138.40836438681586,36.95207348368906],[138.40821249058783,36.950440732518274],[138.40760550635736,36.94996847737528],[138.40780144110147,36.94870533964287],[138.40659713890255,36.947698450751794],[138.4069608008039,36.94392055197563],[138.40856385415782,36.94385398651831],[138.40921430314927,36.94299933188859],[138.41013961424628,36.94197485347476],[138.4088595706111,36.94103987885707],[138.40936920984873,36.939788236668164],[138.4106255597539,36.939156095657374],[138.41175767173343,36.93736159009694],[138.41258964609102,36.93722674053194],[138.4138607374208,36.93563860741669],[138.41474681980065,36.935843842138894],[138.41677747267468,36.93545698941904],[138.4171782764733,36.93516818132331],[138.41764387604525,36.9343727767737],[138.41782312508565,36.93399277825064],[138.41852587138348,36.93420053470082],[138.4191485775602,36.934428228278264],[138.42137182985456,36.93593971201307],[138.42066147980134,36.93730722875492],[138.42089139693437,36.939757577755145],[138.42167056393575,36.94361724953148],[138.4216915120959,36.945510749281844],[138.42265987803762,36.94707606026729],[138.4239362432875,36.947459248141286],[138.42418205352885,36.94746707907603],[138.42512781273578,36.946858953458396],[138.42570367037143,36.946458566103125],[138.4283918714461,36.94497965215878],[138.42938686111984,36.94464983023334],[138.4306653690468,36.94474689292488],[138.43117195514384,36.9450623880817],[138.43145419215543,36.94530256345963],[138.43198491033246,36.94587800655615],[138.43306076392935,36.946797826169856],[138.43397216832153,36.94840899896868],[138.43344315870263,36.94977147345869],[138.4301609825589,36.95263748501369],[138.42991014102512,36.95396651404995],[138.43118774135672,36.95529643550701],[138.4292137975713,36.957337519782676],[138.42850070775665,36.95946255394468],[138.4275800312445,36.96060017062104],[138.42525039734866,36.96104588234098],[138.42493127908406,36.96190575107995],[138.42775652718024,36.96352573508572],[138.4277848988148,36.967253533495544],[138.42861860682538,36.96826327760219],[138.4300756599131,36.96901527205706],[138.43125364961833,36.9706555183682],[138.43472471071945,36.970652849664035],[138.43538392913356,36.971154681020906],[138.43437870750554,36.971907687456785],[138.43437579203365,36.97294748176085],[138.43517208099067,36.97396643101],[138.43413951999315,36.975573844704556],[138.43546690678943,36.97710891754032],[138.43550800923248,36.97836015884448],[138.4350722305296,36.9786867529083],[138.4348327561744,36.97945312338198],[138.43498690946373,36.979915338168695],[138.43491627702832,36.9803773684662],[138.43490183171195,36.98086202542603],[138.43507031640445,36.98098609506696],[138.43528077458987,36.981324356303496],[138.43505555200227,36.98184269860783],[138.43451425754168,36.98231018637824],[138.43402164011417,36.98335817605677],[138.43374013483407,36.98396667238819],[138.43331837214734,36.98429333203447],[138.43320490683874,36.9855330918431],[138.43251607307607,36.98599492116232],[138.4323682741426,36.9863047595375],[138.43186220619162,36.986608838774984],[138.43156701071246,36.98676645143752],[138.43146799818896,36.98752162696628],[138.43078324225814,36.98786742348786],[138.430053911576,36.9878615177335],[138.42194702119193,36.98479359170348],[138.4168254088975,36.978684223328216],[138.41663248977426,36.978454079012565],[138.41217459130831,36.97323041663319],[138.40773234094627,36.967936996874],[138.39931233673747,36.95924739621864]],[[138.41801961753274,36.95827451375377],[138.41933225583492,36.95603482036065],[138.42027300733903,36.95519797613743],[138.41933225583492,36.956034820360635],[138.41801961753274,36.95827451375377]]]}}]}